"Tabela 6407 - População residente, por sexo e grupos de idade"
"Variável - População (Mil pessoas)"
"Grande Região, Unidade da Federação, Município e Região Metropolitana até 2020";"Grupo de idade";"Ano x Sexo"
"Grande Região, Unidade da Federação, Município e Região Metropolitana até 2020";"Grupo de idade";"2021";;"2022";;"2023";;"2024";;"2025"
"Grande Região, Unidade da Federação, Município e Região Metropolitana até 2020";"Grupo de idade";"Homens";"Mulheres";"Homens";"Mulheres";"Homens";"Mulheres";"Homens";"Mulheres";"Homens";"Mulheres"
"Norte";"0 a 4 anos";"778";"720";"764";"700";"752";"677";"739";"673";"720";"682"
"Norte";"5 a 13 anos";"1417";"1292";"1395";"1281";"1388";"1315";"1381";"1300";"1397";"1376"
"Norte";"5 a 9 anos";"806";"723";"760";"719";"771";"733";"769";"709";"768";"785"
"Norte";"10 a 13 anos";"611";"569";"635";"562";"617";"582";"611";"591";"628";"592"
"Norte";"14 a 17 anos";"694";"625";"694";"656";"668";"633";"671";"624";"630";"594"
"Norte";"14 a 15 anos";"336";"304";"349";"331";"328";"303";"337";"296";"304";"306"
"Norte";"16 a 17 anos";"358";"321";"345";"325";"340";"329";"334";"328";"325";"289"
"Norte";"18 a 19 anos";"331";"302";"334";"353";"319";"282";"301";"319";"327";"328"
"Norte";"20 a 24 anos";"827";"777";"815";"811";"782";"806";"806";"824";"806";"796"
"Norte";"25 a 29 anos";"816";"805";"741";"758";"768";"769";"750";"767";"743";"757"
"Norte";"30 a 39 anos";"1422";"1393";"1389";"1422";"1415";"1446";"1414";"1429";"1343";"1460"
"Norte";"40 a 49 anos";"1113";"1190";"1192";"1221";"1202";"1232";"1236";"1245";"1261";"1325"
"Norte";"50 a 59 anos";"818";"823";"818";"862";"871";"895";"877";"910";"892";"916"
"Norte";"60 anos ou mais";"840";"941";"874";"968";"916";"1039";"944";"1094";"990";"1088"
"Norte";"60 a 64 anos";"291";"307";"293";"317";"295";"341";"309";"368";"339";"334"
"Norte";"65 anos ou mais";"549";"634";"581";"651";"621";"699";"635";"725";"652";"754"
"Nordeste";"0 a 4 anos";"1979";"1990";"1971";"1961";"1972";"1891";"1833";"1788";"1822";"1671"
"Nordeste";"5 a 13 anos";"3926";"3869";"3858";"3690";"3843";"3729";"3788";"3628";"3799";"3628"
"Nordeste";"5 a 9 anos";"2170";"2059";"2085";"2039";"2141";"2053";"2092";"1996";"2081";"1988"
"Nordeste";"10 a 13 anos";"1755";"1810";"1773";"1651";"1702";"1676";"1697";"1631";"1718";"1640"
"Nordeste";"14 a 17 anos";"1965";"1767";"1867";"1755";"1858";"1765";"1776";"1712";"1778";"1657"
"Nordeste";"14 a 15 anos";"956";"891";"927";"881";"907";"877";"899";"805";"855";"806"
"Nordeste";"16 a 17 anos";"1008";"877";"939";"873";"951";"887";"877";"907";"924";"852"
"Nordeste";"18 a 19 anos";"897";"912";"926";"879";"858";"856";"878";"836";"846";"886"
"Nordeste";"20 a 24 anos";"2377";"2311";"2190";"2254";"2227";"2279";"2201";"2250";"2149";"2125"
"Nordeste";"25 a 29 anos";"2155";"2386";"2197";"2259";"2087";"2233";"2151";"2212";"2043";"2193"
"Nordeste";"30 a 39 anos";"4271";"4582";"4235";"4577";"4176";"4614";"4199";"4474";"4090";"4492"
"Nordeste";"40 a 49 anos";"3745";"4041";"3898";"4129";"3847";"4273";"3868";"4319";"4036";"4381"
"Nordeste";"50 a 59 anos";"2771";"3205";"2873";"3217";"2887";"3336";"2966";"3470";"3016";"3443"
"Nordeste";"60 anos ou mais";"3266";"4128";"3461";"4479";"3563";"4503";"3781";"4808";"3967";"5048"
"Nordeste";"60 a 64 anos";"1027";"1160";"1089";"1317";"1151";"1291";"1231";"1448";"1232";"1451"
"Nordeste";"65 anos ou mais";"2238";"2968";"2371";"3162";"2412";"3213";"2549";"3361";"2735";"3597"
"Sudeste";"0 a 4 anos";"2765";"2577";"2757";"2565";"2580";"2482";"2568";"2398";"2441";"2366"
"Sudeste";"5 a 13 anos";"5119";"4867";"5179";"4899";"5162";"4871";"5186";"4840";"5086";"4856"
"Sudeste";"5 a 9 anos";"2825";"2767";"2886";"2674";"2861";"2720";"2846";"2661";"2772";"2641"
"Sudeste";"10 a 13 anos";"2294";"2100";"2292";"2226";"2301";"2151";"2340";"2179";"2314";"2215"
"Sudeste";"14 a 17 anos";"2335";"2410";"2313";"2218";"2331";"2206";"2384";"2252";"2321";"2181"
"Sudeste";"14 a 15 anos";"1150";"1242";"1147";"1057";"1142";"1120";"1178";"1172";"1182";"1054"
"Sudeste";"16 a 17 anos";"1185";"1168";"1166";"1162";"1190";"1086";"1206";"1080";"1139";"1127"
"Sudeste";"18 a 19 anos";"1288";"1160";"1194";"1163";"1218";"1151";"1169";"1073";"1157";"1083"
"Sudeste";"20 a 24 anos";"3348";"3417";"3340";"3262";"3232";"3082";"3168";"3029";"3139";"3013"
"Sudeste";"25 a 29 anos";"3321";"3212";"3326";"3391";"3442";"3287";"3367";"3264";"3387";"3298"
"Sudeste";"30 a 39 anos";"6811";"7098";"6866";"6945";"6685";"6851";"6645";"6842";"6810";"6757"
"Sudeste";"40 a 49 anos";"6212";"6686";"6185";"6768";"6444";"6869";"6554";"7008";"6719";"7043"
"Sudeste";"50 a 59 anos";"5034";"5679";"5086";"5771";"5207";"5778";"5201";"5772";"5201";"5843"
"Sudeste";"60 anos ou mais";"6380";"8275";"6474";"8453";"6703";"8783";"6892";"8981";"6994";"9105"
"Sudeste";"60 a 64 anos";"2089";"2491";"2127";"2472";"2185";"2592";"2161";"2489";"2182";"2612"
"Sudeste";"65 anos ou mais";"4291";"5784";"4348";"5980";"4518";"6191";"4731";"6492";"4812";"6492"
"Sul";"0 a 4 anos";"1024";"966";"953";"936";"937";"956";"906";"911";"924";"896"
"Sul";"5 a 13 anos";"1847";"1735";"1830";"1800";"1859";"1791";"1860";"1838";"1881";"1712"
"Sul";"5 a 9 anos";"1037";"988";"1062";"1018";"1058";"1007";"1075";"1057";"1054";"951"
"Sul";"10 a 13 anos";"810";"746";"768";"782";"800";"784";"784";"781";"827";"761"
"Sul";"14 a 17 anos";"844";"792";"856";"766";"819";"779";"789";"770";"790";"771"
"Sul";"14 a 15 anos";"420";"409";"421";"360";"409";"402";"391";"378";"399";"391"
"Sul";"16 a 17 anos";"424";"383";"435";"406";"410";"377";"398";"392";"392";"380"
"Sul";"18 a 19 anos";"416";"380";"414";"412";"422";"393";"396";"388";"357";"390"
"Sul";"20 a 24 anos";"1101";"1059";"1188";"1128";"1207";"1117";"1153";"1031";"1147";"1043"
"Sul";"25 a 29 anos";"1182";"1177";"1203";"1152";"1194";"1206";"1188";"1203";"1249";"1236"
"Sul";"30 a 39 anos";"2484";"2440";"2381";"2445";"2464";"2417";"2423";"2426";"2416";"2358"
"Sul";"40 a 49 anos";"2126";"2155";"2185";"2202";"2213";"2220";"2303";"2287";"2214";"2356"
"Sul";"50 a 59 anos";"1866";"1961";"1816";"1954";"1776";"1936";"1862";"1944";"1856";"1998"
"Sul";"60 anos ou mais";"2201";"2728";"2272";"2765";"2319";"2834";"2423";"2966";"2511";"3162"
"Sul";"60 a 64 anos";"737";"851";"743";"852";"732";"843";"772";"908";"811";"931"
"Sul";"65 anos ou mais";"1464";"1877";"1529";"1913";"1587";"1990";"1651";"2058";"1699";"2231"
"Centro-Oeste";"0 a 4 anos";"648";"609";"604";"563";"604";"524";"593";"565";"556";"553"
"Centro-Oeste";"5 a 13 anos";"1116";"1031";"1113";"1075";"1104";"1020";"1131";"1111";"1112";"1079"
"Centro-Oeste";"5 a 9 anos";"634";"581";"652";"644";"613";"581";"631";"645";"620";"592"
"Centro-Oeste";"10 a 13 anos";"482";"450";"461";"430";"491";"439";"500";"467";"491";"486"
"Centro-Oeste";"14 a 17 anos";"470";"501";"509";"509";"479";"502";"507";"485";"525";"459"
"Centro-Oeste";"14 a 15 anos";"226";"268";"250";"247";"240";"240";"257";"232";"253";"229"
"Centro-Oeste";"16 a 17 anos";"244";"234";"258";"262";"239";"262";"250";"253";"272";"230"
"Centro-Oeste";"18 a 19 anos";"251";"247";"240";"238";"248";"255";"225";"240";"263";"250"
"Centro-Oeste";"20 a 24 anos";"677";"642";"714";"637";"689";"663";"689";"659";"660";"671"
"Centro-Oeste";"25 a 29 anos";"686";"678";"699";"686";"671";"725";"709";"744";"734";"662"
"Centro-Oeste";"30 a 39 anos";"1318";"1353";"1349";"1367";"1393";"1320";"1371";"1372";"1320";"1381"
"Centro-Oeste";"40 a 49 anos";"1143";"1227";"1167";"1278";"1210";"1294";"1232";"1305";"1211";"1300"
"Centro-Oeste";"50 a 59 anos";"853";"962";"881";"970";"885";"981";"872";"976";"974";"1024"
"Centro-Oeste";"60 anos ou mais";"934";"1107";"939";"1071";"1002";"1206";"979";"1184";"1078";"1306"
"Centro-Oeste";"60 a 64 anos";"315";"352";"321";"349";"333";"391";"343";"390";"366";"409"
"Centro-Oeste";"65 anos ou mais";"619";"755";"618";"722";"669";"815";"636";"794";"712";"897"
"Rondônia";"0 a 4 anos";"75";"65";"58";"59";"58";"49";"68";"57";"67";"52"
"Rondônia";"5 a 13 anos";"110";"113";"124";"108";"110";"103";"123";"103";"115";"116"
"Rondônia";"5 a 9 anos";"55";"65";"73";"59";"56";"61";"70";"61";"66";"74"
"Rondônia";"10 a 13 anos";"55";"49";"51";"49";"54";"42";"52";"42";"49";"42"
"Rondônia";"14 a 17 anos";"74";"56";"58";"56";"51";"58";"54";"51";"55";"57"
"Rondônia";"14 a 15 anos";"33";"28";"30";"28";"23";"32";"32";"26";"28";"30"
"Rondônia";"16 a 17 anos";"40";"28";"28";"28";"27";"26";"22";"25";"26";"27"
"Rondônia";"18 a 19 anos";"25";"27";"27";"30";"28";"24";"26";"24";"27";"27"
"Rondônia";"20 a 24 anos";"71";"82";"78";"68";"68";"61";"65";"69";"73";"64"
"Rondônia";"25 a 29 anos";"73";"78";"60";"70";"73";"69";"67";"76";"67";"67"
"Rondônia";"30 a 39 anos";"135";"130";"139";"130";"122";"129";"130";"129";"127";"142"
"Rondônia";"40 a 49 anos";"108";"129";"120";"131";"126";"123";"124";"125";"119";"136"
"Rondônia";"50 a 59 anos";"85";"89";"88";"99";"111";"112";"95";"102";"95";"100"
"Rondônia";"60 anos ou mais";"99";"93";"110";"108";"119";"134";"115";"131";"113";"119"
"Rondônia";"60 a 64 anos";"37";"33";"38";"36";"39";"45";"39";"44";"39";"41"
"Rondônia";"65 anos ou mais";"62";"60";"72";"71";"80";"89";"76";"87";"73";"78"
"Acre";"0 a 4 anos";"40";"32";"40";"31";"33";"36";"36";"34";"33";"35"
"Acre";"5 a 13 anos";"76";"63";"74";"67";"67";"71";"72";"69";"71";"69"
"Acre";"5 a 9 anos";"41";"35";"41";"38";"36";"35";"40";"37";"37";"40"
"Acre";"10 a 13 anos";"35";"28";"32";"29";"31";"36";"32";"32";"34";"29"
"Acre";"14 a 17 anos";"30";"30";"34";"32";"36";"34";"33";"27";"29";"29"
"Acre";"14 a 15 anos";"15";"15";"17";"18";"17";"17";"15";"12";"14";"17"
"Acre";"16 a 17 anos";"15";"15";"17";"15";"18";"17";"18";"15";"14";"12"
"Acre";"18 a 19 anos";"17";"16";"19";"17";"16";"14";"19";"18";"16";"19"
"Acre";"20 a 24 anos";"39";"44";"38";"38";"45";"39";"41";"38";"38";"43"
"Acre";"25 a 29 anos";"38";"37";"35";"31";"28";"37";"33";"37";"36";"35"
"Acre";"30 a 39 anos";"68";"64";"62";"70";"61";"64";"59";"64";"63";"71"
"Acre";"40 a 49 anos";"48";"56";"56";"56";"56";"62";"58";"59";"54";"57"
"Acre";"50 a 59 anos";"37";"40";"32";"37";"35";"39";"37";"40";"38";"41"
"Acre";"60 anos ou mais";"34";"38";"39";"44";"41";"42";"41";"46";"40";"45"
"Acre";"60 a 64 anos";"13";"12";"13";"14";"13";"12";"13";"15";"13";"15"
"Acre";"65 anos ou mais";"21";"26";"25";"31";"29";"29";"28";"31";"27";"30"
"Amazonas";"0 a 4 anos";"162";"158";"182";"178";"197";"153";"167";"152";"158";"174"
"Amazonas";"5 a 13 anos";"353";"292";"336";"304";"329";"314";"315";"295";"348";"311"
"Amazonas";"5 a 9 anos";"209";"160";"186";"169";"186";"169";"171";"155";"184";"177"
"Amazonas";"10 a 13 anos";"144";"132";"149";"135";"143";"145";"144";"140";"163";"134"
"Amazonas";"14 a 17 anos";"171";"135";"155";"138";"160";"152";"152";"141";"139";"136"
"Amazonas";"14 a 15 anos";"90";"60";"74";"68";"76";"65";"71";"62";"65";"68"
"Amazonas";"16 a 17 anos";"81";"75";"81";"70";"85";"87";"81";"79";"74";"68"
"Amazonas";"18 a 19 anos";"83";"75";"73";"81";"77";"72";"71";"75";"79";"82"
"Amazonas";"20 a 24 anos";"182";"183";"175";"187";"184";"201";"198";"180";"157";"173"
"Amazonas";"25 a 29 anos";"176";"168";"179";"165";"176";"162";"170";"187";"159";"181"
"Amazonas";"30 a 39 anos";"314";"292";"302";"331";"305";"302";"312";"317";"320";"321"
"Amazonas";"40 a 49 anos";"254";"269";"261";"276";"283";"280";"267";"281";"274";"299"
"Amazonas";"50 a 59 anos";"187";"174";"168";"181";"183";"179";"192";"200";"188";"202"
"Amazonas";"60 anos ou mais";"177";"195";"166";"201";"170";"198";"203";"242";"213";"241"
"Amazonas";"60 a 64 anos";"65";"66";"58";"65";"56";"63";"66";"87";"79";"71"
"Amazonas";"65 anos ou mais";"112";"129";"108";"135";"113";"135";"136";"155";"134";"171"
"Roraima";"0 a 4 anos";"30";"27";"31";"26";"26";"28";"25";"25";"28";"26"
"Roraima";"5 a 13 anos";"46";"47";"49";"44";"56";"48";"56";"53";"50";"47"
"Roraima";"5 a 9 anos";"27";"29";"30";"27";"30";"28";"33";"29";"29";"26"
"Roraima";"10 a 13 anos";"19";"18";"19";"17";"26";"21";"23";"24";"21";"21"
"Roraima";"14 a 17 anos";"17";"19";"18";"22";"19";"18";"23";"21";"22";"20"
"Roraima";"14 a 15 anos";"10";"10";"8";"12";"10";"10";"12";"13";"11";"9"
"Roraima";"16 a 17 anos";"7";"10";"10";"10";"10";"8";"12";"9";"10";"10"
"Roraima";"18 a 19 anos";"10";"11";"9";"12";"10";"9";"14";"15";"10";"11"
"Roraima";"20 a 24 anos";"32";"28";"29";"30";"29";"25";"28";"28";"29";"28"
"Roraima";"25 a 29 anos";"27";"25";"25";"30";"24";"30";"25";"26";"30";"28"
"Roraima";"30 a 39 anos";"49";"50";"46";"50";"50";"49";"48";"52";"50";"59"
"Roraima";"40 a 49 anos";"30";"37";"41";"35";"39";"41";"43";"42";"44";"39"
"Roraima";"50 a 59 anos";"20";"24";"24";"24";"31";"25";"26";"26";"29";"35"
"Roraima";"60 anos ou mais";"23";"21";"23";"24";"25";"25";"23";"28";"29";"33"
"Roraima";"60 a 64 anos";"9";"9";"7";"6";"8";"10";"8";"9";"9";"13"
"Roraima";"65 anos ou mais";"14";"12";"16";"17";"16";"16";"15";"18";"20";"20"
"Pará";"0 a 4 anos";"358";"342";"361";"313";"359";"321";"348";"319";"354";"309"
"Pará";"5 a 13 anos";"674";"607";"650";"601";"653";"613";"642";"617";"631";"679"
"Pará";"5 a 9 anos";"381";"331";"340";"341";"361";"347";"360";"337";"354";"383"
"Pará";"10 a 13 anos";"293";"276";"310";"260";"291";"266";"282";"280";"277";"296"
"Pará";"14 a 17 anos";"332";"298";"342";"322";"321";"291";"324";"317";"314";"281"
"Pará";"14 a 15 anos";"154";"138";"178";"164";"164";"146";"163";"151";"152";"143"
"Pará";"16 a 17 anos";"177";"160";"164";"158";"158";"145";"161";"166";"162";"138"
"Pará";"18 a 19 anos";"162";"130";"165";"174";"150";"123";"130";"154";"154";"153"
"Pará";"20 a 24 anos";"402";"344";"383";"382";"355";"378";"375";"394";"404";"379"
"Pará";"25 a 29 anos";"395";"402";"342";"364";"362";"381";"356";"339";"346";"349"
"Pará";"30 a 39 anos";"665";"668";"671";"653";"694";"716";"674";"692";"604";"683"
"Pará";"40 a 49 anos";"527";"550";"553";"568";"547";"561";"586";"581";"613";"615"
"Pará";"50 a 59 anos";"385";"389";"391";"411";"392";"411";"403";"413";"411";"417"
"Pará";"60 anos ou mais";"382";"460";"414";"457";"430";"505";"435";"512";"458";"504"
"Pará";"60 a 64 anos";"126";"150";"134";"153";"135";"169";"144";"168";"155";"146"
"Pará";"65 anos ou mais";"256";"310";"280";"305";"295";"336";"291";"344";"304";"357"
"Amapá";"0 a 4 anos";"41";"37";"42";"33";"23";"27";"35";"35";"25";"27"
"Amapá";"5 a 13 anos";"52";"65";"60";"55";"57";"53";"70";"66";"68";"56"
"Amapá";"5 a 9 anos";"33";"42";"34";"33";"35";"30";"39";"38";"32";"32"
"Amapá";"10 a 13 anos";"20";"23";"26";"23";"21";"23";"32";"28";"36";"24"
"Amapá";"14 a 17 anos";"22";"34";"30";"28";"29";"30";"26";"21";"27";"28"
"Amapá";"14 a 15 anos";"12";"23";"16";"13";"14";"12";"14";"11";"12";"14"
"Amapá";"16 a 17 anos";"10";"10";"14";"15";"15";"18";"12";"10";"15";"13"
"Amapá";"18 a 19 anos";"12";"15";"17";"13";"13";"15";"14";"11";"12";"11"
"Amapá";"20 a 24 anos";"42";"36";"38";"35";"40";"49";"33";"44";"38";"37"
"Amapá";"25 a 29 anos";"38";"33";"36";"40";"41";"35";"35";"33";"35";"37"
"Amapá";"30 a 39 anos";"69";"69";"60";"66";"58";"55";"60";"62";"57";"66"
"Amapá";"40 a 49 anos";"44";"47";"50";"48";"45";"57";"49";"50";"51";"57"
"Amapá";"50 a 59 anos";"27";"30";"32";"34";"40";"44";"37";"39";"43";"42"
"Amapá";"60 anos ou mais";"29";"38";"33";"38";"38";"42";"33";"41";"38";"44"
"Amapá";"60 a 64 anos";"13";"13";"13";"14";"13";"13";"8";"12";"12";"18"
"Amapá";"65 anos ou mais";"16";"25";"20";"24";"24";"29";"24";"29";"26";"26"
"Tocantins";"0 a 4 anos";"72";"59";"51";"59";"57";"63";"60";"50";"55";"57"
"Tocantins";"5 a 13 anos";"104";"104";"103";"102";"117";"113";"103";"97";"114";"99"
"Tocantins";"5 a 9 anos";"60";"60";"55";"54";"66";"63";"56";"52";"65";"53"
"Tocantins";"10 a 13 anos";"45";"44";"47";"48";"51";"49";"47";"45";"49";"46"
"Tocantins";"14 a 17 anos";"48";"52";"55";"58";"52";"50";"59";"45";"45";"44"
"Tocantins";"14 a 15 anos";"22";"29";"25";"28";"25";"21";"30";"21";"22";"24"
"Tocantins";"16 a 17 anos";"26";"23";"30";"30";"27";"29";"30";"24";"24";"20"
"Tocantins";"18 a 19 anos";"21";"27";"24";"26";"23";"24";"26";"22";"27";"25"
"Tocantins";"20 a 24 anos";"59";"60";"75";"70";"62";"53";"66";"71";"67";"73"
"Tocantins";"25 a 29 anos";"70";"62";"63";"59";"64";"56";"65";"69";"69";"59"
"Tocantins";"30 a 39 anos";"122";"120";"110";"122";"124";"130";"131";"113";"122";"118"
"Tocantins";"40 a 49 anos";"103";"103";"111";"107";"105";"108";"108";"106";"106";"121"
"Tocantins";"50 a 59 anos";"77";"77";"83";"76";"80";"84";"87";"90";"88";"79"
"Tocantins";"60 anos ou mais";"96";"96";"91";"96";"94";"93";"95";"94";"99";"103"
"Tocantins";"60 a 64 anos";"28";"25";"30";"28";"30";"28";"30";"33";"31";"31"
"Tocantins";"65 anos ou mais";"68";"72";"61";"68";"64";"65";"65";"61";"67";"72"
"Maranhão";"0 a 4 anos";"271";"277";"264";"257";"263";"264";"246";"269";"261";"244"
"Maranhão";"5 a 13 anos";"581";"534";"567";"500";"506";"520";"521";"525";"502";"489"
"Maranhão";"5 a 9 anos";"315";"274";"307";"267";"277";"273";"289";"288";"279";"275"
"Maranhão";"10 a 13 anos";"267";"259";"260";"232";"228";"247";"232";"236";"223";"214"
"Maranhão";"14 a 17 anos";"299";"263";"287";"263";"251";"263";"245";"249";"227";"235"
"Maranhão";"14 a 15 anos";"145";"133";"149";"134";"118";"125";"125";"125";"119";"121"
"Maranhão";"16 a 17 anos";"154";"130";"139";"129";"134";"137";"120";"124";"108";"114"
"Maranhão";"18 a 19 anos";"132";"122";"135";"123";"117";"132";"129";"112";"117";"131"
"Maranhão";"20 a 24 anos";"296";"317";"268";"299";"276";"318";"285";"288";"268";"291"
"Maranhão";"25 a 29 anos";"258";"281";"254";"264";"272";"267";"254";"272";"262";"275"
"Maranhão";"30 a 39 anos";"527";"546";"516";"569";"518";"565";"537";"570";"505";"551"
"Maranhão";"40 a 49 anos";"419";"485";"446";"470";"453";"513";"431";"467";"483";"504"
"Maranhão";"50 a 59 anos";"275";"311";"305";"337";"309";"334";"307";"355";"330";"367"
"Maranhão";"60 anos ou mais";"340";"411";"378";"451";"377";"441";"414";"489";"411";"521"
"Maranhão";"60 a 64 anos";"119";"125";"118";"137";"124";"135";"129";"152";"122";"158"
"Maranhão";"65 anos ou mais";"222";"286";"260";"314";"252";"307";"285";"337";"289";"363"
"Piauí";"0 a 4 anos";"119";"116";"128";"97";"112";"108";"126";"105";"105";"108"
"Piauí";"5 a 13 anos";"220";"240";"236";"233";"212";"212";"231";"213";"230";"209"
"Piauí";"5 a 9 anos";"117";"126";"124";"135";"113";"121";"134";"118";"125";"113"
"Piauí";"10 a 13 anos";"104";"114";"111";"98";"99";"92";"97";"95";"105";"96"
"Piauí";"14 a 17 anos";"120";"106";"118";"102";"104";"104";"112";"99";"106";"91"
"Piauí";"14 a 15 anos";"64";"56";"56";"51";"48";"50";"57";"45";"55";"51"
"Piauí";"16 a 17 anos";"56";"49";"63";"52";"56";"54";"56";"54";"50";"40"
"Piauí";"18 a 19 anos";"49";"48";"55";"42";"47";"55";"48";"56";"48";"52"
"Piauí";"20 a 24 anos";"162";"131";"131";"142";"146";"139";"110";"132";"137";"128"
"Piauí";"25 a 29 anos";"128";"127";"122";"121";"128";"121";"155";"136";"116";"105"
"Piauí";"30 a 39 anos";"240";"252";"261";"256";"256";"264";"257";"264";"240";"255"
"Piauí";"40 a 49 anos";"204";"227";"242";"248";"222";"247";"229";"237";"249";"263"
"Piauí";"50 a 59 anos";"169";"202";"171";"185";"183";"206";"170";"180";"191";"204"
"Piauí";"60 anos ou mais";"219";"267";"206";"260";"220";"279";"232";"281";"250";"296"
"Piauí";"60 a 64 anos";"72";"95";"61";"80";"66";"82";"68";"89";"78";"75"
"Piauí";"65 anos ou mais";"148";"172";"145";"180";"155";"197";"164";"192";"173";"220"
"Ceará";"0 a 4 anos";"298";"315";"283";"309";"319";"295";"297";"265";"301";"265"
"Ceará";"5 a 13 anos";"597";"666";"576";"554";"609";"569";"604";"541";"613";"554"
"Ceará";"5 a 9 anos";"330";"341";"307";"299";"333";"313";"325";"286";"344";"306"
"Ceará";"10 a 13 anos";"267";"325";"269";"255";"276";"255";"279";"255";"269";"248"
"Ceará";"14 a 17 anos";"296";"307";"283";"299";"284";"266";"275";"261";"283";"271"
"Ceará";"14 a 15 anos";"146";"142";"139";"140";"132";"137";"133";"119";"135";"133"
"Ceará";"16 a 17 anos";"150";"164";"144";"158";"152";"129";"142";"143";"148";"138"
"Ceará";"18 a 19 anos";"130";"125";"147";"129";"138";"120";"123";"127";"131";"134"
"Ceará";"20 a 24 anos";"386";"367";"383";"347";"364";"337";"376";"340";"340";"340"
"Ceará";"25 a 29 anos";"347";"428";"373";"375";"361";"370";"356";"349";"334";"384"
"Ceará";"30 a 39 anos";"686";"708";"715";"718";"704";"788";"683";"715";"680";"756"
"Ceará";"40 a 49 anos";"644";"653";"564";"665";"616";"649";"603";"700";"594";"682"
"Ceará";"50 a 59 anos";"415";"528";"485";"570";"467";"573";"489";"588";"488";"582"
"Ceará";"60 anos ou mais";"542";"676";"605";"767";"591";"761";"656";"867";"668";"852"
"Ceará";"60 a 64 anos";"161";"182";"172";"233";"192";"215";"226";"265";"217";"238"
"Ceará";"65 anos ou mais";"381";"495";"433";"534";"400";"546";"430";"602";"450";"614"
"Rio Grande do Norte";"0 a 4 anos";"114";"94";"117";"107";"116";"122";"90";"99";"118";"89"
"Rio Grande do Norte";"5 a 13 anos";"219";"235";"229";"206";"220";"218";"229";"204";"195";"199"
"Rio Grande do Norte";"5 a 9 anos";"122";"133";"120";"116";"128";"113";"132";"109";"116";"107"
"Rio Grande do Norte";"10 a 13 anos";"98";"102";"110";"91";"92";"105";"97";"95";"79";"92"
"Rio Grande do Norte";"14 a 17 anos";"103";"100";"100";"96";"120";"107";"93";"106";"111";"91"
"Rio Grande do Norte";"14 a 15 anos";"55";"53";"50";"49";"54";"62";"51";"51";"53";"41"
"Rio Grande do Norte";"16 a 17 anos";"48";"47";"50";"47";"66";"45";"43";"55";"57";"50"
"Rio Grande do Norte";"18 a 19 anos";"48";"61";"63";"51";"51";"44";"49";"43";"49";"53"
"Rio Grande do Norte";"20 a 24 anos";"139";"125";"122";"127";"116";"127";"125";"129";"120";"141"
"Rio Grande do Norte";"25 a 29 anos";"144";"154";"152";"142";"138";"136";"126";"116";"134";"126"
"Rio Grande do Norte";"30 a 39 anos";"255";"278";"271";"277";"262";"276";"268";"272";"251";"269"
"Rio Grande do Norte";"40 a 49 anos";"254";"248";"225";"236";"221";"244";"250";"292";"236";"266"
"Rio Grande do Norte";"50 a 59 anos";"184";"197";"180";"213";"186";"208";"188";"215";"195";"213"
"Rio Grande do Norte";"60 anos ou mais";"201";"266";"228";"287";"230";"293";"245";"308";"259";"341"
"Rio Grande do Norte";"60 a 64 anos";"70";"88";"78";"71";"71";"75";"84";"88";"82";"94"
"Rio Grande do Norte";"65 anos ou mais";"132";"178";"149";"216";"160";"218";"161";"220";"177";"247"
"Paraíba";"0 a 4 anos";"149";"144";"142";"149";"137";"137";"151";"130";"132";"145"
"Paraíba";"5 a 13 anos";"263";"277";"278";"270";"280";"278";"279";"247";"279";"277"
"Paraíba";"5 a 9 anos";"154";"132";"156";"145";"151";"156";"155";"134";"151";"141"
"Paraíba";"10 a 13 anos";"109";"146";"122";"125";"129";"121";"124";"112";"128";"136"
"Paraíba";"14 a 17 anos";"146";"117";"136";"124";"120";"111";"134";"127";"135";"120"
"Paraíba";"14 a 15 anos";"67";"70";"68";"63";"63";"53";"68";"63";"63";"57"
"Paraíba";"16 a 17 anos";"79";"47";"68";"61";"57";"58";"65";"64";"71";"63"
"Paraíba";"18 a 19 anos";"59";"58";"68";"58";"56";"55";"68";"50";"63";"68"
"Paraíba";"20 a 24 anos";"159";"168";"167";"158";"155";"160";"169";"158";"160";"154"
"Paraíba";"25 a 29 anos";"166";"170";"156";"169";"130";"167";"156";"160";"155";"151"
"Paraíba";"30 a 39 anos";"310";"313";"304";"312";"331";"336";"317";"315";"296";"323"
"Paraíba";"40 a 49 anos";"261";"284";"315";"313";"284";"317";"285";"318";"300";"317"
"Paraíba";"50 a 59 anos";"240";"231";"196";"216";"205";"242";"211";"232";"215";"251"
"Paraíba";"60 anos ou mais";"237";"312";"236";"317";"262";"336";"277";"337";"258";"344"
"Paraíba";"60 a 64 anos";"81";"93";"70";"88";"84";"95";"81";"100";"92";"101"
"Paraíba";"65 anos ou mais";"156";"219";"166";"229";"178";"241";"196";"237";"165";"243"
"Pernambuco";"0 a 4 anos";"343";"342";"326";"324";"338";"312";"285";"299";"282";"258"
"Pernambuco";"5 a 13 anos";"638";"635";"637";"585";"641";"583";"628";"601";"654";"615"
"Pernambuco";"5 a 9 anos";"367";"341";"336";"331";"363";"328";"351";"347";"345";"337"
"Pernambuco";"10 a 13 anos";"271";"294";"302";"254";"279";"255";"277";"254";"308";"279"
"Pernambuco";"14 a 17 anos";"307";"283";"285";"289";"312";"277";"293";"254";"308";"254"
"Pernambuco";"14 a 15 anos";"151";"133";"143";"144";"163";"139";"141";"128";"142";"117"
"Pernambuco";"16 a 17 anos";"156";"150";"142";"145";"150";"139";"153";"127";"166";"137"
"Pernambuco";"18 a 19 anos";"168";"178";"137";"148";"136";"146";"133";"140";"134";"130"
"Pernambuco";"20 a 24 anos";"436";"343";"356";"390";"372";"370";"354";"384";"346";"332"
"Pernambuco";"25 a 29 anos";"341";"380";"341";"359";"346";"370";"337";"385";"332";"327"
"Pernambuco";"30 a 39 anos";"718";"834";"665";"763";"700";"778";"708";"750";"692";"764"
"Pernambuco";"40 a 49 anos";"651";"649";"684";"735";"594";"719";"651";"721";"685";"752"
"Pernambuco";"50 a 59 anos";"448";"546";"478";"562";"486";"603";"501";"634";"489";"576"
"Pernambuco";"60 anos ou mais";"517";"654";"588";"783";"605";"766";"596";"826";"660";"914"
"Pernambuco";"60 a 64 anos";"162";"198";"190";"228";"195";"220";"204";"262";"207";"278"
"Pernambuco";"65 anos ou mais";"355";"456";"398";"555";"410";"547";"392";"564";"453";"636"
"Alagoas";"0 a 4 anos";"126";"136";"127";"130";"123";"126";"111";"108";"119";"106"
"Alagoas";"5 a 13 anos";"234";"221";"223";"221";"218";"208";"234";"226";"236";"219"
"Alagoas";"5 a 9 anos";"127";"121";"122";"120";"129";"113";"119";"123";"129";"120"
"Alagoas";"10 a 13 anos";"107";"101";"102";"101";"90";"95";"115";"102";"107";"99"
"Alagoas";"14 a 17 anos";"103";"104";"100";"109";"98";"105";"101";"108";"108";"95"
"Alagoas";"14 a 15 anos";"51";"49";"48";"62";"45";"53";"51";"52";"50";"43"
"Alagoas";"16 a 17 anos";"52";"55";"52";"48";"53";"52";"50";"56";"58";"52"
"Alagoas";"18 a 19 anos";"64";"59";"59";"54";"59";"52";"60";"51";"52";"51"
"Alagoas";"20 a 24 anos";"128";"141";"142";"154";"142";"148";"131";"130";"122";"126"
"Alagoas";"25 a 29 anos";"125";"135";"118";"141";"126";"134";"115";"135";"123";"121"
"Alagoas";"30 a 39 anos";"246";"266";"229";"253";"223";"257";"222";"247";"227";"257"
"Alagoas";"40 a 49 anos";"205";"229";"211";"229";"214";"254";"213";"241";"214";"240"
"Alagoas";"50 a 59 anos";"144";"180";"152";"168";"146";"177";"165";"193";"166";"184"
"Alagoas";"60 anos ou mais";"158";"206";"164";"224";"176";"223";"181";"240";"193";"251"
"Alagoas";"60 a 64 anos";"55";"59";"52";"72";"57";"69";"67";"78";"63";"80"
"Alagoas";"65 anos ou mais";"102";"147";"112";"152";"120";"154";"114";"161";"130";"171"
"Sergipe";"0 a 4 anos";"70";"83";"80";"89";"83";"79";"83";"68";"72";"66"
"Sergipe";"5 a 13 anos";"162";"157";"171";"151";"159";"154";"154";"165";"156";"146"
"Sergipe";"5 a 9 anos";"86";"76";"101";"86";"94";"93";"86";"95";"82";"78"
"Sergipe";"10 a 13 anos";"76";"80";"70";"65";"65";"61";"68";"69";"75";"68"
"Sergipe";"14 a 17 anos";"72";"78";"71";"77";"81";"74";"67";"73";"75";"67"
"Sergipe";"14 a 15 anos";"38";"40";"37";"39";"43";"36";"31";"30";"40";"33"
"Sergipe";"16 a 17 anos";"34";"38";"34";"39";"38";"38";"37";"43";"35";"34"
"Sergipe";"18 a 19 anos";"38";"34";"41";"34";"31";"34";"39";"32";"37";"42"
"Sergipe";"20 a 24 anos";"107";"110";"87";"109";"105";"88";"92";"95";"78";"81"
"Sergipe";"25 a 29 anos";"92";"108";"93";"96";"79";"98";"104";"100";"88";"93"
"Sergipe";"30 a 39 anos";"175";"179";"168";"177";"167";"182";"175";"200";"160";"197"
"Sergipe";"40 a 49 anos";"129";"169";"151";"166";"152";"176";"143";"165";"165";"183"
"Sergipe";"50 a 59 anos";"132";"138";"115";"125";"115";"133";"111";"139";"122";"137"
"Sergipe";"60 anos ou mais";"106";"127";"112";"157";"128";"163";"122";"163";"147";"186"
"Sergipe";"60 a 64 anos";"36";"42";"42";"52";"48";"50";"42";"53";"49";"61"
"Sergipe";"65 anos ou mais";"70";"84";"70";"106";"80";"113";"80";"110";"99";"125"
"Bahia";"0 a 4 anos";"488";"482";"504";"499";"481";"448";"442";"445";"432";"389"
"Bahia";"5 a 13 anos";"1011";"904";"940";"970";"997";"986";"907";"908";"935";"920"
"Bahia";"5 a 9 anos";"554";"513";"512";"539";"553";"543";"499";"494";"511";"512"
"Bahia";"10 a 13 anos";"457";"391";"428";"431";"444";"443";"407";"413";"424";"408"
"Bahia";"14 a 17 anos";"518";"410";"485";"396";"488";"458";"454";"434";"428";"434"
"Bahia";"14 a 15 anos";"238";"214";"238";"201";"240";"223";"243";"192";"197";"209"
"Bahia";"16 a 17 anos";"280";"196";"247";"195";"247";"235";"211";"242";"230";"225"
"Bahia";"18 a 19 anos";"210";"227";"221";"241";"223";"219";"228";"225";"214";"225"
"Bahia";"20 a 24 anos";"563";"610";"534";"528";"551";"591";"559";"593";"578";"532"
"Bahia";"25 a 29 anos";"555";"604";"588";"593";"506";"569";"548";"559";"499";"611"
"Bahia";"30 a 39 anos";"1115";"1205";"1106";"1252";"1016";"1167";"1030";"1142";"1039";"1118"
"Bahia";"40 a 49 anos";"977";"1097";"1059";"1066";"1091";"1154";"1062";"1178";"1108";"1175"
"Bahia";"50 a 59 anos";"765";"873";"789";"842";"789";"861";"826";"932";"819";"928"
"Bahia";"60 anos ou mais";"944";"1208";"945";"1233";"973";"1240";"1057";"1298";"1121";"1343"
"Bahia";"60 a 64 anos";"272";"278";"306";"357";"315";"350";"330";"361";"322";"366"
"Bahia";"65 anos ou mais";"673";"930";"639";"876";"657";"891";"727";"938";"799";"978"
"Minas Gerais";"0 a 4 anos";"728";"680";"710";"662";"664";"679";"623";"647";"652";"607"
"Minas Gerais";"5 a 13 anos";"1293";"1190";"1274";"1218";"1276";"1177";"1231";"1206";"1265";"1198"
"Minas Gerais";"5 a 9 anos";"739";"669";"717";"664";"685";"687";"679";"683";"701";"688"
"Minas Gerais";"10 a 13 anos";"554";"521";"557";"553";"591";"491";"552";"523";"564";"511"
"Minas Gerais";"14 a 17 anos";"614";"588";"630";"548";"564";"532";"568";"562";"582";"506"
"Minas Gerais";"14 a 15 anos";"304";"312";"304";"252";"270";"268";"254";"291";"308";"241"
"Minas Gerais";"16 a 17 anos";"310";"276";"327";"296";"294";"263";"314";"271";"273";"265"
"Minas Gerais";"18 a 19 anos";"302";"257";"305";"260";"304";"287";"298";"289";"294";"278"
"Minas Gerais";"20 a 24 anos";"803";"807";"879";"811";"787";"784";"848";"795";"775";"735"
"Minas Gerais";"25 a 29 anos";"794";"811";"805";"750";"857";"805";"789";"843";"811";"822"
"Minas Gerais";"30 a 39 anos";"1736";"1731";"1696";"1617";"1680";"1655";"1618";"1610";"1614";"1640"
"Minas Gerais";"40 a 49 anos";"1491";"1593";"1553";"1629";"1573";"1571";"1615";"1634";"1564";"1661"
"Minas Gerais";"50 a 59 anos";"1172";"1293";"1206";"1280";"1229";"1341";"1263";"1282";"1315";"1309"
"Minas Gerais";"60 anos ou mais";"1446";"1774";"1487";"1845";"1587";"1881";"1610";"1979";"1708";"2047"
"Minas Gerais";"60 a 64 anos";"486";"526";"477";"582";"502";"561";"469";"542";"516";"566"
"Minas Gerais";"65 anos ou mais";"959";"1248";"1010";"1262";"1086";"1320";"1141";"1437";"1192";"1481"
"Espírito Santo";"0 a 4 anos";"143";"163";"159";"141";"145";"138";"143";"120";"129";"119"
"Espírito Santo";"5 a 13 anos";"271";"247";"266";"250";"243";"254";"259";"252";"253";"239"
"Espírito Santo";"5 a 9 anos";"152";"138";"158";"146";"136";"151";"137";"149";"134";"130"
"Espírito Santo";"10 a 13 anos";"119";"109";"108";"104";"107";"103";"122";"102";"120";"109"
"Espírito Santo";"14 a 17 anos";"121";"118";"115";"117";"102";"102";"116";"114";"122";"113"
"Espírito Santo";"14 a 15 anos";"60";"60";"54";"59";"49";"48";"64";"59";"64";"63"
"Espírito Santo";"16 a 17 anos";"61";"59";"60";"58";"53";"54";"52";"55";"58";"50"
"Espírito Santo";"18 a 19 anos";"59";"46";"51";"56";"60";"52";"56";"56";"51";"57"
"Espírito Santo";"20 a 24 anos";"141";"151";"151";"141";"147";"156";"154";"141";"145";"148"
"Espírito Santo";"25 a 29 anos";"148";"146";"137";"134";"150";"158";"152";"145";"170";"146"
"Espírito Santo";"30 a 39 anos";"347";"346";"317";"339";"346";"325";"318";"338";"288";"294"
"Espírito Santo";"40 a 49 anos";"264";"287";"283";"327";"270";"309";"307";"295";"322";"337"
"Espírito Santo";"50 a 59 anos";"221";"243";"223";"234";"225";"248";"222";"239";"219";"247"
"Espírito Santo";"60 anos ou mais";"254";"307";"277";"330";"294";"348";"306";"365";"331";"389"
"Espírito Santo";"60 a 64 anos";"82";"103";"94";"92";"91";"102";"91";"110";"97";"109"
"Espírito Santo";"65 anos ou mais";"172";"204";"183";"238";"203";"247";"216";"255";"234";"281"
"Rio de Janeiro";"0 a 4 anos";"448";"441";"496";"432";"465";"459";"422";"410";"442";"437"
"Rio de Janeiro";"5 a 13 anos";"977";"898";"921";"865";"997";"891";"995";"940";"973";"892"
"Rio de Janeiro";"5 a 9 anos";"506";"512";"513";"476";"560";"501";"529";"510";"497";"467"
"Rio de Janeiro";"10 a 13 anos";"471";"387";"407";"390";"436";"391";"466";"430";"477";"425"
"Rio de Janeiro";"14 a 17 anos";"414";"464";"439";"428";"418";"441";"447";"426";"434";"417"
"Rio de Janeiro";"14 a 15 anos";"201";"233";"218";"192";"215";"223";"229";"198";"225";"210"
"Rio de Janeiro";"16 a 17 anos";"213";"231";"221";"236";"203";"219";"218";"228";"209";"207"
"Rio de Janeiro";"18 a 19 anos";"226";"212";"222";"228";"201";"229";"207";"219";"195";"202"
"Rio de Janeiro";"20 a 24 anos";"646";"622";"670";"626";"592";"537";"585";"580";"552";"521"
"Rio de Janeiro";"25 a 29 anos";"661";"605";"629";"631";"630";"670";"564";"624";"618";"633"
"Rio de Janeiro";"30 a 39 anos";"1263";"1347";"1235";"1327";"1212";"1328";"1182";"1243";"1248";"1247"
"Rio de Janeiro";"40 a 49 anos";"1172";"1299";"1214";"1326";"1227";"1355";"1241";"1419";"1243";"1359"
"Rio de Janeiro";"50 a 59 anos";"1089";"1150";"978";"1212";"1027";"1217";"1038";"1213";"1055";"1205"
"Rio de Janeiro";"60 anos ou mais";"1347";"1940";"1387";"1945";"1394";"1921";"1432";"2033";"1465";"2084"
"Rio de Janeiro";"60 a 64 anos";"391";"586";"454";"546";"445";"527";"463";"573";"474";"587"
"Rio de Janeiro";"65 anos ou mais";"956";"1354";"933";"1399";"949";"1394";"968";"1460";"991";"1497"
"São Paulo";"0 a 4 anos";"1446";"1292";"1392";"1330";"1306";"1206";"1381";"1221";"1218";"1203"
"São Paulo";"5 a 13 anos";"2579";"2531";"2718";"2567";"2646";"2548";"2701";"2443";"2595";"2527"
"São Paulo";"5 a 9 anos";"1428";"1448";"1498";"1388";"1479";"1382";"1501";"1319";"1441";"1357"
"São Paulo";"10 a 13 anos";"1150";"1084";"1220";"1179";"1167";"1166";"1200";"1124";"1154";"1171"
"São Paulo";"14 a 17 anos";"1187";"1240";"1129";"1126";"1248";"1131";"1254";"1150";"1183";"1146"
"São Paulo";"14 a 15 anos";"586";"638";"571";"554";"608";"581";"632";"623";"585";"540"
"São Paulo";"16 a 17 anos";"601";"602";"558";"572";"640";"549";"622";"527";"598";"605"
"São Paulo";"18 a 19 anos";"701";"645";"617";"619";"652";"582";"609";"509";"617";"545"
"São Paulo";"20 a 24 anos";"1759";"1838";"1640";"1683";"1706";"1605";"1580";"1513";"1668";"1609"
"São Paulo";"25 a 29 anos";"1718";"1650";"1756";"1875";"1806";"1653";"1862";"1653";"1788";"1697"
"São Paulo";"30 a 39 anos";"3465";"3674";"3619";"3662";"3446";"3543";"3527";"3650";"3661";"3576"
"São Paulo";"40 a 49 anos";"3286";"3507";"3135";"3484";"3374";"3634";"3391";"3660";"3590";"3686"
"São Paulo";"50 a 59 anos";"2552";"2992";"2679";"3045";"2726";"2972";"2678";"3038";"2612";"3082"
"São Paulo";"60 anos ou mais";"3333";"4253";"3323";"4334";"3428";"4633";"3545";"4604";"3490";"4584"
"São Paulo";"60 a 64 anos";"1129";"1276";"1102";"1253";"1148";"1402";"1138";"1264";"1095";"1351"
"São Paulo";"65 anos ou mais";"2204";"2978";"2222";"3081";"2280";"3231";"2407";"3340";"2395";"3233"
"Paraná";"0 a 4 anos";"414";"373";"383";"367";"336";"368";"371";"356";"354";"373"
"Paraná";"5 a 13 anos";"738";"717";"746";"686";"720";"702";"704";"743";"724";"655"
"Paraná";"5 a 9 anos";"413";"414";"421";"373";"418";"394";"414";"423";"403";"369"
"Paraná";"10 a 13 anos";"324";"303";"324";"313";"303";"307";"291";"320";"321";"286"
"Paraná";"14 a 17 anos";"350";"319";"343";"315";"326";"313";"300";"292";"304";"308"
"Paraná";"14 a 15 anos";"182";"162";"164";"139";"165";"159";"151";"136";"144";"161"
"Paraná";"16 a 17 anos";"168";"157";"180";"176";"160";"154";"150";"157";"160";"147"
"Paraná";"18 a 19 anos";"176";"161";"161";"161";"175";"173";"161";"153";"144";"150"
"Paraná";"20 a 24 anos";"441";"407";"470";"471";"483";"423";"459";"413";"483";"435"
"Paraná";"25 a 29 anos";"447";"452";"484";"467";"464";"470";"450";"470";"482";"472"
"Paraná";"30 a 39 anos";"923";"909";"908";"916";"938";"878";"901";"916";"910";"885"
"Paraná";"40 a 49 anos";"836";"854";"837";"819";"833";"877";"848";"827";"833";"911"
"Paraná";"50 a 59 anos";"686";"745";"673";"740";"675";"749";"704";"753";"701";"773"
"Paraná";"60 anos ou mais";"756";"914";"779";"946";"840";"997";"900";"1086";"865";"1115"
"Paraná";"60 a 64 anos";"244";"292";"245";"300";"272";"293";"264";"322";"279";"339"
"Paraná";"65 anos ou mais";"513";"623";"534";"647";"568";"704";"636";"764";"586";"776"
"Santa Catarina";"0 a 4 anos";"253";"260";"260";"248";"261";"261";"234";"231";"253";"220"
"Santa Catarina";"5 a 13 anos";"475";"419";"462";"470";"468";"448";"505";"445";"508";"465"
"Santa Catarina";"5 a 9 anos";"259";"244";"266";"282";"266";"255";"288";"265";"296";"260"
"Santa Catarina";"10 a 13 anos";"216";"176";"196";"189";"202";"193";"217";"181";"212";"205"
"Santa Catarina";"14 a 17 anos";"210";"198";"206";"204";"208";"194";"211";"197";"210";"197"
"Santa Catarina";"14 a 15 anos";"97";"100";"108";"95";"106";"102";"103";"96";"108";"99"
"Santa Catarina";"16 a 17 anos";"113";"98";"98";"109";"102";"92";"107";"100";"102";"98"
"Santa Catarina";"18 a 19 anos";"90";"84";"118";"109";"104";"103";"97";"100";"91";"113"
"Santa Catarina";"20 a 24 anos";"275";"265";"318";"293";"315";"300";"317";"284";"299";"262"
"Santa Catarina";"25 a 29 anos";"313";"310";"317";"299";"361";"333";"348";"338";"325";"322"
"Santa Catarina";"30 a 39 anos";"652";"626";"635";"650";"686";"673";"694";"655";"694";"657"
"Santa Catarina";"40 a 49 anos";"565";"548";"553";"568";"557";"539";"623";"605";"618";"618"
"Santa Catarina";"50 a 59 anos";"467";"473";"468";"471";"451";"481";"439";"469";"480";"511"
"Santa Catarina";"60 anos ou mais";"539";"634";"519";"614";"521";"650";"574";"679";"610";"718"
"Santa Catarina";"60 a 64 anos";"193";"210";"176";"192";"179";"209";"203";"227";"214";"212"
"Santa Catarina";"65 anos ou mais";"346";"424";"343";"423";"342";"442";"371";"452";"396";"506"
"Rio Grande do Sul";"0 a 4 anos";"357";"333";"310";"321";"340";"327";"301";"324";"318";"303"
"Rio Grande do Sul";"5 a 13 anos";"634";"599";"622";"644";"670";"642";"651";"650";"649";"592"
"Rio Grande do Sul";"5 a 9 anos";"364";"331";"374";"363";"375";"359";"374";"369";"355";"322"
"Rio Grande do Sul";"10 a 13 anos";"269";"268";"248";"281";"295";"283";"276";"280";"294";"270"
"Rio Grande do Sul";"14 a 17 anos";"284";"274";"307";"247";"286";"272";"278";"281";"276";"266"
"Rio Grande do Sul";"14 a 15 anos";"141";"146";"149";"126";"138";"141";"137";"146";"147";"131"
"Rio Grande do Sul";"16 a 17 anos";"143";"128";"158";"121";"148";"131";"141";"135";"129";"135"
"Rio Grande do Sul";"18 a 19 anos";"150";"134";"135";"142";"143";"117";"138";"135";"122";"127"
"Rio Grande do Sul";"20 a 24 anos";"386";"388";"399";"365";"409";"393";"377";"334";"364";"346"
"Rio Grande do Sul";"25 a 29 anos";"422";"415";"401";"386";"369";"404";"390";"395";"441";"442"
"Rio Grande do Sul";"30 a 39 anos";"909";"906";"837";"880";"840";"866";"828";"855";"812";"815"
"Rio Grande do Sul";"40 a 49 anos";"725";"753";"796";"815";"823";"805";"832";"855";"762";"828"
"Rio Grande do Sul";"50 a 59 anos";"713";"743";"675";"743";"649";"706";"719";"722";"675";"714"
"Rio Grande do Sul";"60 anos ou mais";"906";"1180";"974";"1204";"958";"1186";"950";"1201";"1035";"1329"
"Rio Grande do Sul";"60 a 64 anos";"300";"349";"322";"361";"281";"342";"306";"359";"318";"380"
"Rio Grande do Sul";"65 anos ou mais";"605";"830";"652";"843";"677";"844";"644";"842";"717";"949"
"Mato Grosso do Sul";"0 a 4 anos";"132";"119";"119";"104";"116";"91";"101";"102";"90";"91"
"Mato Grosso do Sul";"5 a 13 anos";"203";"187";"186";"175";"193";"185";"197";"194";"200";"186"
"Mato Grosso do Sul";"5 a 9 anos";"128";"108";"113";"105";"101";"109";"107";"114";"114";"104"
"Mato Grosso do Sul";"10 a 13 anos";"76";"78";"73";"70";"92";"76";"91";"80";"86";"83"
"Mato Grosso do Sul";"14 a 17 anos";"85";"78";"82";"88";"82";"85";"87";"92";"81";"81"
"Mato Grosso do Sul";"14 a 15 anos";"44";"41";"44";"45";"42";"39";"46";"41";"40";"42"
"Mato Grosso do Sul";"16 a 17 anos";"41";"37";"38";"43";"40";"46";"41";"51";"41";"39"
"Mato Grosso do Sul";"18 a 19 anos";"40";"35";"35";"37";"42";"48";"40";"40";"43";"38"
"Mato Grosso do Sul";"20 a 24 anos";"102";"105";"112";"99";"105";"104";"109";"111";"101";"102"
"Mato Grosso do Sul";"25 a 29 anos";"113";"114";"107";"117";"110";"114";"105";"101";"117";"112"
"Mato Grosso do Sul";"30 a 39 anos";"229";"233";"226";"230";"213";"234";"217";"239";"199";"218"
"Mato Grosso do Sul";"40 a 49 anos";"186";"193";"188";"197";"193";"203";"194";"207";"218";"206"
"Mato Grosso do Sul";"50 a 59 anos";"122";"144";"158";"170";"153";"161";"151";"157";"166";"175"
"Mato Grosso do Sul";"60 anos ou mais";"159";"182";"162";"190";"180";"194";"173";"211";"198";"229"
"Mato Grosso do Sul";"60 a 64 anos";"53";"64";"59";"60";"59";"55";"60";"70";"69";"70"
"Mato Grosso do Sul";"65 anos ou mais";"106";"118";"104";"130";"122";"139";"113";"141";"129";"159"
"Mato Grosso";"0 a 4 anos";"150";"148";"146";"140";"164";"135";"145";"138";"157";"153"
"Mato Grosso";"5 a 13 anos";"275";"239";"286";"256";"245";"234";"262";"265";"271";"247"
"Mato Grosso";"5 a 9 anos";"153";"127";"168";"164";"142";"129";"148";"152";"151";"139"
"Mato Grosso";"10 a 13 anos";"123";"112";"118";"92";"103";"105";"113";"113";"120";"108"
"Mato Grosso";"14 a 17 anos";"107";"107";"117";"112";"107";"127";"120";"111";"117";"110"
"Mato Grosso";"14 a 15 anos";"53";"58";"55";"57";"52";"64";"58";"54";"62";"52"
"Mato Grosso";"16 a 17 anos";"54";"49";"62";"55";"56";"63";"61";"57";"55";"58"
"Mato Grosso";"18 a 19 anos";"52";"51";"57";"55";"58";"50";"51";"52";"56";"56"
"Mato Grosso";"20 a 24 anos";"149";"141";"157";"132";"136";"154";"148";"165";"140";"154"
"Mato Grosso";"25 a 29 anos";"156";"151";"162";"145";"165";"170";"158";"189";"189";"145"
"Mato Grosso";"30 a 39 anos";"299";"291";"305";"307";"307";"292";"319";"301";"310";"323"
"Mato Grosso";"40 a 49 anos";"254";"272";"248";"259";"272";"273";"290";"284";"264";"282"
"Mato Grosso";"50 a 59 anos";"190";"180";"190";"185";"196";"198";"194";"202";"204";"198"
"Mato Grosso";"60 anos ou mais";"198";"209";"204";"212";"207";"240";"184";"210";"228";"241"
"Mato Grosso";"60 a 64 anos";"79";"68";"69";"73";"68";"72";"64";"75";"73";"72"
"Mato Grosso";"65 anos ou mais";"119";"142";"135";"139";"140";"168";"121";"135";"155";"169"
"Goiás";"0 a 4 anos";"262";"248";"232";"232";"243";"212";"258";"239";"228";"228"
"Goiás";"5 a 13 anos";"463";"420";"455";"460";"484";"430";"484";"471";"464";"472"
"Goiás";"5 a 9 anos";"251";"230";"262";"271";"272";"240";"271";"272";"258";"258"
"Goiás";"10 a 13 anos";"212";"190";"193";"190";"212";"190";"213";"199";"205";"215"
"Goiás";"14 a 17 anos";"190";"226";"218";"215";"216";"213";"210";"189";"216";"188"
"Goiás";"14 a 15 anos";"90";"118";"111";"101";"108";"103";"105";"90";"99";"94"
"Goiás";"16 a 17 anos";"100";"109";"107";"114";"109";"109";"105";"99";"117";"93"
"Goiás";"18 a 19 anos";"110";"108";"105";"103";"108";"102";"96";"107";"117";"106"
"Goiás";"20 a 24 anos";"294";"279";"309";"272";"322";"293";"309";"269";"292";"303"
"Goiás";"25 a 29 anos";"291";"280";"313";"302";"284";"316";"309";"332";"299";"292"
"Goiás";"30 a 39 anos";"548";"581";"593";"568";"622";"553";"624";"590";"582";"613"
"Goiás";"40 a 49 anos";"501";"528";"510";"569";"512";"540";"519";"562";"512";"553"
"Goiás";"50 a 59 anos";"380";"448";"391";"442";"384";"434";"370";"428";"436";"449"
"Goiás";"60 anos ou mais";"446";"530";"422";"490";"451";"554";"450";"534";"476";"596"
"Goiás";"60 a 64 anos";"141";"168";"135";"161";"151";"191";"158";"181";"164";"199"
"Goiás";"65 anos ou mais";"305";"362";"288";"329";"300";"363";"292";"353";"312";"397"
"Distrito Federal";"0 a 4 anos";"104";"94";"107";"88";"81";"86";"89";"85";"81";"81"
"Distrito Federal";"5 a 13 anos";"175";"186";"186";"183";"182";"170";"188";"182";"177";"173"
"Distrito Federal";"5 a 9 anos";"103";"116";"110";"104";"98";"103";"106";"107";"98";"92"
"Distrito Federal";"10 a 13 anos";"72";"70";"77";"79";"84";"68";"83";"75";"79";"81"
"Distrito Federal";"14 a 17 anos";"87";"91";"92";"94";"73";"77";"91";"93";"111";"80"
"Distrito Federal";"14 a 15 anos";"39";"51";"41";"45";"39";"34";"48";"48";"53";"41"
"Distrito Federal";"16 a 17 anos";"49";"39";"51";"49";"34";"43";"43";"46";"59";"39"
"Distrito Federal";"18 a 19 anos";"49";"54";"43";"44";"40";"56";"38";"41";"47";"50"
"Distrito Federal";"20 a 24 anos";"131";"116";"137";"134";"126";"112";"124";"115";"127";"111"
"Distrito Federal";"25 a 29 anos";"127";"133";"117";"122";"112";"126";"137";"121";"129";"114"
"Distrito Federal";"30 a 39 anos";"242";"248";"225";"262";"251";"242";"211";"243";"228";"226"
"Distrito Federal";"40 a 49 anos";"202";"233";"221";"254";"232";"278";"229";"252";"216";"259"
"Distrito Federal";"50 a 59 anos";"160";"190";"142";"173";"153";"188";"156";"188";"168";"202"
"Distrito Federal";"60 anos ou mais";"131";"186";"151";"179";"164";"219";"171";"228";"177";"239"
"Distrito Federal";"60 a 64 anos";"42";"53";"59";"55";"56";"74";"61";"63";"61";"68"
"Distrito Federal";"65 anos ou mais";"89";"132";"91";"124";"108";"146";"111";"165";"116";"171"
"Porto Velho (RO)";"0 a 4 anos";"19";"18";"16";"20";"15";"10";"15";"13";"16";"12"
"Porto Velho (RO)";"5 a 13 anos";"40";"34";"37";"35";"24";"31";"34";"26";"36";"38"
"Porto Velho (RO)";"5 a 9 anos";"22";"17";"21";"18";"15";"16";"19";"17";"20";"22"
"Porto Velho (RO)";"10 a 13 anos";"18";"17";"15";"17";"9";"15";"15";"9";"16";"16"
"Porto Velho (RO)";"14 a 17 anos";"16";"19";"19";"13";"16";"18";"20";"12";"13";"16"
"Porto Velho (RO)";"14 a 15 anos";"8";"11";"8";"6";"7";"11";"12";"5";"6";"10"
"Porto Velho (RO)";"16 a 17 anos";"8";"8";"10";"7";"9";"7";"8";"7";"7";"7"
"Porto Velho (RO)";"18 a 19 anos";"6";"9";"7";"8";"9";"5";"7";"9";"8";"7"
"Porto Velho (RO)";"20 a 24 anos";"23";"22";"23";"27";"20";"17";"18";"21";"23";"19"
"Porto Velho (RO)";"25 a 29 anos";"24";"19";"16";"21";"24";"22";"22";"24";"20";"16"
"Porto Velho (RO)";"30 a 39 anos";"42";"43";"45";"40";"43";"39";"42";"38";"40";"45"
"Porto Velho (RO)";"40 a 49 anos";"31";"41";"34";"40";"36";"33";"38";"37";"38";"45"
"Porto Velho (RO)";"50 a 59 anos";"21";"27";"21";"29";"30";"35";"26";"33";"25";"32"
"Porto Velho (RO)";"60 anos ou mais";"26";"26";"26";"32";"34";"50";"34";"46";"32";"36"
"Porto Velho (RO)";"60 a 64 anos";"11";"9";"11";"11";"10";"17";"13";"16";"13";"14"
"Porto Velho (RO)";"65 anos ou mais";"15";"17";"15";"22";"24";"32";"20";"30";"19";"22"
"Rio Branco (AC)";"0 a 4 anos";"17";"12";"15";"13";"13";"16";"14";"14";"15";"14"
"Rio Branco (AC)";"5 a 13 anos";"31";"27";"30";"28";"27";"31";"26";"30";"28";"29"
"Rio Branco (AC)";"5 a 9 anos";"18";"14";"17";"16";"15";"16";"15";"16";"15";"16"
"Rio Branco (AC)";"10 a 13 anos";"13";"12";"13";"13";"12";"15";"12";"14";"12";"13"
"Rio Branco (AC)";"14 a 17 anos";"13";"13";"13";"13";"13";"14";"14";"11";"11";"12"
"Rio Branco (AC)";"14 a 15 anos";"7";"5";"7";"7";"6";"7";"6";"5";"5";"7"
"Rio Branco (AC)";"16 a 17 anos";"6";"8";"6";"6";"7";"7";"8";"6";"6";"5"
"Rio Branco (AC)";"18 a 19 anos";"8";"7";"7";"6";"7";"7";"8";"8";"6";"7"
"Rio Branco (AC)";"20 a 24 anos";"19";"19";"16";"18";"18";"17";"18";"17";"17";"20"
"Rio Branco (AC)";"25 a 29 anos";"17";"18";"17";"16";"12";"17";"17";"17";"16";"16"
"Rio Branco (AC)";"30 a 39 anos";"27";"33";"30";"35";"27";"32";"25";"30";"28";"34"
"Rio Branco (AC)";"40 a 49 anos";"24";"28";"24";"28";"26";"32";"26";"29";"26";"29"
"Rio Branco (AC)";"50 a 59 anos";"16";"19";"15";"19";"15";"20";"16";"21";"18";"23"
"Rio Branco (AC)";"60 anos ou mais";"15";"20";"17";"23";"19";"21";"19";"26";"18";"22"
"Rio Branco (AC)";"60 a 64 anos";"5";"6";"5";"7";"6";"6";"6";"8";"6";"7"
"Rio Branco (AC)";"65 anos ou mais";"10";"14";"12";"16";"13";"15";"14";"18";"12";"15"
"Manaus (AM)";"0 a 4 anos";"71";"70";"89";"84";"92";"68";"87";"68";"67";"86"
"Manaus (AM)";"5 a 13 anos";"180";"137";"171";"156";"168";"152";"150";"152";"180";"152"
"Manaus (AM)";"5 a 9 anos";"117";"79";"96";"86";"90";"84";"77";"76";"95";"87"
"Manaus (AM)";"10 a 13 anos";"63";"58";"75";"70";"77";"68";"73";"76";"85";"65"
"Manaus (AM)";"14 a 17 anos";"91";"60";"68";"56";"81";"81";"72";"68";"73";"67"
"Manaus (AM)";"14 a 15 anos";"49";"24";"32";"25";"40";"28";"32";"30";"34";"33"
"Manaus (AM)";"16 a 17 anos";"42";"36";"36";"30";"41";"53";"41";"38";"39";"34"
"Manaus (AM)";"18 a 19 anos";"41";"34";"41";"41";"39";"34";"35";"38";"40";"43"
"Manaus (AM)";"20 a 24 anos";"94";"100";"98";"99";"102";"106";"101";"98";"88";"91"
"Manaus (AM)";"25 a 29 anos";"108";"94";"102";"97";"101";"93";"92";"112";"89";"101"
"Manaus (AM)";"30 a 39 anos";"182";"179";"175";"203";"175";"178";"187";"191";"190";"196"
"Manaus (AM)";"40 a 49 anos";"144";"167";"160";"173";"168";"180";"150";"166";"158";"182"
"Manaus (AM)";"50 a 59 anos";"120";"112";"98";"117";"111";"108";"114";"132";"107";"127"
"Manaus (AM)";"60 anos ou mais";"99";"126";"86";"119";"92";"127";"112";"156";"112";"154"
"Manaus (AM)";"60 a 64 anos";"40";"42";"31";"41";"31";"41";"38";"63";"46";"46"
"Manaus (AM)";"65 anos ou mais";"60";"84";"55";"79";"61";"86";"75";"93";"66";"108"
"Boa Vista (RR)";"0 a 4 anos";"23";"19";"22";"18";"19";"21";"19";"17";"19";"18"
"Boa Vista (RR)";"5 a 13 anos";"32";"33";"35";"31";"39";"33";"41";"39";"34";"34"
"Boa Vista (RR)";"5 a 9 anos";"19";"21";"21";"19";"22";"19";"24";"21";"20";"18"
"Boa Vista (RR)";"10 a 13 anos";"13";"12";"14";"12";"17";"14";"17";"18";"14";"16"
"Boa Vista (RR)";"14 a 17 anos";"11";"15";"13";"15";"13";"13";"17";"15";"16";"13"
"Boa Vista (RR)";"14 a 15 anos";"6";"7";"6";"8";"7";"7";"9";"9";"9";"6"
"Boa Vista (RR)";"16 a 17 anos";"5";"8";"7";"7";"6";"6";"8";"6";"8";"7"
"Boa Vista (RR)";"18 a 19 anos";"8";"9";"7";"10";"8";"7";"11";"12";"8";"8"
"Boa Vista (RR)";"20 a 24 anos";"25";"21";"22";"22";"23";"19";"22";"22";"22";"21"
"Boa Vista (RR)";"25 a 29 anos";"20";"20";"19";"24";"19";"23";"18";"20";"24";"22"
"Boa Vista (RR)";"30 a 39 anos";"38";"38";"34";"38";"40";"39";"37";"42";"40";"46"
"Boa Vista (RR)";"40 a 49 anos";"22";"28";"30";"27";"28";"30";"31";"33";"33";"30"
"Boa Vista (RR)";"50 a 59 anos";"14";"18";"17";"19";"22";"21";"17";"19";"21";"28"
"Boa Vista (RR)";"60 anos ou mais";"15";"15";"14";"17";"16";"19";"13";"20";"19";"25"
"Boa Vista (RR)";"60 a 64 anos";"6";"7";"4";"5";"6";"7";"5";"7";"6";"10"
"Boa Vista (RR)";"65 anos ou mais";"8";"8";"10";"13";"10";"12";"9";"13";"14";"15"
"Belém (PA)";"0 a 4 anos";"41";"44";"41";"38";"40";"43";"33";"29";"33";"31"
"Belém (PA)";"5 a 13 anos";"80";"82";"88";"68";"81";"73";"70";"76";"90";"79"
"Belém (PA)";"5 a 9 anos";"48";"50";"49";"46";"43";"42";"36";"41";"51";"43"
"Belém (PA)";"10 a 13 anos";"33";"32";"39";"22";"38";"31";"34";"35";"39";"36"
"Belém (PA)";"14 a 17 anos";"42";"39";"36";"37";"35";"32";"48";"39";"47";"28"
"Belém (PA)";"14 a 15 anos";"17";"17";"21";"18";"17";"17";"25";"17";"22";"13"
"Belém (PA)";"16 a 17 anos";"25";"22";"15";"20";"18";"15";"23";"22";"25";"16"
"Belém (PA)";"18 a 19 anos";"28";"17";"20";"16";"23";"21";"22";"24";"21";"20"
"Belém (PA)";"20 a 24 anos";"52";"53";"65";"66";"54";"58";"58";"55";"58";"47"
"Belém (PA)";"25 a 29 anos";"46";"62";"49";"58";"55";"55";"48";"44";"61";"53"
"Belém (PA)";"30 a 39 anos";"96";"128";"108";"108";"106";"119";"96";"103";"91";"107"
"Belém (PA)";"40 a 49 anos";"100";"110";"88";"109";"88";"106";"94";"126";"102";"126"
"Belém (PA)";"50 a 59 anos";"80";"89";"85";"100";"86";"98";"95";"104";"89";"91"
"Belém (PA)";"60 anos ou mais";"83";"129";"80";"139";"95";"131";"87";"146";"80";"144"
"Belém (PA)";"60 a 64 anos";"30";"43";"26";"38";"30";"40";"33";"46";"33";"40"
"Belém (PA)";"65 anos ou mais";"52";"86";"54";"101";"65";"91";"54";"100";"47";"103"
"Macapá (AP)";"0 a 4 anos";"18";"26";"23";"21";"9";"14";"21";"21";"12";"17"
"Macapá (AP)";"5 a 13 anos";"31";"32";"32";"32";"33";"27";"39";"37";"36";"34"
"Macapá (AP)";"5 a 9 anos";"21";"19";"19";"20";"21";"14";"21";"23";"17";"20"
"Macapá (AP)";"10 a 13 anos";"11";"12";"13";"11";"12";"13";"17";"15";"19";"14"
"Macapá (AP)";"14 a 17 anos";"14";"14";"18";"14";"17";"16";"13";"14";"14";"16"
"Macapá (AP)";"14 a 15 anos";"7";"8";"9";"8";"9";"6";"7";"7";"6";"9"
"Macapá (AP)";"16 a 17 anos";"7";"6";"10";"7";"8";"10";"6";"7";"8";"8"
"Macapá (AP)";"18 a 19 anos";"9";"9";"12";"7";"5";"9";"10";"8";"9";"6"
"Macapá (AP)";"20 a 24 anos";"29";"28";"25";"23";"28";"33";"21";"28";"23";"22"
"Macapá (AP)";"25 a 29 anos";"24";"21";"24";"23";"29";"22";"23";"20";"23";"25"
"Macapá (AP)";"30 a 39 anos";"35";"35";"33";"40";"37";"32";"36";"37";"39";"42"
"Macapá (AP)";"40 a 49 anos";"32";"33";"31";"32";"27";"39";"31";"33";"30";"35"
"Macapá (AP)";"50 a 59 anos";"20";"22";"21";"24";"27";"28";"24";"27";"27";"29"
"Macapá (AP)";"60 anos ou mais";"19";"28";"20";"26";"23";"30";"20";"25";"22";"28"
"Macapá (AP)";"60 a 64 anos";"8";"9";"8";"10";"8";"9";"6";"9";"8";"11"
"Macapá (AP)";"65 anos ou mais";"11";"19";"12";"16";"15";"21";"14";"17";"13";"17"
"Palmas (TO)";"0 a 4 anos";"18";"17";"12";"14";"10";"12";"13";"7";"12";"12"
"Palmas (TO)";"5 a 13 anos";"27";"17";"20";"16";"20";"20";"16";"17";"21";"19"
"Palmas (TO)";"5 a 9 anos";"15";"12";"12";"10";"12";"12";"9";"9";"13";"9"
"Palmas (TO)";"10 a 13 anos";"12";"5";"8";"6";"8";"8";"7";"7";"8";"10"
"Palmas (TO)";"14 a 17 anos";"7";"11";"8";"10";"10";"10";"12";"8";"9";"9"
"Palmas (TO)";"14 a 15 anos";"1";"7";"3";"7";"5";"5";"6";"4";"4";"5"
"Palmas (TO)";"16 a 17 anos";"6";"5";"4";"3";"5";"5";"7";"5";"5";"4"
"Palmas (TO)";"18 a 19 anos";"3";"6";"4";"3";"7";"6";"9";"6";"8";"6"
"Palmas (TO)";"20 a 24 anos";"10";"18";"16";"18";"15";"13";"17";"18";"18";"19"
"Palmas (TO)";"25 a 29 anos";"20";"16";"18";"18";"21";"16";"14";"19";"17";"13"
"Palmas (TO)";"30 a 39 anos";"28";"26";"27";"25";"30";"34";"32";"24";"30";"31"
"Palmas (TO)";"40 a 49 anos";"15";"20";"20";"26";"19";"20";"22";"25";"19";"27"
"Palmas (TO)";"50 a 59 anos";"10";"14";"19";"17";"14";"17";"18";"18";"16";"12"
"Palmas (TO)";"60 anos ou mais";"11";"14";"12";"12";"14";"13";"13";"16";"16";"15"
"Palmas (TO)";"60 a 64 anos";"3";"4";"4";"4";"4";"4";"5";"6";"5";"5"
"Palmas (TO)";"65 anos ou mais";"8";"11";"8";"8";"9";"9";"8";"10";"11";"10"
"São Luís (MA)";"0 a 4 anos";"28";"39";"31";"33";"25";"40";"32";"34";"31";"34"
"São Luís (MA)";"5 a 13 anos";"70";"71";"67";"46";"60";"65";"66";"67";"63";"61"
"São Luís (MA)";"5 a 9 anos";"45";"37";"37";"25";"34";"31";"37";"35";"35";"38"
"São Luís (MA)";"10 a 13 anos";"25";"34";"30";"21";"26";"33";"29";"31";"28";"23"
"São Luís (MA)";"14 a 17 anos";"44";"35";"35";"33";"32";"26";"31";"35";"32";"33"
"São Luís (MA)";"14 a 15 anos";"23";"14";"18";"15";"16";"12";"15";"16";"18";"17"
"São Luís (MA)";"16 a 17 anos";"22";"22";"17";"18";"16";"14";"16";"20";"14";"16"
"São Luís (MA)";"18 a 19 anos";"14";"15";"19";"13";"14";"19";"19";"20";"15";"24"
"São Luís (MA)";"20 a 24 anos";"46";"42";"42";"55";"48";"69";"48";"48";"48";"54"
"São Luís (MA)";"25 a 29 anos";"40";"43";"47";"47";"54";"40";"44";"46";"38";"44"
"São Luís (MA)";"30 a 39 anos";"91";"94";"91";"99";"84";"88";"95";"96";"76";"97"
"São Luís (MA)";"40 a 49 anos";"74";"89";"68";"86";"70";"97";"63";"83";"81";"86"
"São Luís (MA)";"50 a 59 anos";"55";"75";"51";"65";"47";"60";"49";"68";"46";"68"
"São Luís (MA)";"60 anos ou mais";"48";"70";"64";"94";"60";"89";"62";"83";"61";"96"
"São Luís (MA)";"60 a 64 anos";"20";"23";"21";"27";"22";"30";"23";"27";"18";"32"
"São Luís (MA)";"65 anos ou mais";"29";"48";"43";"66";"38";"59";"38";"56";"43";"64"
"Teresina (PI)";"0 a 4 anos";"30";"27";"31";"18";"27";"26";"27";"26";"27";"23"
"Teresina (PI)";"5 a 13 anos";"50";"52";"53";"51";"46";"55";"49";"53";"62";"54"
"Teresina (PI)";"5 a 9 anos";"26";"28";"26";"32";"23";"33";"26";"26";"32";"30"
"Teresina (PI)";"10 a 13 anos";"24";"23";"27";"19";"23";"22";"24";"27";"30";"24"
"Teresina (PI)";"14 a 17 anos";"28";"30";"24";"29";"26";"29";"25";"32";"26";"23"
"Teresina (PI)";"14 a 15 anos";"13";"20";"13";"15";"11";"16";"10";"13";"15";"12"
"Teresina (PI)";"16 a 17 anos";"15";"10";"11";"15";"15";"13";"14";"19";"11";"10"
"Teresina (PI)";"18 a 19 anos";"11";"10";"11";"11";"11";"13";"9";"16";"9";"15"
"Teresina (PI)";"20 a 24 anos";"50";"36";"43";"39";"36";"37";"29";"32";"31";"33"
"Teresina (PI)";"25 a 29 anos";"40";"35";"38";"30";"25";"36";"39";"35";"34";"34"
"Teresina (PI)";"30 a 39 anos";"57";"64";"68";"66";"73";"76";"65";"77";"65";"66"
"Teresina (PI)";"40 a 49 anos";"39";"63";"57";"76";"63";"68";"58";"73";"71";"83"
"Teresina (PI)";"50 a 59 anos";"52";"76";"49";"67";"50";"65";"49";"58";"49";"62"
"Teresina (PI)";"60 anos ou mais";"55";"87";"54";"82";"56";"83";"62";"89";"56";"82"
"Teresina (PI)";"60 a 64 anos";"19";"40";"19";"34";"19";"28";"19";"28";"21";"22"
"Teresina (PI)";"65 anos ou mais";"36";"47";"35";"48";"36";"55";"43";"61";"36";"60"
"Fortaleza (CE)";"0 a 4 anos";"75";"76";"75";"84";"89";"64";"70";"68";"77";"58"
"Fortaleza (CE)";"5 a 13 anos";"149";"186";"149";"155";"150";"137";"142";"126";"133";"140"
"Fortaleza (CE)";"5 a 9 anos";"85";"95";"82";"78";"79";"77";"67";"63";"68";"80"
"Fortaleza (CE)";"10 a 13 anos";"64";"91";"66";"77";"71";"60";"75";"63";"66";"60"
"Fortaleza (CE)";"14 a 17 anos";"72";"81";"56";"73";"67";"70";"74";"57";"72";"71"
"Fortaleza (CE)";"14 a 15 anos";"30";"41";"26";"33";"35";"36";"32";"29";"41";"31"
"Fortaleza (CE)";"16 a 17 anos";"43";"40";"30";"40";"32";"35";"42";"28";"31";"40"
"Fortaleza (CE)";"18 a 19 anos";"29";"23";"42";"37";"31";"32";"32";"27";"41";"33"
"Fortaleza (CE)";"20 a 24 anos";"117";"97";"116";"105";"96";"79";"122";"91";"89";"90"
"Fortaleza (CE)";"25 a 29 anos";"102";"129";"118";"94";"98";"118";"91";"101";"103";"122"
"Fortaleza (CE)";"30 a 39 anos";"191";"182";"200";"215";"194";"215";"176";"195";"186";"210"
"Fortaleza (CE)";"40 a 49 anos";"185";"200";"144";"203";"174";"193";"160";"213";"176";"202"
"Fortaleza (CE)";"50 a 59 anos";"120";"181";"147";"187";"139";"201";"138";"193";"145";"185"
"Fortaleza (CE)";"60 anos ou mais";"156";"211";"150";"215";"166";"258";"200";"299";"170";"276"
"Fortaleza (CE)";"60 a 64 anos";"50";"63";"49";"67";"61";"74";"70";"90";"54";"83"
"Fortaleza (CE)";"65 anos ou mais";"106";"149";"101";"148";"106";"184";"129";"210";"116";"193"
"Natal (RN)";"0 a 4 anos";"15";"23";"19";"12";"22";"25";"17";"18";"20";"16"
"Natal (RN)";"5 a 13 anos";"44";"45";"42";"41";"46";"47";"52";"37";"41";"43"
"Natal (RN)";"5 a 9 anos";"25";"21";"19";"22";"27";"25";"29";"22";"23";"21"
"Natal (RN)";"10 a 13 anos";"20";"24";"23";"19";"19";"21";"23";"16";"18";"21"
"Natal (RN)";"14 a 17 anos";"13";"22";"18";"14";"25";"23";"22";"28";"19";"19"
"Natal (RN)";"14 a 15 anos";"8";"10";"9";"4";"13";"9";"8";"14";"8";"12"
"Natal (RN)";"16 a 17 anos";"6";"12";"9";"10";"12";"13";"14";"14";"10";"7"
"Natal (RN)";"18 a 19 anos";"13";"11";"12";"12";"14";"8";"7";"11";"9";"10"
"Natal (RN)";"20 a 24 anos";"44";"37";"32";"27";"25";"23";"31";"28";"25";"28"
"Natal (RN)";"25 a 29 anos";"31";"31";"39";"36";"32";"31";"22";"25";"29";"28"
"Natal (RN)";"30 a 39 anos";"54";"54";"49";"54";"59";"58";"67";"60";"51";"55"
"Natal (RN)";"40 a 49 anos";"47";"58";"52";"57";"48";"52";"59";"75";"57";"64"
"Natal (RN)";"50 a 59 anos";"43";"56";"44";"63";"41";"60";"38";"48";"45";"59"
"Natal (RN)";"60 anos ou mais";"58";"90";"70";"94";"59";"91";"61";"81";"67";"99"
"Natal (RN)";"60 a 64 anos";"18";"32";"27";"23";"17";"19";"25";"22";"25";"24"
"Natal (RN)";"65 anos ou mais";"40";"58";"43";"72";"42";"71";"37";"59";"42";"76"
"João Pessoa (PB)";"0 a 4 anos";"34";"29";"28";"25";"26";"36";"23";"24";"25";"31"
"João Pessoa (PB)";"5 a 13 anos";"53";"46";"55";"58";"57";"50";"55";"54";"62";"54"
"João Pessoa (PB)";"5 a 9 anos";"34";"25";"29";"33";"34";"24";"33";"29";"37";"28"
"João Pessoa (PB)";"10 a 13 anos";"19";"21";"26";"24";"23";"26";"23";"25";"25";"27"
"João Pessoa (PB)";"14 a 17 anos";"32";"20";"24";"22";"25";"22";"27";"25";"26";"22"
"João Pessoa (PB)";"14 a 15 anos";"12";"11";"11";"9";"14";"9";"10";"12";"9";"9"
"João Pessoa (PB)";"16 a 17 anos";"20";"9";"12";"13";"11";"13";"17";"13";"16";"13"
"João Pessoa (PB)";"18 a 19 anos";"9";"16";"12";"9";"13";"12";"13";"9";"13";"14"
"João Pessoa (PB)";"20 a 24 anos";"42";"37";"37";"35";"35";"34";"31";"30";"34";"37"
"João Pessoa (PB)";"25 a 29 anos";"29";"44";"31";"31";"27";"39";"32";"33";"32";"37"
"João Pessoa (PB)";"30 a 39 anos";"65";"67";"60";"68";"67";"77";"80";"75";"69";"75"
"João Pessoa (PB)";"40 a 49 anos";"50";"72";"67";"73";"62";"69";"61";"75";"65";"71"
"João Pessoa (PB)";"50 a 59 anos";"53";"55";"47";"55";"46";"55";"46";"53";"39";"55"
"João Pessoa (PB)";"60 anos ou mais";"46";"62";"56";"79";"48";"78";"56";"85";"56";"80"
"João Pessoa (PB)";"60 a 64 anos";"17";"19";"18";"22";"15";"24";"17";"22";"23";"24"
"João Pessoa (PB)";"65 anos ou mais";"29";"43";"38";"57";"33";"54";"39";"63";"34";"55"
"Recife (PE)";"0 a 4 anos";"56";"50";"59";"47";"42";"49";"36";"37";"42";"31"
"Recife (PE)";"5 a 13 anos";"97";"111";"99";"88";"95";"82";"95";"96";"109";"90"
"Recife (PE)";"5 a 9 anos";"60";"60";"64";"49";"59";"43";"56";"56";"58";"49"
"Recife (PE)";"10 a 13 anos";"37";"51";"34";"39";"36";"40";"39";"40";"51";"40"
"Recife (PE)";"14 a 17 anos";"49";"39";"36";"40";"47";"28";"42";"41";"47";"27"
"Recife (PE)";"14 a 15 anos";"26";"20";"18";"19";"27";"11";"14";"20";"28";"13"
"Recife (PE)";"16 a 17 anos";"23";"19";"19";"20";"20";"18";"28";"22";"19";"14"
"Recife (PE)";"18 a 19 anos";"23";"29";"16";"23";"18";"29";"18";"23";"22";"18"
"Recife (PE)";"20 a 24 anos";"67";"57";"67";"64";"59";"53";"63";"58";"49";"47"
"Recife (PE)";"25 a 29 anos";"46";"56";"46";"62";"58";"64";"44";"73";"56";"56"
"Recife (PE)";"30 a 39 anos";"124";"151";"126";"135";"114";"128";"132";"120";"132";"127"
"Recife (PE)";"40 a 49 anos";"121";"116";"77";"123";"100";"131";"107";"130";"116";"137"
"Recife (PE)";"50 a 59 anos";"86";"96";"82";"111";"97";"126";"89";"123";"81";"110"
"Recife (PE)";"60 anos ou mais";"81";"131";"111";"174";"108";"159";"103";"160";"103";"187"
"Recife (PE)";"60 a 64 anos";"32";"36";"39";"46";"42";"42";"35";"45";"33";"49"
"Recife (PE)";"65 anos ou mais";"48";"96";"72";"127";"66";"116";"68";"115";"70";"138"
"Maceió (AL)";"0 a 4 anos";"32";"41";"38";"35";"28";"34";"28";"29";"35";"27"
"Maceió (AL)";"5 a 13 anos";"73";"55";"62";"62";"56";"54";"61";"65";"62";"66"
"Maceió (AL)";"5 a 9 anos";"38";"29";"37";"32";"33";"29";"32";"38";"34";"33"
"Maceió (AL)";"10 a 13 anos";"35";"27";"25";"30";"24";"26";"29";"27";"28";"32"
"Maceió (AL)";"14 a 17 anos";"27";"29";"25";"29";"28";"29";"28";"28";"29";"25"
"Maceió (AL)";"14 a 15 anos";"14";"14";"11";"15";"14";"16";"14";"17";"14";"11"
"Maceió (AL)";"16 a 17 anos";"13";"14";"14";"14";"14";"13";"14";"11";"15";"15"
"Maceió (AL)";"18 a 19 anos";"17";"13";"16";"14";"19";"13";"17";"17";"17";"15"
"Maceió (AL)";"20 a 24 anos";"41";"36";"48";"53";"50";"52";"37";"41";"39";"36"
"Maceió (AL)";"25 a 29 anos";"47";"50";"34";"44";"44";"45";"38";"38";"47";"38"
"Maceió (AL)";"30 a 39 anos";"77";"86";"77";"81";"65";"79";"69";"80";"72";"78"
"Maceió (AL)";"40 a 49 anos";"65";"78";"69";"76";"69";"87";"70";"84";"67";"78"
"Maceió (AL)";"50 a 59 anos";"48";"65";"47";"57";"46";"67";"59";"73";"53";"67"
"Maceió (AL)";"60 anos ou mais";"48";"66";"54";"75";"55";"73";"52";"81";"59";"85"
"Maceió (AL)";"60 a 64 anos";"18";"21";"21";"23";"21";"23";"22";"27";"19";"29"
"Maceió (AL)";"65 anos ou mais";"30";"45";"33";"52";"34";"49";"30";"54";"41";"56"
"Aracaju (SE)";"0 a 4 anos";"20";"18";"22";"17";"19";"20";"19";"19";"15";"15"
"Aracaju (SE)";"5 a 13 anos";"40";"42";"42";"35";"38";"31";"38";"37";"37";"36"
"Aracaju (SE)";"5 a 9 anos";"21";"18";"23";"17";"21";"19";"22";"20";"19";"18"
"Aracaju (SE)";"10 a 13 anos";"20";"23";"19";"18";"16";"13";"16";"17";"19";"18"
"Aracaju (SE)";"14 a 17 anos";"14";"22";"16";"20";"19";"15";"14";"16";"19";"17"
"Aracaju (SE)";"14 a 15 anos";"7";"11";"8";"11";"10";"8";"6";"5";"12";"8"
"Aracaju (SE)";"16 a 17 anos";"7";"11";"8";"9";"9";"7";"8";"11";"8";"8"
"Aracaju (SE)";"18 a 19 anos";"6";"8";"11";"10";"10";"7";"9";"7";"9";"11"
"Aracaju (SE)";"20 a 24 anos";"26";"24";"27";"28";"30";"26";"27";"23";"21";"23"
"Aracaju (SE)";"25 a 29 anos";"21";"28";"25";"25";"21";"30";"26";"28";"25";"20"
"Aracaju (SE)";"30 a 39 anos";"54";"49";"48";"51";"50";"50";"48";"56";"42";"59"
"Aracaju (SE)";"40 a 49 anos";"43";"49";"42";"45";"38";"50";"47";"49";"47";"60"
"Aracaju (SE)";"50 a 59 anos";"35";"50";"35";"40";"32";"44";"31";"45";"34";"41"
"Aracaju (SE)";"60 anos ou mais";"33";"38";"35";"52";"37";"59";"33";"56";"40";"62"
"Aracaju (SE)";"60 a 64 anos";"12";"13";"14";"19";"15";"19";"13";"15";"16";"17"
"Aracaju (SE)";"65 anos ou mais";"21";"26";"20";"33";"22";"40";"20";"41";"24";"44"
"Salvador (BA)";"0 a 4 anos";"66";"64";"72";"76";"63";"48";"60";"63";"45";"50"
"Salvador (BA)";"5 a 13 anos";"155";"145";"140";"135";"131";"170";"136";"121";"115";"161"
"Salvador (BA)";"5 a 9 anos";"94";"87";"87";"77";"75";"97";"73";"67";"61";"77"
"Salvador (BA)";"10 a 13 anos";"61";"58";"54";"58";"56";"73";"63";"54";"53";"83"
"Salvador (BA)";"14 a 17 anos";"77";"64";"71";"39";"62";"52";"71";"70";"58";"55"
"Salvador (BA)";"14 a 15 anos";"33";"36";"32";"23";"28";"26";"33";"27";"29";"27"
"Salvador (BA)";"16 a 17 anos";"44";"28";"39";"17";"33";"26";"39";"43";"29";"29"
"Salvador (BA)";"18 a 19 anos";"33";"32";"29";"43";"43";"42";"35";"29";"28";"35"
"Salvador (BA)";"20 a 24 anos";"102";"92";"99";"99";"88";"110";"99";"105";"108";"99"
"Salvador (BA)";"25 a 29 anos";"91";"125";"90";"117";"104";"102";"105";"81";"79";"113"
"Salvador (BA)";"30 a 39 anos";"166";"199";"189";"250";"180";"187";"158";"202";"177";"196"
"Salvador (BA)";"40 a 49 anos";"172";"251";"163";"204";"202";"225";"200";"233";"199";"229"
"Salvador (BA)";"50 a 59 anos";"156";"194";"132";"185";"150";"195";"143";"210";"136";"207"
"Salvador (BA)";"60 anos ou mais";"159";"242";"158";"286";"156";"264";"168";"278";"198";"274"
"Salvador (BA)";"60 a 64 anos";"51";"60";"53";"93";"52";"77";"57";"81";"66";"71"
"Salvador (BA)";"65 anos ou mais";"107";"181";"105";"192";"104";"187";"111";"197";"132";"203"
"Belo Horizonte (MG)";"0 a 4 anos";"73";"71";"80";"57";"65";"70";"65";"65";"53";"59"
"Belo Horizonte (MG)";"5 a 13 anos";"125";"124";"133";"97";"129";"109";"136";"102";"123";"123"
"Belo Horizonte (MG)";"5 a 9 anos";"80";"62";"71";"59";"65";"65";"76";"61";"67";"70"
"Belo Horizonte (MG)";"10 a 13 anos";"44";"62";"62";"38";"65";"44";"60";"41";"56";"53"
"Belo Horizonte (MG)";"14 a 17 anos";"54";"56";"46";"48";"51";"54";"57";"59";"62";"47"
"Belo Horizonte (MG)";"14 a 15 anos";"27";"28";"21";"27";"30";"30";"24";"36";"38";"19"
"Belo Horizonte (MG)";"16 a 17 anos";"27";"27";"25";"22";"21";"24";"33";"23";"24";"28"
"Belo Horizonte (MG)";"18 a 19 anos";"30";"22";"28";"29";"25";"33";"27";"25";"28";"39"
"Belo Horizonte (MG)";"20 a 24 anos";"90";"92";"79";"95";"102";"87";"87";"100";"84";"73"
"Belo Horizonte (MG)";"25 a 29 anos";"96";"103";"97";"80";"132";"108";"98";"107";"100";"87"
"Belo Horizonte (MG)";"30 a 39 anos";"229";"225";"244";"195";"206";"191";"186";"197";"189";"199"
"Belo Horizonte (MG)";"40 a 49 anos";"173";"183";"163";"192";"177";"182";"169";"194";"194";"212"
"Belo Horizonte (MG)";"50 a 59 anos";"120";"159";"138";"148";"126";"161";"127";"175";"137";"147"
"Belo Horizonte (MG)";"60 anos ou mais";"161";"231";"178";"287";"165";"243";"175";"267";"190";"271"
"Belo Horizonte (MG)";"60 a 64 anos";"55";"71";"52";"82";"52";"74";"54";"66";"59";"71"
"Belo Horizonte (MG)";"65 anos ou mais";"107";"160";"126";"206";"113";"169";"122";"202";"131";"200"
"Vitória (ES)";"0 a 4 anos";"11";"11";"8";"7";"10";"7";"11";"8";"7";"9"
"Vitória (ES)";"5 a 13 anos";"19";"18";"16";"17";"16";"17";"19";"16";"21";"16"
"Vitória (ES)";"5 a 9 anos";"10";"10";"9";"10";"9";"8";"11";"8";"11";"9"
"Vitória (ES)";"10 a 13 anos";"9";"8";"7";"6";"7";"9";"8";"8";"10";"7"
"Vitória (ES)";"14 a 17 anos";"6";"9";"7";"8";"5";"7";"7";"8";"7";"9"
"Vitória (ES)";"14 a 15 anos";"2";"4";"3";"3";"3";"4";"4";"3";"5";"5"
"Vitória (ES)";"16 a 17 anos";"4";"5";"4";"5";"2";"3";"3";"5";"2";"4"
"Vitória (ES)";"18 a 19 anos";"3";"4";"4";"7";"5";"3";"5";"5";"4";"4"
"Vitória (ES)";"20 a 24 anos";"12";"12";"12";"17";"10";"13";"12";"12";"12";"14"
"Vitória (ES)";"25 a 29 anos";"13";"12";"11";"12";"13";"15";"9";"15";"13";"15"
"Vitória (ES)";"30 a 39 anos";"32";"28";"28";"24";"30";"30";"29";"24";"26";"28"
"Vitória (ES)";"40 a 49 anos";"24";"25";"23";"27";"22";"26";"21";"28";"23";"30"
"Vitória (ES)";"50 a 59 anos";"16";"27";"17";"21";"16";"22";"17";"23";"15";"20"
"Vitória (ES)";"60 anos ou mais";"27";"33";"33";"44";"30";"45";"32";"44";"28";"42"
"Vitória (ES)";"60 a 64 anos";"7";"9";"8";"11";"9";"11";"12";"13";"6";"12"
"Vitória (ES)";"65 anos ou mais";"20";"23";"25";"33";"21";"34";"20";"32";"21";"30"
"Rio de Janeiro (RJ)";"0 a 4 anos";"162";"136";"199";"155";"144";"170";"141";"138";"162";"154"
"Rio de Janeiro (RJ)";"5 a 13 anos";"336";"358";"298";"314";"344";"331";"366";"331";"350";"303"
"Rio de Janeiro (RJ)";"5 a 9 anos";"166";"219";"168";"175";"190";"194";"187";"181";"171";"158"
"Rio de Janeiro (RJ)";"10 a 13 anos";"170";"140";"130";"139";"154";"138";"179";"151";"179";"145"
"Rio de Janeiro (RJ)";"14 a 17 anos";"136";"186";"141";"140";"136";"149";"163";"170";"147";"153"
"Rio de Janeiro (RJ)";"14 a 15 anos";"62";"96";"66";"59";"71";"66";"90";"82";"79";"68"
"Rio de Janeiro (RJ)";"16 a 17 anos";"74";"90";"75";"82";"65";"82";"73";"89";"68";"86"
"Rio de Janeiro (RJ)";"18 a 19 anos";"81";"61";"81";"80";"69";"88";"69";"70";"75";"73"
"Rio de Janeiro (RJ)";"20 a 24 anos";"268";"237";"245";"238";"221";"193";"220";"199";"224";"199"
"Rio de Janeiro (RJ)";"25 a 29 anos";"262";"234";"259";"260";"239";"242";"220";"258";"240";"239"
"Rio de Janeiro (RJ)";"30 a 39 anos";"505";"537";"515";"535";"488";"523";"476";"485";"471";"479"
"Rio de Janeiro (RJ)";"40 a 49 anos";"453";"484";"495";"528";"518";"561";"490";"593";"497";"567"
"Rio de Janeiro (RJ)";"50 a 59 anos";"438";"468";"385";"483";"398";"483";"419";"473";"420";"482"
"Rio de Janeiro (RJ)";"60 anos ou mais";"531";"857";"550";"827";"574";"857";"583";"863";"606";"890"
"Rio de Janeiro (RJ)";"60 a 64 anos";"132";"247";"171";"212";"173";"232";"192";"222";"192";"231"
"Rio de Janeiro (RJ)";"65 anos ou mais";"399";"610";"380";"615";"401";"625";"392";"641";"415";"659"
"São Paulo (SP)";"0 a 4 anos";"367";"268";"324";"342";"309";"305";"312";"253";"286";"241"
"São Paulo (SP)";"5 a 13 anos";"634";"622";"670";"602";"652";"627";"637";"577";"642";"673"
"São Paulo (SP)";"5 a 9 anos";"339";"363";"370";"338";"381";"351";"361";"304";"336";"344"
"São Paulo (SP)";"10 a 13 anos";"295";"259";"300";"265";"271";"275";"276";"273";"306";"329"
"São Paulo (SP)";"14 a 17 anos";"340";"326";"269";"275";"311";"320";"330";"331";"310";"272"
"São Paulo (SP)";"14 a 15 anos";"159";"168";"157";"122";"154";"158";"163";"177";"132";"114"
"São Paulo (SP)";"16 a 17 anos";"180";"158";"112";"153";"157";"162";"167";"154";"178";"158"
"São Paulo (SP)";"18 a 19 anos";"144";"137";"129";"153";"170";"173";"190";"113";"129";"151"
"São Paulo (SP)";"20 a 24 anos";"471";"513";"448";"428";"472";"453";"403";"403";"422";"438"
"São Paulo (SP)";"25 a 29 anos";"500";"446";"512";"549";"517";"427";"464";"455";"517";"426"
"São Paulo (SP)";"30 a 39 anos";"944";"988";"987";"957";"849";"921";"899";"940";"979";"880"
"São Paulo (SP)";"40 a 49 anos";"756";"880";"762";"903";"829";"988";"887";"961";"959";"994"
"São Paulo (SP)";"50 a 59 anos";"683";"835";"709";"813";"644";"773";"704";"817";"704";"829"
"São Paulo (SP)";"60 anos ou mais";"830";"1187";"835";"1211";"844";"1302";"892";"1326";"801";"1247"
"São Paulo (SP)";"60 a 64 anos";"276";"354";"238";"340";"263";"365";"295";"343";"245";"344"
"São Paulo (SP)";"65 anos ou mais";"554";"833";"598";"871";"581";"937";"597";"983";"556";"903"
"Curitiba (PR)";"0 a 4 anos";"48";"55";"41";"43";"36";"42";"38";"50";"40";"34"
"Curitiba (PR)";"5 a 13 anos";"110";"109";"100";"93";"99";"98";"83";"100";"96";"97"
"Curitiba (PR)";"5 a 9 anos";"53";"59";"50";"53";"55";"55";"47";"60";"50";"46"
"Curitiba (PR)";"10 a 13 anos";"57";"50";"50";"40";"44";"43";"36";"40";"47";"50"
"Curitiba (PR)";"14 a 17 anos";"47";"45";"55";"47";"41";"46";"45";"46";"50";"42"
"Curitiba (PR)";"14 a 15 anos";"23";"23";"27";"25";"19";"26";"25";"18";"19";"26"
"Curitiba (PR)";"16 a 17 anos";"24";"22";"28";"22";"22";"20";"20";"28";"31";"16"
"Curitiba (PR)";"18 a 19 anos";"37";"20";"28";"27";"34";"23";"21";"21";"26";"29"
"Curitiba (PR)";"20 a 24 anos";"64";"60";"82";"63";"79";"65";"80";"59";"66";"63"
"Curitiba (PR)";"25 a 29 anos";"76";"67";"84";"69";"75";"79";"71";"67";"72";"65"
"Curitiba (PR)";"30 a 39 anos";"162";"154";"145";"149";"153";"145";"150";"145";"145";"136"
"Curitiba (PR)";"40 a 49 anos";"130";"146";"136";"140";"134";"158";"140";"154";"144";"169"
"Curitiba (PR)";"50 a 59 anos";"103";"112";"113";"128";"100";"117";"109";"127";"100";"127"
"Curitiba (PR)";"60 anos ou mais";"113";"167";"119";"164";"132";"171";"136";"187";"136";"194"
"Curitiba (PR)";"60 a 64 anos";"38";"61";"40";"54";"41";"50";"35";"51";"47";"54"
"Curitiba (PR)";"65 anos ou mais";"75";"106";"79";"110";"91";"121";"101";"136";"88";"140"
"Florianópolis (SC)";"0 a 4 anos";"15";"18";"15";"14";"16";"13";"10";"10";"11";"7"
"Florianópolis (SC)";"5 a 13 anos";"26";"24";"24";"26";"31";"23";"27";"24";"26";"23"
"Florianópolis (SC)";"5 a 9 anos";"15";"18";"14";"15";"18";"11";"16";"12";"18";"15"
"Florianópolis (SC)";"10 a 13 anos";"12";"7";"10";"11";"14";"12";"11";"11";"9";"8"
"Florianópolis (SC)";"14 a 17 anos";"15";"12";"11";"11";"11";"10";"11";"10";"12";"11"
"Florianópolis (SC)";"14 a 15 anos";"10";"5";"4";"5";"5";"4";"6";"3";"6";"5"
"Florianópolis (SC)";"16 a 17 anos";"6";"7";"6";"6";"6";"6";"5";"7";"6";"6"
"Florianópolis (SC)";"18 a 19 anos";"4";"4";"6";"7";"4";"7";"5";"7";"8";"7"
"Florianópolis (SC)";"20 a 24 anos";"18";"18";"21";"24";"22";"20";"26";"21";"23";"17"
"Florianópolis (SC)";"25 a 29 anos";"21";"17";"18";"21";"29";"28";"31";"23";"29";"26"
"Florianópolis (SC)";"30 a 39 anos";"56";"51";"49";"44";"50";"51";"51";"48";"49";"54"
"Florianópolis (SC)";"40 a 49 anos";"35";"43";"37";"52";"47";"43";"43";"45";"51";"45"
"Florianópolis (SC)";"50 a 59 anos";"32";"39";"36";"36";"32";"33";"29";"32";"38";"41"
"Florianópolis (SC)";"60 anos ou mais";"42";"52";"42";"60";"41";"54";"57";"65";"49";"61"
"Florianópolis (SC)";"60 a 64 anos";"14";"17";"13";"18";"14";"16";"15";"21";"19";"18"
"Florianópolis (SC)";"65 anos ou mais";"28";"35";"29";"42";"27";"38";"42";"44";"30";"43"
"Porto Alegre (RS)";"0 a 4 anos";"39";"29";"30";"34";"34";"34";"29";"33";"34";"28"
"Porto Alegre (RS)";"5 a 13 anos";"67";"73";"65";"72";"60";"77";"73";"66";"62";"62"
"Porto Alegre (RS)";"5 a 9 anos";"37";"35";"37";"43";"30";"40";"38";"34";"31";"30"
"Porto Alegre (RS)";"10 a 13 anos";"30";"39";"28";"30";"30";"37";"35";"32";"31";"32"
"Porto Alegre (RS)";"14 a 17 anos";"25";"41";"34";"24";"31";"39";"23";"32";"33";"29"
"Porto Alegre (RS)";"14 a 15 anos";"15";"21";"18";"14";"14";"18";"13";"20";"18";"15"
"Porto Alegre (RS)";"16 a 17 anos";"10";"20";"16";"10";"17";"21";"10";"12";"15";"15"
"Porto Alegre (RS)";"18 a 19 anos";"19";"19";"14";"20";"18";"14";"16";"18";"14";"11"
"Porto Alegre (RS)";"20 a 24 anos";"55";"55";"47";"49";"54";"51";"50";"50";"49";"51"
"Porto Alegre (RS)";"25 a 29 anos";"51";"59";"50";"48";"51";"58";"56";"52";"62";"52"
"Porto Alegre (RS)";"30 a 39 anos";"99";"109";"107";"109";"96";"106";"102";"91";"99";"95"
"Porto Alegre (RS)";"40 a 49 anos";"97";"98";"100";"110";"104";"100";"105";"117";"102";"110"
"Porto Alegre (RS)";"50 a 59 anos";"68";"94";"67";"97";"72";"95";"76";"88";"77";"95"
"Porto Alegre (RS)";"60 anos ou mais";"114";"180";"129";"184";"115";"180";"128";"186";"135";"189"
"Porto Alegre (RS)";"60 a 64 anos";"41";"55";"39";"50";"37";"45";"35";"50";"37";"52"
"Porto Alegre (RS)";"65 anos ou mais";"73";"125";"90";"134";"78";"135";"93";"136";"99";"137"
"Campo Grande (MS)";"0 a 4 anos";"36";"37";"42";"35";"35";"29";"37";"36";"27";"27"
"Campo Grande (MS)";"5 a 13 anos";"67";"56";"56";"46";"69";"63";"64";"69";"68";"58"
"Campo Grande (MS)";"5 a 9 anos";"44";"34";"37";"27";"37";"37";"35";"38";"40";"33"
"Campo Grande (MS)";"10 a 13 anos";"23";"22";"19";"19";"32";"26";"29";"31";"28";"25"
"Campo Grande (MS)";"14 a 17 anos";"26";"25";"23";"25";"28";"24";"26";"30";"26";"27"
"Campo Grande (MS)";"14 a 15 anos";"12";"14";"12";"14";"13";"12";"15";"11";"13";"15"
"Campo Grande (MS)";"16 a 17 anos";"13";"12";"11";"11";"15";"12";"10";"19";"13";"12"
"Campo Grande (MS)";"18 a 19 anos";"14";"12";"12";"13";"17";"15";"12";"15";"13";"14"
"Campo Grande (MS)";"20 a 24 anos";"33";"37";"43";"37";"32";"29";"34";"35";"37";"35"
"Campo Grande (MS)";"25 a 29 anos";"38";"32";"34";"42";"36";"43";"35";"37";"44";"34"
"Campo Grande (MS)";"30 a 39 anos";"70";"77";"72";"78";"70";"78";"70";"82";"67";"76"
"Campo Grande (MS)";"40 a 49 anos";"67";"73";"70";"73";"68";"69";"69";"73";"76";"78"
"Campo Grande (MS)";"50 a 59 anos";"47";"59";"60";"58";"51";"59";"46";"53";"56";"61"
"Campo Grande (MS)";"60 anos ou mais";"56";"68";"51";"68";"59";"70";"56";"77";"60";"79"
"Campo Grande (MS)";"60 a 64 anos";"20";"23";"19";"20";"16";"18";"20";"26";"22";"22"
"Campo Grande (MS)";"65 anos ou mais";"36";"45";"32";"48";"43";"52";"36";"51";"38";"57"
"Cuiabá (MT)";"0 a 4 anos";"26";"25";"33";"26";"23";"23";"25";"24";"24";"29"
"Cuiabá (MT)";"5 a 13 anos";"39";"35";"46";"40";"43";"37";"35";"37";"37";"45"
"Cuiabá (MT)";"5 a 9 anos";"21";"18";"25";"22";"24";"15";"21";"21";"21";"22"
"Cuiabá (MT)";"10 a 13 anos";"18";"17";"21";"18";"19";"22";"14";"17";"16";"23"
"Cuiabá (MT)";"14 a 17 anos";"14";"27";"20";"23";"16";"25";"16";"25";"18";"18"
"Cuiabá (MT)";"14 a 15 anos";"7";"14";"10";"13";"7";"12";"6";"11";"11";"9"
"Cuiabá (MT)";"16 a 17 anos";"7";"12";"9";"11";"10";"14";"10";"14";"7";"9"
"Cuiabá (MT)";"18 a 19 anos";"9";"11";"5";"10";"13";"6";"9";"13";"8";"11"
"Cuiabá (MT)";"20 a 24 anos";"26";"24";"37";"28";"28";"26";"33";"33";"24";"27"
"Cuiabá (MT)";"25 a 29 anos";"34";"20";"24";"25";"22";"29";"23";"22";"29";"23"
"Cuiabá (MT)";"30 a 39 anos";"61";"47";"52";"57";"49";"54";"54";"48";"57";"55"
"Cuiabá (MT)";"40 a 49 anos";"41";"55";"43";"41";"54";"51";"53";"52";"51";"55"
"Cuiabá (MT)";"50 a 59 anos";"37";"33";"30";"40";"37";"40";"36";"46";"39";"38"
"Cuiabá (MT)";"60 anos ou mais";"40";"53";"41";"45";"41";"56";"45";"57";"45";"61"
"Cuiabá (MT)";"60 a 64 anos";"20";"18";"14";"17";"13";"14";"12";"16";"13";"16"
"Cuiabá (MT)";"65 anos ou mais";"20";"35";"27";"28";"28";"42";"32";"41";"31";"45"
"Goiânia (GO)";"0 a 4 anos";"43";"48";"40";"36";"43";"41";"48";"36";"37";"33"
"Goiânia (GO)";"5 a 13 anos";"66";"93";"73";"83";"76";"62";"93";"83";"70";"77"
"Goiânia (GO)";"5 a 9 anos";"33";"57";"42";"50";"43";"33";"53";"47";"34";"42"
"Goiânia (GO)";"10 a 13 anos";"33";"37";"30";"33";"33";"29";"40";"36";"35";"34"
"Goiânia (GO)";"14 a 17 anos";"33";"32";"40";"36";"39";"40";"37";"31";"34";"40"
"Goiânia (GO)";"14 a 15 anos";"16";"12";"21";"16";"20";"17";"17";"16";"15";"20"
"Goiânia (GO)";"16 a 17 anos";"17";"19";"19";"20";"19";"23";"20";"14";"18";"20"
"Goiânia (GO)";"18 a 19 anos";"21";"20";"21";"19";"19";"27";"16";"24";"17";"19"
"Goiânia (GO)";"20 a 24 anos";"71";"53";"66";"57";"63";"69";"69";"56";"59";"60"
"Goiânia (GO)";"25 a 29 anos";"58";"63";"63";"67";"67";"63";"79";"76";"72";"66"
"Goiânia (GO)";"30 a 39 anos";"114";"130";"105";"113";"115";"105";"127";"126";"126";"131"
"Goiânia (GO)";"40 a 49 anos";"92";"104";"99";"113";"99";"118";"102";"114";"104";"102"
"Goiânia (GO)";"50 a 59 anos";"84";"104";"91";"106";"80";"94";"78";"89";"98";"109"
"Goiânia (GO)";"60 anos ou mais";"98";"139";"103";"146";"112";"154";"80";"131";"98";"151"
"Goiânia (GO)";"60 a 64 anos";"32";"41";"31";"46";"40";"55";"24";"43";"33";"44"
"Goiânia (GO)";"65 anos ou mais";"66";"98";"73";"100";"72";"100";"56";"89";"65";"107"
"Brasília (DF)";"0 a 4 anos";"104";"94";"107";"88";"81";"86";"89";"85";"81";"81"
"Brasília (DF)";"5 a 13 anos";"175";"186";"186";"183";"182";"170";"188";"182";"177";"173"
"Brasília (DF)";"5 a 9 anos";"103";"116";"110";"104";"98";"103";"106";"107";"98";"92"
"Brasília (DF)";"10 a 13 anos";"72";"70";"77";"79";"84";"68";"83";"75";"79";"81"
"Brasília (DF)";"14 a 17 anos";"87";"91";"92";"94";"73";"77";"91";"93";"111";"80"
"Brasília (DF)";"14 a 15 anos";"39";"51";"41";"45";"39";"34";"48";"48";"53";"41"
"Brasília (DF)";"16 a 17 anos";"49";"39";"51";"49";"34";"43";"43";"46";"59";"39"
"Brasília (DF)";"18 a 19 anos";"49";"54";"43";"44";"40";"56";"38";"41";"47";"50"
"Brasília (DF)";"20 a 24 anos";"131";"116";"137";"134";"126";"112";"124";"115";"127";"111"
"Brasília (DF)";"25 a 29 anos";"127";"133";"117";"122";"112";"126";"137";"121";"129";"114"
"Brasília (DF)";"30 a 39 anos";"242";"248";"225";"262";"251";"242";"211";"243";"228";"226"
"Brasília (DF)";"40 a 49 anos";"202";"233";"221";"254";"232";"278";"229";"252";"216";"259"
"Brasília (DF)";"50 a 59 anos";"160";"190";"142";"173";"153";"188";"156";"188";"168";"202"
"Brasília (DF)";"60 anos ou mais";"131";"186";"151";"179";"164";"219";"171";"228";"177";"239"
"Brasília (DF)";"60 a 64 anos";"42";"53";"59";"55";"56";"74";"61";"63";"61";"68"
"Brasília (DF)";"65 anos ou mais";"89";"132";"91";"124";"108";"146";"111";"165";"116";"171"
"Manaus (AM)";"0 a 4 anos";"90";"90";"109";"101";"113";"86";"103";"82";"85";"103"
"Manaus (AM)";"5 a 13 anos";"220";"168";"197";"192";"204";"183";"182";"176";"216";"185"
"Manaus (AM)";"5 a 9 anos";"140";"94";"113";"106";"109";"101";"96";"91";"113";"106"
"Manaus (AM)";"10 a 13 anos";"79";"73";"84";"86";"94";"82";"86";"86";"102";"79"
"Manaus (AM)";"14 a 17 anos";"102";"76";"83";"76";"98";"99";"87";"82";"86";"77"
"Manaus (AM)";"14 a 15 anos";"54";"32";"39";"37";"46";"37";"39";"35";"41";"37"
"Manaus (AM)";"16 a 17 anos";"48";"44";"45";"39";"53";"62";"48";"46";"46";"40"
"Manaus (AM)";"18 a 19 anos";"50";"40";"49";"47";"45";"42";"41";"46";"47";"52"
"Manaus (AM)";"20 a 24 anos";"113";"117";"110";"117";"116";"123";"124";"116";"101";"106"
"Manaus (AM)";"25 a 29 anos";"122";"109";"116";"114";"113";"105";"108";"127";"102";"116"
"Manaus (AM)";"30 a 39 anos";"209";"202";"197";"230";"200";"210";"210";"216";"214";"224"
"Manaus (AM)";"40 a 49 anos";"166";"186";"184";"196";"195";"202";"182";"189";"183";"208"
"Manaus (AM)";"50 a 59 anos";"133";"127";"115";"132";"124";"121";"129";"149";"127";"145"
"Manaus (AM)";"60 anos ou mais";"118";"140";"102";"137";"110";"143";"137";"176";"137";"177"
"Manaus (AM)";"60 a 64 anos";"47";"48";"37";"45";"37";"47";"49";"68";"51";"53"
"Manaus (AM)";"65 anos ou mais";"71";"92";"65";"91";"74";"95";"88";"108";"86";"124"
"Belém (PA)";"0 a 4 anos";"77";"91";"72";"64";"61";"61";"64";"61";"55";"53"
"Belém (PA)";"5 a 13 anos";"154";"141";"143";"117";"126";"122";"121";"122";"143";"122"
"Belém (PA)";"5 a 9 anos";"88";"82";"79";"73";"71";"70";"66";"61";"81";"65"
"Belém (PA)";"10 a 13 anos";"66";"59";"64";"43";"56";"52";"55";"62";"62";"57"
"Belém (PA)";"14 a 17 anos";"75";"61";"68";"63";"62";"61";"71";"68";"66";"51"
"Belém (PA)";"14 a 15 anos";"31";"28";"41";"29";"25";"33";"36";"30";"30";"26"
"Belém (PA)";"16 a 17 anos";"44";"33";"27";"34";"37";"29";"35";"38";"36";"25"
"Belém (PA)";"18 a 19 anos";"38";"32";"40";"33";"40";"35";"34";"39";"30";"38"
"Belém (PA)";"20 a 24 anos";"75";"82";"105";"100";"87";"89";"91";"96";"94";"83"
"Belém (PA)";"25 a 29 anos";"70";"103";"80";"83";"91";"92";"75";"81";"87";"81"
"Belém (PA)";"30 a 39 anos";"176";"204";"165";"168";"172";"191";"163";"166";"145";"167"
"Belém (PA)";"40 a 49 anos";"150";"154";"151";"190";"145";"165";"152";"189";"160";"195"
"Belém (PA)";"50 a 59 anos";"108";"126";"122";"134";"126";"148";"136";"150";"132";"150"
"Belém (PA)";"60 anos ou mais";"107";"163";"110";"180";"134";"182";"121";"194";"146";"199"
"Belém (PA)";"60 a 64 anos";"36";"53";"35";"52";"46";"59";"45";"62";"56";"58"
"Belém (PA)";"65 anos ou mais";"71";"111";"75";"128";"88";"123";"76";"132";"90";"141"
"Macapá (AP)";"0 a 4 anos";"24";"30";"29";"25";"14";"18";"26";"25";"19";"20"
"Macapá (AP)";"5 a 13 anos";"42";"39";"42";"39";"42";"37";"50";"45";"46";"44"
"Macapá (AP)";"5 a 9 anos";"27";"23";"25";"25";"27";"20";"27";"27";"22";"26"
"Macapá (AP)";"10 a 13 anos";"15";"16";"18";"14";"15";"17";"23";"18";"24";"19"
"Macapá (AP)";"14 a 17 anos";"18";"18";"22";"20";"21";"21";"19";"16";"20";"21"
"Macapá (AP)";"14 a 15 anos";"10";"10";"11";"10";"10";"8";"9";"8";"9";"10"
"Macapá (AP)";"16 a 17 anos";"8";"9";"11";"9";"11";"13";"9";"8";"11";"10"
"Macapá (AP)";"18 a 19 anos";"10";"12";"14";"10";"7";"12";"11";"10";"10";"9"
"Macapá (AP)";"20 a 24 anos";"35";"33";"30";"28";"34";"40";"28";"34";"29";"29"
"Macapá (AP)";"25 a 29 anos";"31";"27";"30";"29";"34";"27";"27";"26";"27";"30"
"Macapá (AP)";"30 a 39 anos";"45";"45";"44";"53";"44";"41";"46";"45";"44";"51"
"Macapá (AP)";"40 a 49 anos";"39";"40";"38";"37";"34";"47";"38";"41";"39";"43"
"Macapá (AP)";"50 a 59 anos";"23";"27";"25";"29";"31";"34";"28";"32";"33";"34"
"Macapá (AP)";"60 anos ou mais";"23";"34";"24";"31";"28";"37";"25";"34";"26";"33"
"Macapá (AP)";"60 a 64 anos";"9";"11";"9";"13";"10";"11";"7";"11";"10";"13"
"Macapá (AP)";"65 anos ou mais";"14";"23";"15";"18";"18";"26";"18";"23";"16";"20"
"Grande São Luís (MA)";"0 a 4 anos";"46";"61";"47";"52";"40";"55";"46";"52";"57";"48"
"Grande São Luís (MA)";"5 a 13 anos";"101";"107";"105";"74";"93";"100";"106";"103";"91";"88"
"Grande São Luís (MA)";"5 a 9 anos";"64";"55";"66";"38";"49";"50";"58";"56";"48";"56"
"Grande São Luís (MA)";"10 a 13 anos";"37";"52";"39";"35";"44";"50";"49";"47";"43";"31"
"Grande São Luís (MA)";"14 a 17 anos";"60";"49";"56";"50";"42";"41";"43";"50";"40";"42"
"Grande São Luís (MA)";"14 a 15 anos";"32";"22";"31";"26";"18";"18";"22";"24";"22";"21"
"Grande São Luís (MA)";"16 a 17 anos";"29";"27";"25";"24";"24";"23";"21";"26";"19";"22"
"Grande São Luís (MA)";"18 a 19 anos";"21";"22";"27";"21";"25";"31";"27";"28";"21";"35"
"Grande São Luís (MA)";"20 a 24 anos";"66";"66";"61";"84";"66";"92";"69";"69";"71";"68"
"Grande São Luís (MA)";"25 a 29 anos";"52";"68";"65";"65";"70";"54";"56";"60";"55";"58"
"Grande São Luís (MA)";"30 a 39 anos";"133";"133";"122";"132";"113";"129";"134";"140";"114";"138"
"Grande São Luís (MA)";"40 a 49 anos";"97";"124";"101";"130";"102";"143";"90";"115";"112";"129"
"Grande São Luís (MA)";"50 a 59 anos";"76";"97";"71";"81";"72";"81";"70";"94";"73";"100"
"Grande São Luís (MA)";"60 anos ou mais";"66";"90";"78";"120";"77";"118";"86";"109";"83";"129"
"Grande São Luís (MA)";"60 a 64 anos";"27";"28";"24";"36";"28";"40";"30";"35";"27";"41"
"Grande São Luís (MA)";"65 anos ou mais";"39";"62";"54";"84";"49";"79";"56";"74";"56";"88"
"Fortaleza (CE)";"0 a 4 anos";"130";"117";"122";"132";"141";"118";"123";"102";"131";"106"
"Fortaleza (CE)";"5 a 13 anos";"230";"290";"230";"249";"247";"229";"232";"203";"237";"229"
"Fortaleza (CE)";"5 a 9 anos";"125";"160";"125";"136";"129";"130";"119";"101";"128";"126"
"Fortaleza (CE)";"10 a 13 anos";"105";"130";"104";"114";"118";"99";"113";"102";"109";"104"
"Fortaleza (CE)";"14 a 17 anos";"118";"134";"92";"128";"110";"112";"119";"108";"119";"106"
"Fortaleza (CE)";"14 a 15 anos";"53";"68";"45";"62";"53";"56";"52";"45";"62";"49"
"Fortaleza (CE)";"16 a 17 anos";"66";"66";"47";"66";"57";"57";"67";"63";"57";"57"
"Fortaleza (CE)";"18 a 19 anos";"45";"45";"66";"52";"58";"47";"50";"40";"64";"51"
"Fortaleza (CE)";"20 a 24 anos";"171";"155";"161";"159";"146";"130";"169";"143";"144";"144"
"Fortaleza (CE)";"25 a 29 anos";"144";"195";"174";"171";"156";"177";"140";"153";"144";"177"
"Fortaleza (CE)";"30 a 39 anos";"317";"310";"327";"324";"316";"350";"287";"292";"294";"343"
"Fortaleza (CE)";"40 a 49 anos";"295";"292";"230";"312";"257";"291";"257";"324";"269";"310"
"Fortaleza (CE)";"50 a 59 anos";"172";"253";"205";"267";"205";"280";"207";"296";"219";"277"
"Fortaleza (CE)";"60 anos ou mais";"219";"294";"234";"306";"236";"352";"298";"432";"254";"375"
"Fortaleza (CE)";"60 a 64 anos";"71";"84";"72";"98";"81";"102";"100";"129";"82";"111"
"Fortaleza (CE)";"65 anos ou mais";"148";"210";"162";"208";"154";"250";"197";"303";"172";"264"
"Natal (RN)";"0 a 4 anos";"46";"44";"46";"42";"56";"60";"38";"37";"55";"29"
"Natal (RN)";"5 a 13 anos";"90";"93";"102";"88";"91";"104";"105";"91";"90";"82"
"Natal (RN)";"5 a 9 anos";"51";"55";"50";"52";"59";"50";"62";"52";"50";"44"
"Natal (RN)";"10 a 13 anos";"39";"39";"52";"36";"32";"54";"44";"39";"40";"38"
"Natal (RN)";"14 a 17 anos";"35";"38";"43";"38";"61";"53";"43";"46";"40";"36"
"Natal (RN)";"14 a 15 anos";"21";"18";"23";"15";"31";"28";"22";"25";"17";"20"
"Natal (RN)";"16 a 17 anos";"14";"20";"20";"23";"30";"25";"21";"21";"23";"16"
"Natal (RN)";"18 a 19 anos";"20";"26";"25";"20";"21";"19";"17";"18";"22";"22"
"Natal (RN)";"20 a 24 anos";"63";"56";"53";"55";"49";"57";"60";"59";"52";"62"
"Natal (RN)";"25 a 29 anos";"77";"65";"75";"67";"57";"58";"51";"48";"57";"57"
"Natal (RN)";"30 a 39 anos";"128";"121";"114";"116";"114";"127";"126";"121";"112";"123"
"Natal (RN)";"40 a 49 anos";"110";"115";"107";"119";"97";"109";"115";"142";"115";"126"
"Natal (RN)";"50 a 59 anos";"85";"88";"76";"96";"74";"97";"77";"93";"84";"105"
"Natal (RN)";"60 anos ou mais";"90";"127";"100";"138";"92";"129";"108";"138";"114";"157"
"Natal (RN)";"60 a 64 anos";"32";"46";"39";"35";"29";"31";"39";"40";"38";"42"
"Natal (RN)";"65 anos ou mais";"57";"80";"61";"104";"62";"98";"69";"98";"76";"116"
"João Pessoa (PB)";"0 a 4 anos";"61";"50";"40";"50";"46";"50";"45";"36";"40";"49"
"João Pessoa (PB)";"5 a 13 anos";"80";"87";"90";"87";"94";"90";"98";"91";"106";"88"
"João Pessoa (PB)";"5 a 9 anos";"48";"40";"51";"51";"53";"44";"59";"51";"63";"42"
"João Pessoa (PB)";"10 a 13 anos";"32";"47";"40";"36";"41";"45";"38";"41";"43";"46"
"João Pessoa (PB)";"14 a 17 anos";"52";"36";"44";"34";"40";"37";"42";"38";"43";"38"
"João Pessoa (PB)";"14 a 15 anos";"21";"22";"21";"16";"23";"17";"16";"18";"17";"16"
"João Pessoa (PB)";"16 a 17 anos";"30";"14";"23";"18";"17";"21";"27";"20";"25";"22"
"João Pessoa (PB)";"18 a 19 anos";"17";"22";"22";"17";"24";"18";"21";"14";"19";"24"
"João Pessoa (PB)";"20 a 24 anos";"59";"61";"56";"55";"54";"60";"57";"50";"54";"59"
"João Pessoa (PB)";"25 a 29 anos";"49";"64";"50";"52";"44";"59";"53";"56";"49";"54"
"João Pessoa (PB)";"30 a 39 anos";"94";"104";"105";"110";"108";"121";"121";"118";"103";"117"
"João Pessoa (PB)";"40 a 49 anos";"93";"110";"105";"113";"97";"116";"100";"113";"105";"112"
"João Pessoa (PB)";"50 a 59 anos";"92";"86";"77";"82";"73";"91";"76";"86";"76";"89"
"João Pessoa (PB)";"60 anos ou mais";"68";"99";"86";"121";"78";"108";"88";"116";"89";"119"
"João Pessoa (PB)";"60 a 64 anos";"26";"28";"25";"34";"25";"33";"29";"31";"36";"36"
"João Pessoa (PB)";"65 anos ou mais";"42";"71";"61";"87";"53";"75";"59";"84";"53";"83"
"Recife (PE)";"0 a 4 anos";"127";"132";"115";"136";"119";"120";"115";"99";"117";"97"
"Recife (PE)";"5 a 13 anos";"244";"259";"239";"218";"261";"206";"248";"245";"287";"237"
"Recife (PE)";"5 a 9 anos";"146";"138";"136";"129";"150";"115";"136";"139";"143";"140"
"Recife (PE)";"10 a 13 anos";"98";"122";"103";"89";"111";"92";"112";"106";"144";"98"
"Recife (PE)";"14 a 17 anos";"125";"106";"106";"110";"116";"90";"110";"103";"107";"95"
"Recife (PE)";"14 a 15 anos";"60";"51";"55";"57";"64";"45";"46";"52";"54";"42"
"Recife (PE)";"16 a 17 anos";"65";"56";"51";"53";"53";"46";"64";"52";"53";"53"
"Recife (PE)";"18 a 19 anos";"68";"72";"57";"59";"55";"67";"37";"52";"55";"46"
"Recife (PE)";"20 a 24 anos";"170";"149";"163";"149";"150";"150";"143";"156";"130";"140"
"Recife (PE)";"25 a 29 anos";"140";"143";"127";"152";"141";"160";"132";"158";"140";"136"
"Recife (PE)";"30 a 39 anos";"289";"366";"287";"331";"291";"332";"294";"311";"306";"322"
"Recife (PE)";"40 a 49 anos";"288";"295";"280";"308";"264";"321";"279";"327";"281";"343"
"Recife (PE)";"50 a 59 anos";"192";"247";"204";"265";"216";"276";"227";"307";"206";"254"
"Recife (PE)";"60 anos ou mais";"219";"299";"253";"381";"263";"346";"244";"367";"261";"401"
"Recife (PE)";"60 a 64 anos";"69";"92";"89";"113";"96";"103";"87";"112";"81";"121"
"Recife (PE)";"65 anos ou mais";"150";"208";"163";"267";"166";"243";"157";"255";"180";"280"
"Maceió (AL)";"0 a 4 anos";"40";"56";"52";"48";"40";"46";"38";"38";"44";"38"
"Maceió (AL)";"5 a 13 anos";"87";"76";"79";"84";"77";"72";"90";"90";"86";"88"
"Maceió (AL)";"5 a 9 anos";"46";"41";"46";"45";"46";"37";"45";"52";"46";"47"
"Maceió (AL)";"10 a 13 anos";"41";"35";"33";"39";"31";"35";"46";"38";"40";"40"
"Maceió (AL)";"14 a 17 anos";"34";"35";"33";"38";"35";"37";"37";"39";"37";"33"
"Maceió (AL)";"14 a 15 anos";"16";"16";"14";"23";"18";"19";"18";"22";"18";"15"
"Maceió (AL)";"16 a 17 anos";"18";"18";"19";"16";"17";"17";"19";"17";"19";"18"
"Maceió (AL)";"18 a 19 anos";"27";"22";"22";"18";"23";"17";"20";"21";"21";"22"
"Maceió (AL)";"20 a 24 anos";"57";"48";"60";"66";"61";"65";"48";"50";"49";"48"
"Maceió (AL)";"25 a 29 anos";"55";"61";"45";"57";"56";"55";"47";"52";"55";"47"
"Maceió (AL)";"30 a 39 anos";"103";"110";"97";"104";"90";"102";"87";"104";"93";"105"
"Maceió (AL)";"40 a 49 anos";"82";"101";"88";"99";"88";"111";"89";"107";"89";"97"
"Maceió (AL)";"50 a 59 anos";"61";"79";"61";"73";"57";"85";"71";"86";"69";"83"
"Maceió (AL)";"60 anos ou mais";"60";"87";"65";"91";"71";"92";"68";"101";"76";"105"
"Maceió (AL)";"60 a 64 anos";"24";"23";"24";"30";"28";"29";"28";"35";"26";"35"
"Maceió (AL)";"65 anos ou mais";"36";"64";"40";"61";"44";"62";"40";"66";"50";"69"
"Aracaju (SE)";"0 a 4 anos";"27";"36";"35";"30";"31";"35";"35";"29";"25";"25"
"Aracaju (SE)";"5 a 13 anos";"70";"68";"67";"62";"58";"57";"64";"68";"63";"58"
"Aracaju (SE)";"5 a 9 anos";"40";"33";"41";"34";"33";"36";"39";"38";"30";"28"
"Aracaju (SE)";"10 a 13 anos";"30";"35";"26";"29";"25";"20";"25";"30";"33";"30"
"Aracaju (SE)";"14 a 17 anos";"22";"33";"26";"31";"29";"24";"25";"29";"29";"28"
"Aracaju (SE)";"14 a 15 anos";"10";"17";"14";"16";"15";"11";"12";"14";"17";"15"
"Aracaju (SE)";"16 a 17 anos";"11";"16";"12";"15";"14";"13";"13";"15";"12";"14"
"Aracaju (SE)";"18 a 19 anos";"12";"11";"16";"16";"16";"13";"17";"12";"14";"17"
"Aracaju (SE)";"20 a 24 anos";"39";"43";"39";"46";"48";"40";"39";"41";"30";"32"
"Aracaju (SE)";"25 a 29 anos";"39";"49";"43";"39";"36";"46";"38";"46";"36";"38"
"Aracaju (SE)";"30 a 39 anos";"82";"73";"71";"77";"76";"75";"83";"90";"70";"91"
"Aracaju (SE)";"40 a 49 anos";"57";"77";"64";"69";"62";"78";"64";"70";"77";"90"
"Aracaju (SE)";"50 a 59 anos";"54";"68";"51";"59";"49";"62";"46";"64";"47";"62"
"Aracaju (SE)";"60 anos ou mais";"45";"55";"48";"75";"54";"81";"43";"74";"60";"88"
"Aracaju (SE)";"60 a 64 anos";"18";"21";"20";"25";"23";"26";"17";"21";"22";"26"
"Aracaju (SE)";"65 anos ou mais";"27";"34";"29";"49";"31";"55";"26";"53";"38";"62"
"Salvador (BA)";"0 a 4 anos";"102";"86";"109";"134";"92";"89";"100";"81";"81";"74"
"Salvador (BA)";"5 a 13 anos";"229";"200";"213";"212";"203";"239";"194";"182";"182";"236"
"Salvador (BA)";"5 a 9 anos";"138";"118";"123";"125";"113";"135";"107";"106";"95";"123"
"Salvador (BA)";"10 a 13 anos";"91";"82";"90";"87";"89";"104";"87";"76";"87";"113"
"Salvador (BA)";"14 a 17 anos";"106";"89";"109";"71";"94";"85";"104";"96";"91";"100"
"Salvador (BA)";"14 a 15 anos";"44";"52";"55";"43";"46";"42";"52";"40";"38";"44"
"Salvador (BA)";"16 a 17 anos";"62";"37";"54";"28";"48";"44";"51";"56";"53";"56"
"Salvador (BA)";"18 a 19 anos";"43";"40";"44";"57";"56";"50";"47";"44";"43";"51"
"Salvador (BA)";"20 a 24 anos";"154";"153";"129";"136";"129";"153";"150";"154";"147";"130"
"Salvador (BA)";"25 a 29 anos";"129";"165";"141";"161";"132";"153";"142";"126";"114";"164"
"Salvador (BA)";"30 a 39 anos";"266";"291";"296";"380";"248";"261";"240";"300";"246";"286"
"Salvador (BA)";"40 a 49 anos";"242";"332";"219";"273";"304";"318";"277";"321";"285";"314"
"Salvador (BA)";"50 a 59 anos";"211";"257";"174";"242";"197";"254";"195";"280";"193";"278"
"Salvador (BA)";"60 anos ou mais";"214";"314";"193";"332";"229";"337";"243";"350";"263";"346"
"Salvador (BA)";"60 a 64 anos";"65";"82";"66";"109";"80";"95";"81";"107";"86";"100"
"Salvador (BA)";"65 anos ou mais";"149";"232";"127";"223";"148";"242";"162";"243";"177";"246"
"Belo Horizonte (MG)";"0 a 4 anos";"183";"159";"185";"159";"162";"172";"155";"155";"162";"149"
"Belo Horizonte (MG)";"5 a 13 anos";"315";"301";"304";"304";"313";"269";"332";"261";"299";"262"
"Belo Horizonte (MG)";"5 a 9 anos";"199";"162";"168";"179";"168";"160";"181";"156";"168";"146"
"Belo Horizonte (MG)";"10 a 13 anos";"116";"138";"136";"125";"145";"109";"151";"104";"132";"116"
"Belo Horizonte (MG)";"14 a 17 anos";"129";"148";"124";"120";"142";"121";"149";"139";"133";"104"
"Belo Horizonte (MG)";"14 a 15 anos";"68";"78";"59";"61";"70";"65";"64";"76";"76";"46"
"Belo Horizonte (MG)";"16 a 17 anos";"61";"69";"65";"59";"72";"55";"85";"63";"57";"59"
"Belo Horizonte (MG)";"18 a 19 anos";"81";"58";"73";"59";"64";"83";"74";"67";"66";"76"
"Belo Horizonte (MG)";"20 a 24 anos";"209";"224";"208";"204";"213";"185";"217";"189";"198";"176"
"Belo Horizonte (MG)";"25 a 29 anos";"212";"219";"216";"178";"253";"217";"201";"206";"227";"207"
"Belo Horizonte (MG)";"30 a 39 anos";"461";"456";"482";"423";"466";"433";"433";"427";"438";"450"
"Belo Horizonte (MG)";"40 a 49 anos";"387";"432";"407";"460";"398";"427";"411";"428";"424";"466"
"Belo Horizonte (MG)";"50 a 59 anos";"251";"308";"280";"307";"278";"347";"301";"368";"312";"326"
"Belo Horizonte (MG)";"60 anos ou mais";"325";"452";"339";"494";"344";"455";"358";"493";"387";"519"
"Belo Horizonte (MG)";"60 a 64 anos";"104";"155";"108";"151";"123";"137";"112";"126";"126";"147"
"Belo Horizonte (MG)";"65 anos ou mais";"220";"297";"231";"344";"222";"317";"245";"367";"261";"372"
"Grande Vitória (ES)";"0 a 4 anos";"75";"86";"73";"78";"74";"66";"68";"55";"60";"57"
"Grande Vitória (ES)";"5 a 13 anos";"137";"133";"121";"128";"119";"131";"129";"116";"123";"122"
"Grande Vitória (ES)";"5 a 9 anos";"83";"70";"75";"76";"66";"74";"71";"66";"65";"64"
"Grande Vitória (ES)";"10 a 13 anos";"54";"63";"46";"52";"53";"57";"58";"50";"58";"59"
"Grande Vitória (ES)";"14 a 17 anos";"54";"51";"53";"58";"46";"51";"54";"56";"65";"57"
"Grande Vitória (ES)";"14 a 15 anos";"23";"24";"23";"32";"22";"25";"31";"27";"36";"32"
"Grande Vitória (ES)";"16 a 17 anos";"31";"27";"30";"26";"23";"25";"23";"28";"29";"26"
"Grande Vitória (ES)";"18 a 19 anos";"26";"26";"25";"34";"30";"26";"27";"30";"27";"28"
"Grande Vitória (ES)";"20 a 24 anos";"65";"81";"87";"69";"73";"82";"79";"63";"75";"81"
"Grande Vitória (ES)";"25 a 29 anos";"80";"74";"74";"68";"72";"79";"71";"75";"87";"77"
"Grande Vitória (ES)";"30 a 39 anos";"177";"173";"156";"176";"167";"167";"168";"179";"149";"151"
"Grande Vitória (ES)";"40 a 49 anos";"128";"141";"141";"166";"129";"154";"151";"147";"153";"180"
"Grande Vitória (ES)";"50 a 59 anos";"97";"122";"100";"111";"100";"118";"105";"118";"103";"117"
"Grande Vitória (ES)";"60 anos ou mais";"109";"146";"121";"157";"146";"180";"148";"185";"144";"183"
"Grande Vitória (ES)";"60 a 64 anos";"33";"51";"44";"45";"42";"49";"46";"54";"45";"51"
"Grande Vitória (ES)";"65 anos ou mais";"75";"96";"77";"112";"104";"131";"103";"130";"98";"132"
"Rio de Janeiro (RJ)";"0 a 4 anos";"306";"289";"363";"302";"310";"320";"294";"286";"322";"297"
"Rio de Janeiro (RJ)";"5 a 13 anos";"702";"634";"633";"618";"712";"646";"694";"668";"684";"612"
"Rio de Janeiro (RJ)";"5 a 9 anos";"370";"359";"356";"338";"393";"369";"365";"356";"344";"315"
"Rio de Janeiro (RJ)";"10 a 13 anos";"332";"274";"277";"280";"320";"276";"329";"311";"341";"298"
"Rio de Janeiro (RJ)";"14 a 17 anos";"281";"327";"301";"289";"283";"317";"320";"320";"312";"304"
"Rio de Janeiro (RJ)";"14 a 15 anos";"131";"169";"147";"120";"150";"158";"163";"158";"153";"154"
"Rio de Janeiro (RJ)";"16 a 17 anos";"149";"159";"154";"169";"133";"159";"157";"162";"159";"149"
"Rio de Janeiro (RJ)";"18 a 19 anos";"165";"147";"163";"161";"140";"164";"142";"156";"152";"145"
"Rio de Janeiro (RJ)";"20 a 24 anos";"481";"439";"495";"463";"440";"376";"425";"412";"399";"370"
"Rio de Janeiro (RJ)";"25 a 29 anos";"491";"453";"470";"481";"456";"505";"408";"452";"430";"459"
"Rio de Janeiro (RJ)";"30 a 39 anos";"939";"993";"918";"968";"881";"966";"871";"907";"929";"921"
"Rio de Janeiro (RJ)";"40 a 49 anos";"856";"913";"898";"970";"914";"1009";"899";"1047";"911";"983"
"Rio de Janeiro (RJ)";"50 a 59 anos";"801";"865";"701";"893";"743";"892";"757";"904";"763";"872"
"Rio de Janeiro (RJ)";"60 anos ou mais";"984";"1457";"980";"1451";"1015";"1430";"1031";"1531";"1082";"1578"
"Rio de Janeiro (RJ)";"60 a 64 anos";"278";"419";"319";"410";"317";"393";"334";"415";"353";"458"
"Rio de Janeiro (RJ)";"65 anos ou mais";"706";"1037";"662";"1041";"698";"1038";"697";"1116";"729";"1120"
"São Paulo (SP)";"0 a 4 anos";"636";"554";"621";"678";"596";"556";"603";"517";"546";"524"
"São Paulo (SP)";"5 a 13 anos";"1198";"1172";"1339";"1154";"1225";"1185";"1223";"1138";"1213";"1202"
"São Paulo (SP)";"5 a 9 anos";"666";"673";"734";"627";"685";"638";"669";"609";"671";"629"
"São Paulo (SP)";"10 a 13 anos";"532";"499";"604";"526";"540";"548";"555";"529";"543";"573"
"São Paulo (SP)";"14 a 17 anos";"614";"616";"532";"536";"576";"559";"612";"605";"595";"593"
"São Paulo (SP)";"14 a 15 anos";"310";"301";"286";"261";"288";"275";"297";"329";"270";"259"
"São Paulo (SP)";"16 a 17 anos";"304";"316";"246";"275";"287";"284";"315";"276";"325";"334"
"São Paulo (SP)";"18 a 19 anos";"355";"303";"276";"288";"311";"296";"316";"217";"276";"269"
"São Paulo (SP)";"20 a 24 anos";"840";"949";"759";"782";"859";"774";"757";"738";"831";"757"
"São Paulo (SP)";"25 a 29 anos";"836";"794";"857";"950";"925";"782";"846";"822";"886";"824"
"São Paulo (SP)";"30 a 39 anos";"1579";"1750";"1772";"1790";"1522";"1679";"1642";"1666";"1709";"1683"
"São Paulo (SP)";"40 a 49 anos";"1569";"1717";"1449";"1651";"1573";"1738";"1592";"1752";"1686";"1787"
"São Paulo (SP)";"50 a 59 anos";"1172";"1419";"1191";"1374";"1229";"1433";"1238";"1493";"1191";"1437"
"São Paulo (SP)";"60 anos ou mais";"1424";"1912";"1449";"1989";"1521";"2134";"1579";"2160";"1448";"2098"
"São Paulo (SP)";"60 a 64 anos";"527";"598";"441";"576";"493";"651";"534";"602";"471";"604"
"São Paulo (SP)";"65 anos ou mais";"897";"1314";"1009";"1413";"1028";"1483";"1045";"1558";"977";"1494"
"Curitiba (PR)";"0 a 4 anos";"118";"117";"94";"99";"87";"103";"86";"100";"87";"99"
"Curitiba (PR)";"5 a 13 anos";"229";"203";"227";"198";"226";"194";"184";"222";"217";"208"
"Curitiba (PR)";"5 a 9 anos";"119";"117";"123";"102";"122";"110";"103";"130";"117";"113"
"Curitiba (PR)";"10 a 13 anos";"110";"85";"104";"97";"103";"84";"80";"93";"100";"94"
"Curitiba (PR)";"14 a 17 anos";"106";"86";"103";"90";"100";"96";"92";"100";"101";"90"
"Curitiba (PR)";"14 a 15 anos";"52";"44";"44";"42";"47";"51";"51";"43";"49";"55"
"Curitiba (PR)";"16 a 17 anos";"54";"42";"59";"48";"53";"45";"41";"56";"52";"35"
"Curitiba (PR)";"18 a 19 anos";"66";"43";"48";"47";"63";"47";"47";"47";"50";"53"
"Curitiba (PR)";"20 a 24 anos";"156";"121";"163";"147";"168";"132";"150";"141";"149";"129"
"Curitiba (PR)";"25 a 29 anos";"139";"134";"163";"152";"162";"148";"161";"145";"148";"159"
"Curitiba (PR)";"30 a 39 anos";"306";"280";"282";"290";"294";"290";"301";"279";"304";"274"
"Curitiba (PR)";"40 a 49 anos";"262";"290";"270";"276";"255";"281";"268";"286";"269";"309"
"Curitiba (PR)";"50 a 59 anos";"207";"200";"206";"225";"189";"229";"207";"236";"206";"248"
"Curitiba (PR)";"60 anos ou mais";"221";"296";"231";"287";"242";"312";"264";"327";"239";"326"
"Curitiba (PR)";"60 a 64 anos";"65";"113";"80";"94";"76";"99";"79";"94";"83";"97"
"Curitiba (PR)";"65 anos ou mais";"156";"183";"151";"193";"166";"214";"185";"233";"155";"229"
"Florianópolis (SC)";"0 a 4 anos";"36";"56";"35";"28";"36";"45";"25";"32";"29";"26"
"Florianópolis (SC)";"5 a 13 anos";"89";"49";"52";"65";"81";"56";"68";"59";"70";"73"
"Florianópolis (SC)";"5 a 9 anos";"46";"31";"25";"37";"46";"28";"40";"35";"40";"41"
"Florianópolis (SC)";"10 a 13 anos";"43";"18";"28";"27";"35";"29";"28";"23";"30";"31"
"Florianópolis (SC)";"14 a 17 anos";"31";"34";"25";"28";"33";"26";"27";"24";"30";"29"
"Florianópolis (SC)";"14 a 15 anos";"13";"20";"13";"12";"19";"11";"13";"11";"18";"11"
"Florianópolis (SC)";"16 a 17 anos";"18";"14";"12";"16";"14";"14";"14";"13";"12";"18"
"Florianópolis (SC)";"18 a 19 anos";"8";"6";"16";"19";"12";"9";"16";"17";"13";"14"
"Florianópolis (SC)";"20 a 24 anos";"33";"34";"46";"54";"42";"41";"52";"50";"46";"43"
"Florianópolis (SC)";"25 a 29 anos";"41";"44";"42";"38";"56";"54";"67";"61";"51";"56"
"Florianópolis (SC)";"30 a 39 anos";"108";"109";"110";"105";"116";"127";"114";"102";"113";"117"
"Florianópolis (SC)";"40 a 49 anos";"90";"97";"89";"97";"97";"82";"89";"95";"103";"97"
"Florianópolis (SC)";"50 a 59 anos";"68";"66";"75";"77";"70";"70";"66";"70";"79";"87"
"Florianópolis (SC)";"60 anos ou mais";"80";"102";"92";"117";"76";"106";"103";"131";"98";"121"
"Florianópolis (SC)";"60 a 64 anos";"28";"36";"29";"36";"24";"34";"30";"49";"40";"35"
"Florianópolis (SC)";"65 anos ou mais";"52";"66";"63";"82";"52";"72";"73";"82";"58";"86"
"Porto Alegre (RS)";"0 a 4 anos";"122";"115";"113";"111";"118";"95";"106";"110";"115";"106"
"Porto Alegre (RS)";"5 a 13 anos";"229";"229";"221";"236";"221";"255";"222";"220";"220";"224"
"Porto Alegre (RS)";"5 a 9 anos";"142";"121";"134";"138";"125";"144";"128";"120";"106";"116"
"Porto Alegre (RS)";"10 a 13 anos";"87";"108";"86";"98";"96";"110";"95";"100";"114";"108"
"Porto Alegre (RS)";"14 a 17 anos";"97";"102";"104";"72";"109";"102";"99";"102";"106";"113"
"Porto Alegre (RS)";"14 a 15 anos";"45";"54";"51";"38";"50";"50";"49";"59";"54";"54"
"Porto Alegre (RS)";"16 a 17 anos";"52";"48";"53";"34";"59";"51";"50";"43";"52";"58"
"Porto Alegre (RS)";"18 a 19 anos";"68";"54";"49";"64";"50";"41";"44";"60";"46";"40"
"Porto Alegre (RS)";"20 a 24 anos";"149";"149";"151";"143";"164";"143";"136";"141";"166";"140"
"Porto Alegre (RS)";"25 a 29 anos";"143";"149";"145";"137";"139";"162";"146";"135";"162";"149"
"Porto Alegre (RS)";"30 a 39 anos";"341";"360";"310";"324";"319";"321";"310";"322";"283";"298"
"Porto Alegre (RS)";"40 a 49 anos";"269";"280";"296";"308";"313";"315";"330";"329";"281";"331"
"Porto Alegre (RS)";"50 a 59 anos";"225";"257";"237";"285";"221";"263";"236";"262";"247";"260"
"Porto Alegre (RS)";"60 anos ou mais";"315";"452";"347";"455";"311";"444";"338";"459";"340";"483"
"Porto Alegre (RS)";"60 a 64 anos";"110";"146";"119";"136";"98";"124";"104";"141";"101";"137"
"Porto Alegre (RS)";"65 anos ou mais";"206";"306";"227";"319";"214";"321";"235";"318";"238";"345"
"Vale do Rio Cuiabá (MT)";"0 a 4 anos";"36";"40";"50";"39";"40";"38";"38";"39";"38";"39"
"Vale do Rio Cuiabá (MT)";"5 a 13 anos";"70";"58";"73";"67";"66";"63";"55";"68";"60";"72"
"Vale do Rio Cuiabá (MT)";"5 a 9 anos";"41";"31";"42";"39";"35";"29";"33";"37";"34";"38"
"Vale do Rio Cuiabá (MT)";"10 a 13 anos";"30";"27";"31";"29";"30";"34";"23";"30";"26";"34"
"Vale do Rio Cuiabá (MT)";"14 a 17 anos";"23";"35";"28";"34";"24";"39";"25";"35";"28";"26"
"Vale do Rio Cuiabá (MT)";"14 a 15 anos";"12";"20";"15";"18";"9";"17";"10";"18";"14";"14"
"Vale do Rio Cuiabá (MT)";"16 a 17 anos";"11";"15";"12";"16";"15";"21";"14";"17";"14";"13"
"Vale do Rio Cuiabá (MT)";"18 a 19 anos";"14";"12";"11";"13";"20";"12";"13";"17";"14";"18"
"Vale do Rio Cuiabá (MT)";"20 a 24 anos";"38";"34";"50";"36";"40";"41";"48";"50";"37";"40"
"Vale do Rio Cuiabá (MT)";"25 a 29 anos";"50";"37";"38";"38";"33";"37";"36";"38";"43";"33"
"Vale do Rio Cuiabá (MT)";"30 a 39 anos";"90";"72";"84";"85";"79";"88";"79";"76";"83";"82"
"Vale do Rio Cuiabá (MT)";"40 a 49 anos";"60";"81";"60";"67";"81";"75";"82";"81";"77";"83"
"Vale do Rio Cuiabá (MT)";"50 a 59 anos";"51";"52";"45";"57";"51";"57";"54";"63";"61";"58"
"Vale do Rio Cuiabá (MT)";"60 anos ou mais";"56";"74";"57";"64";"54";"75";"56";"73";"63";"84"
"Vale do Rio Cuiabá (MT)";"60 a 64 anos";"28";"24";"18";"23";"16";"22";"16";"20";"20";"23"
"Vale do Rio Cuiabá (MT)";"65 anos ou mais";"28";"50";"39";"41";"37";"53";"40";"53";"43";"61"
"Goiânia (GO)";"0 a 4 anos";"89";"95";"75";"66";"88";"72";"83";"82";"73";"75"
"Goiânia (GO)";"5 a 13 anos";"141";"162";"145";"164";"168";"144";"183";"168";"150";"158"
"Goiânia (GO)";"5 a 9 anos";"69";"86";"85";"101";"100";"74";"108";"97";"79";"87"
"Goiânia (GO)";"10 a 13 anos";"72";"76";"59";"63";"68";"70";"75";"71";"70";"70"
"Goiânia (GO)";"14 a 17 anos";"65";"72";"68";"72";"75";"77";"74";"60";"67";"80"
"Goiânia (GO)";"14 a 15 anos";"29";"36";"33";"41";"39";"34";"38";"29";"29";"41"
"Goiânia (GO)";"16 a 17 anos";"36";"35";"35";"31";"36";"43";"37";"31";"38";"39"
"Goiânia (GO)";"18 a 19 anos";"37";"32";"38";"33";"37";"44";"37";"43";"42";"34"
"Goiânia (GO)";"20 a 24 anos";"112";"98";"125";"106";"122";"111";"113";"105";"114";"103"
"Goiânia (GO)";"25 a 29 anos";"116";"106";"126";"120";"110";"123";"128";"135";"126";"106"
"Goiânia (GO)";"30 a 39 anos";"203";"221";"214";"210";"235";"206";"232";"233";"236";"251"
"Goiânia (GO)";"40 a 49 anos";"169";"197";"175";"218";"190";"203";"192";"200";"191";"187"
"Goiânia (GO)";"50 a 59 anos";"148";"180";"155";"177";"136";"156";"133";"168";"166";"171"
"Goiânia (GO)";"60 anos ou mais";"170";"218";"157";"216";"161";"230";"146";"201";"169";"248"
"Goiânia (GO)";"60 a 64 anos";"60";"65";"49";"74";"54";"82";"51";"63";"57";"82"
"Goiânia (GO)";"65 anos ou mais";"110";"153";"108";"142";"108";"148";"95";"138";"111";"166"
"Fonte: IBGE. Pesquisa Nacional por Amostra de Domicílios Contínua, acumulado de primeiras visitas, exceto 2020-2021, acumulado de quintas visitas, devido à pandemia de Covid-19."

"Tabela 6407 - População residente, por sexo e grupos de idade"
"Variável - Coeficiente de variação - População (%)"
"Grande Região, Unidade da Federação, Município e Região Metropolitana até 2020";"Grupo de idade";"Ano x Sexo"
"Grande Região, Unidade da Federação, Município e Região Metropolitana até 2020";"Grupo de idade";"2021";;"2022";;"2023";;"2024";;"2025"
"Grande Região, Unidade da Federação, Município e Região Metropolitana até 2020";"Grupo de idade";"Homens";"Mulheres";"Homens";"Mulheres";"Homens";"Mulheres";"Homens";"Mulheres";"Homens";"Mulheres"
"Norte";"0 a 4 anos";"3,5";"3,8";"2,9";"3,0";"3,0";"3,1";"3,1";"3,0";"2,7";"2,8"
"Norte";"5 a 13 anos";"2,5";"2,4";"2,1";"2,4";"2,1";"2,1";"2,1";"2,6";"2,0";"1,9"
"Norte";"5 a 9 anos";"3,1";"3,2";"2,9";"2,9";"2,6";"2,9";"2,5";"3,2";"2,6";"3,0"
"Norte";"10 a 13 anos";"3,3";"3,7";"3,0";"3,6";"3,2";"3,5";"3,6";"3,4";"3,0";"3,2"
"Norte";"14 a 17 anos";"3,5";"3,7";"3,0";"3,1";"2,9";"2,8";"3,3";"3,2";"3,1";"3,1"
"Norte";"14 a 15 anos";"4,5";"5,5";"4,7";"4,4";"4,4";"4,0";"4,4";"4,5";"4,1";"4,2"
"Norte";"16 a 17 anos";"5,3";"4,8";"3,8";"4,3";"4,0";"4,3";"4,2";"4,6";"4,4";"4,7"
"Norte";"18 a 19 anos";"4,6";"5,1";"4,2";"4,4";"3,9";"4,7";"4,2";"4,5";"4,5";"4,6"
"Norte";"20 a 24 anos";"3,5";"2,9";"2,6";"2,6";"2,7";"2,6";"2,6";"2,9";"3,0";"2,7"
"Norte";"25 a 29 anos";"3,4";"3,0";"2,7";"2,9";"3,2";"2,8";"2,7";"2,8";"2,8";"2,8"
"Norte";"30 a 39 anos";"2,0";"2,2";"2,0";"2,0";"2,4";"1,9";"1,9";"1,9";"2,1";"1,9"
"Norte";"40 a 49 anos";"2,4";"2,3";"1,9";"1,9";"1,9";"2,0";"1,8";"1,8";"2,2";"1,8"
"Norte";"50 a 59 anos";"2,7";"2,4";"2,6";"2,4";"2,3";"2,3";"2,4";"2,1";"2,2";"2,4"
"Norte";"60 anos ou mais";"2,7";"2,9";"2,5";"2,6";"2,5";"2,4";"2,5";"2,4";"2,5";"2,5"
"Norte";"60 a 64 anos";"4,3";"4,1";"4,1";"3,9";"3,9";"3,9";"4,5";"3,8";"3,8";"3,7"
"Norte";"65 anos ou mais";"3,2";"3,7";"3,1";"2,9";"3,1";"2,9";"3,0";"3,0";"3,0";"2,9"
"Nordeste";"0 a 4 anos";"2,3";"2,0";"1,9";"2,0";"2,0";"1,8";"1,9";"2,1";"1,8";"1,9"
"Nordeste";"5 a 13 anos";"1,6";"1,5";"1,4";"1,4";"1,3";"1,3";"1,3";"1,3";"1,2";"1,3"
"Nordeste";"5 a 9 anos";"2,2";"2,1";"1,8";"1,9";"1,8";"1,8";"1,6";"1,6";"1,6";"1,9"
"Nordeste";"10 a 13 anos";"2,1";"2,1";"1,9";"2,1";"1,9";"1,9";"1,9";"2,0";"1,7";"1,9"
"Nordeste";"14 a 17 anos";"2,3";"1,9";"1,9";"1,9";"2,0";"2,0";"1,8";"1,9";"2,0";"2,0"
"Nordeste";"14 a 15 anos";"3,4";"2,8";"2,8";"2,8";"2,6";"2,9";"2,6";"2,8";"2,9";"2,8"
"Nordeste";"16 a 17 anos";"3,2";"3,0";"2,8";"2,8";"3,0";"2,8";"2,8";"2,9";"2,9";"3,0"
"Nordeste";"18 a 19 anos";"3,0";"3,2";"2,7";"2,9";"2,9";"2,8";"2,8";"3,0";"2,8";"3,1"
"Nordeste";"20 a 24 anos";"2,0";"2,1";"1,5";"1,9";"1,8";"1,7";"1,8";"1,7";"1,8";"1,8"
"Nordeste";"25 a 29 anos";"2,3";"2,0";"1,9";"1,9";"1,9";"1,7";"1,9";"1,8";"1,8";"1,7"
"Nordeste";"30 a 39 anos";"1,4";"1,1";"1,4";"1,2";"1,2";"1,1";"1,1";"1,1";"1,3";"1,1"
"Nordeste";"40 a 49 anos";"1,4";"1,3";"1,2";"1,1";"1,3";"1,0";"1,2";"1,2";"1,2";"1,1"
"Nordeste";"50 a 59 anos";"1,6";"1,5";"1,4";"1,4";"1,4";"1,3";"1,4";"1,2";"1,4";"1,3"
"Nordeste";"60 anos ou mais";"1,7";"1,4";"1,4";"1,4";"1,4";"1,4";"1,3";"1,2";"1,4";"1,3"
"Nordeste";"60 a 64 anos";"2,6";"2,4";"2,6";"2,1";"2,1";"2,3";"2,2";"1,8";"2,2";"1,9"
"Nordeste";"65 anos ou mais";"2,1";"1,8";"1,7";"1,5";"1,7";"1,5";"1,5";"1,5";"1,7";"1,5"
"Sudeste";"0 a 4 anos";"2,1";"2,0";"2,0";"2,0";"2,0";"1,9";"1,9";"1,9";"1,8";"1,7"
"Sudeste";"5 a 13 anos";"1,4";"1,5";"1,4";"1,5";"1,2";"1,3";"1,1";"1,4";"1,1";"1,2"
"Sudeste";"5 a 9 anos";"1,8";"2,1";"1,9";"1,9";"1,6";"1,7";"1,5";"1,7";"1,7";"1,7"
"Sudeste";"10 a 13 anos";"1,8";"2,1";"2,0";"2,2";"1,7";"2,0";"1,7";"1,9";"1,8";"1,8"
"Sudeste";"14 a 17 anos";"2,3";"2,3";"2,2";"2,0";"2,0";"2,2";"2,0";"2,3";"2,4";"2,7"
"Sudeste";"14 a 15 anos";"3,2";"3,6";"3,2";"4,1";"3,1";"3,5";"3,4";"3,3";"3,2";"3,6"
"Sudeste";"16 a 17 anos";"3,2";"3,4";"3,5";"3,3";"3,2";"3,0";"2,9";"3,4";"4,4";"4,3"
"Sudeste";"18 a 19 anos";"3,4";"3,6";"3,5";"3,5";"2,8";"3,3";"3,5";"3,5";"3,8";"3,4"
"Sudeste";"20 a 24 anos";"1,6";"1,8";"1,6";"1,6";"1,5";"1,6";"1,5";"1,6";"1,9";"1,6"
"Sudeste";"25 a 29 anos";"1,8";"1,7";"1,7";"1,8";"1,6";"1,5";"1,5";"1,5";"1,5";"1,6"
"Sudeste";"30 a 39 anos";"1,2";"0,9";"1,1";"1,1";"1,1";"0,9";"1,0";"1,0";"1,2";"1,0"
"Sudeste";"40 a 49 anos";"1,1";"0,9";"1,0";"0,8";"0,9";"0,9";"0,9";"0,9";"0,9";"0,9"
"Sudeste";"50 a 59 anos";"1,1";"1,1";"1,1";"1,1";"1,1";"1,0";"1,0";"1,0";"1,1";"1,1"
"Sudeste";"60 anos ou mais";"1,2";"1,0";"1,1";"1,0";"1,0";"1,0";"1,0";"0,9";"1,1";"1,0"
"Sudeste";"60 a 64 anos";"1,9";"1,5";"1,7";"1,5";"1,3";"1,4";"1,7";"1,5";"1,7";"1,5"
"Sudeste";"65 anos ou mais";"1,3";"1,2";"1,3";"1,2";"1,3";"1,2";"1,1";"1,1";"1,2";"1,2"
"Sul";"0 a 4 anos";"3,3";"3,7";"3,1";"2,8";"2,7";"2,8";"3,1";"2,7";"2,7";"2,8"
"Sul";"5 a 13 anos";"2,3";"2,2";"1,9";"1,9";"1,9";"2,0";"1,9";"1,8";"1,9";"1,9"
"Sul";"5 a 9 anos";"3,4";"3,0";"2,5";"2,4";"2,4";"2,6";"2,5";"2,4";"2,5";"2,4"
"Sul";"10 a 13 anos";"3,5";"3,3";"2,9";"3,0";"2,8";"3,0";"2,9";"3,2";"3,0";"3,0"
"Sul";"14 a 17 anos";"3,0";"3,3";"3,1";"2,9";"2,9";"2,8";"3,1";"2,9";"2,7";"3,0"
"Sul";"14 a 15 anos";"4,8";"4,8";"4,5";"4,6";"4,3";"3,9";"3,9";"4,4";"3,8";"4,2"
"Sul";"16 a 17 anos";"4,1";"4,7";"3,9";"4,1";"3,9";"4,6";"4,2";"3,8";"4,2";"4,3"
"Sul";"18 a 19 anos";"4,4";"6,1";"3,7";"4,6";"4,1";"4,1";"3,8";"4,0";"4,3";"4,4"
"Sul";"20 a 24 anos";"2,9";"3,0";"2,5";"2,7";"2,4";"2,3";"2,4";"2,6";"2,8";"2,5"
"Sul";"25 a 29 anos";"3,5";"3,1";"2,4";"2,7";"2,6";"2,4";"2,7";"2,4";"2,7";"2,6"
"Sul";"30 a 39 anos";"1,9";"1,6";"1,7";"1,6";"1,7";"1,6";"1,8";"1,5";"1,7";"1,5"
"Sul";"40 a 49 anos";"2,0";"1,8";"1,5";"1,4";"1,6";"1,5";"1,5";"1,5";"1,5";"1,5"
"Sul";"50 a 59 anos";"1,9";"1,8";"1,8";"1,7";"1,9";"1,7";"1,6";"1,7";"1,8";"1,7"
"Sul";"60 anos ou mais";"2,1";"1,8";"1,8";"1,8";"1,8";"1,6";"1,8";"1,7";"1,7";"1,6"
"Sul";"60 a 64 anos";"3,3";"2,6";"2,6";"2,6";"2,8";"2,7";"2,9";"2,4";"2,6";"2,5"
"Sul";"65 anos ou mais";"2,5";"2,1";"2,2";"2,0";"2,1";"1,9";"2,0";"2,1";"2,2";"1,9"
"Centro-Oeste";"0 a 4 anos";"4,0";"3,6";"3,1";"3,3";"3,3";"3,5";"3,5";"3,4";"3,3";"3,5"
"Centro-Oeste";"5 a 13 anos";"2,8";"2,9";"2,5";"2,5";"2,7";"2,4";"2,4";"2,3";"2,3";"2,4"
"Centro-Oeste";"5 a 9 anos";"3,7";"3,8";"3,4";"3,4";"3,5";"3,4";"3,1";"3,3";"3,1";"3,1"
"Centro-Oeste";"10 a 13 anos";"3,9";"4,2";"3,8";"4,0";"3,5";"3,8";"3,5";"3,3";"3,4";"3,6"
"Centro-Oeste";"14 a 17 anos";"3,8";"4,2";"3,7";"3,6";"3,6";"3,6";"3,3";"3,6";"3,2";"3,5"
"Centro-Oeste";"14 a 15 anos";"4,8";"5,8";"5,4";"5,3";"5,1";"4,7";"4,7";"5,2";"4,6";"4,9"
"Centro-Oeste";"16 a 17 anos";"5,8";"6,2";"5,4";"4,8";"5,0";"5,7";"4,8";"5,1";"4,7";"5,4"
"Centro-Oeste";"18 a 19 anos";"5,6";"5,4";"5,5";"5,2";"5,4";"5,1";"5,1";"5,5";"4,9";"5,3"
"Centro-Oeste";"20 a 24 anos";"3,4";"3,5";"3,0";"3,5";"3,2";"3,1";"3,2";"3,2";"3,3";"3,6"
"Centro-Oeste";"25 a 29 anos";"3,9";"3,3";"3,4";"3,2";"3,6";"3,5";"3,1";"3,5";"3,2";"3,3"
"Centro-Oeste";"30 a 39 anos";"2,5";"2,0";"2,0";"2,0";"2,0";"1,9";"2,3";"1,8";"2,1";"1,9"
"Centro-Oeste";"40 a 49 anos";"2,4";"2,3";"2,0";"2,0";"2,2";"1,7";"1,9";"1,9";"2,1";"1,9"
"Centro-Oeste";"50 a 59 anos";"2,8";"2,7";"2,7";"2,2";"2,7";"2,3";"2,4";"2,2";"2,3";"2,3"
"Centro-Oeste";"60 anos ou mais";"2,8";"2,6";"2,6";"2,4";"2,6";"2,9";"2,8";"2,5";"2,6";"2,5"
"Centro-Oeste";"60 a 64 anos";"4,5";"4,0";"4,3";"3,7";"3,9";"3,8";"4,1";"3,6";"3,8";"4,2"
"Centro-Oeste";"65 anos ou mais";"3,3";"3,1";"3,2";"3,0";"3,1";"3,3";"3,3";"2,9";"3,1";"3,0"
"Rondônia";"0 a 4 anos";"7,9";"9,4";"7,8";"7,9";"9,7";"8,2";"7,9";"8,5";"9,0";"12,6"
"Rondônia";"5 a 13 anos";"6,1";"5,8";"6,2";"6,0";"5,9";"5,7";"6,5";"7,1";"5,6";"7,4"
"Rondônia";"5 a 9 anos";"8,0";"9,4";"8,5";"8,2";"7,6";"7,4";"7,4";"10,4";"6,9";"11,6"
"Rondônia";"10 a 13 anos";"10,2";"8,0";"8,2";"8,6";"7,9";"9,4";"9,9";"9,2";"8,9";"9,1"
"Rondônia";"14 a 17 anos";"19,4";"8,3";"7,3";"8,2";"7,4";"8,4";"12,9";"9,1";"9,2";"9,3"
"Rondônia";"14 a 15 anos";"14,7";"11,4";"9,3";"14,1";"11,5";"10,7";"18,6";"11,7";"11,5";"11,8"
"Rondônia";"16 a 17 anos";"25,2";"11,1";"11,1";"13,7";"10,9";"12,1";"13,5";"14,2";"13,5";"12,1"
"Rondônia";"18 a 19 anos";"15,0";"11,6";"12,2";"17,4";"10,7";"11,9";"14,6";"13,6";"12,6";"13,6"
"Rondônia";"20 a 24 anos";"7,7";"7,8";"8,7";"7,7";"8,5";"8,2";"7,6";"7,2";"7,2";"8,2"
"Rondônia";"25 a 29 anos";"7,7";"7,2";"8,7";"7,0";"6,5";"8,4";"6,4";"8,6";"9,1";"8,4"
"Rondônia";"30 a 39 anos";"5,8";"5,1";"5,4";"4,6";"5,1";"4,4";"4,8";"5,0";"4,7";"4,2"
"Rondônia";"40 a 49 anos";"9,4";"4,3";"4,3";"4,7";"5,0";"4,7";"5,6";"5,6";"5,1";"4,1"
"Rondônia";"50 a 59 anos";"6,9";"5,7";"6,2";"4,7";"5,0";"5,7";"6,2";"6,4";"5,3";"6,6"
"Rondônia";"60 anos ou mais";"6,0";"7,0";"5,2";"6,2";"5,3";"5,6";"5,8";"5,9";"6,4";"6,8"
"Rondônia";"60 a 64 anos";"9,9";"9,4";"8,8";"7,7";"8,5";"8,6";"8,9";"8,9";"8,8";"9,0"
"Rondônia";"65 anos ou mais";"7,4";"8,1";"6,6";"7,5";"6,6";"6,4";"7,0";"8,1";"7,6";"8,0"
"Acre";"0 a 4 anos";"9,0";"12,8";"6,2";"6,7";"6,5";"7,3";"6,2";"7,0";"6,2";"6,5"
"Acre";"5 a 13 anos";"5,5";"5,8";"5,6";"4,6";"4,6";"4,3";"4,1";"3,5";"4,9";"4,0"
"Acre";"5 a 9 anos";"7,7";"8,0";"6,0";"5,8";"6,3";"6,0";"5,7";"5,8";"6,3";"6,7"
"Acre";"10 a 13 anos";"9,4";"7,6";"8,5";"6,7";"6,8";"6,2";"6,7";"6,2";"7,5";"6,4"
"Acre";"14 a 17 anos";"8,9";"8,7";"6,4";"5,9";"6,5";"7,4";"6,4";"6,6";"7,1";"6,8"
"Acre";"14 a 15 anos";"10,4";"14,7";"9,0";"8,5";"8,8";"8,2";"9,4";"9,1";"9,3";"9,6"
"Acre";"16 a 17 anos";"12,8";"11,3";"8,6";"8,2";"8,7";"11,6";"9,5";"8,9";"9,1";"9,8"
"Acre";"18 a 19 anos";"9,6";"12,2";"9,1";"9,7";"7,2";"10,5";"8,1";"8,6";"9,4";"7,6"
"Acre";"20 a 24 anos";"7,6";"8,2";"6,0";"6,4";"5,4";"6,2";"6,0";"6,1";"5,1";"6,0"
"Acre";"25 a 29 anos";"8,5";"9,2";"6,6";"6,5";"6,8";"5,5";"6,0";"6,0";"7,0";"5,9"
"Acre";"30 a 39 anos";"5,5";"5,6";"4,4";"4,1";"4,6";"4,5";"4,2";"4,7";"4,4";"3,7"
"Acre";"40 a 49 anos";"6,0";"6,1";"3,9";"4,6";"3,9";"4,8";"4,4";"3,9";"5,2";"4,4"
"Acre";"50 a 59 anos";"8,7";"8,2";"6,2";"6,2";"5,9";"5,6";"5,9";"6,0";"5,0";"4,7"
"Acre";"60 anos ou mais";"7,8";"6,9";"5,3";"6,5";"5,4";"6,2";"5,7";"6,2";"5,3";"6,3"
"Acre";"60 a 64 anos";"13,1";"13,7";"8,6";"8,9";"11,7";"9,0";"10,0";"9,7";"9,4";"10,4"
"Acre";"65 anos ou mais";"8,6";"8,0";"6,8";"7,6";"6,1";"7,6";"7,1";"7,5";"6,5";"8,1"
"Amazonas";"0 a 4 anos";"5,7";"5,9";"5,8";"5,8";"5,0";"5,8";"5,7";"5,9";"5,9";"4,8"
"Amazonas";"5 a 13 anos";"3,5";"4,3";"4,4";"4,4";"4,6";"4,1";"3,9";"4,1";"4,3";"3,7"
"Amazonas";"5 a 9 anos";"4,7";"5,7";"5,6";"5,4";"5,2";"4,9";"4,8";"6,0";"5,9";"5,5"
"Amazonas";"10 a 13 anos";"5,3";"6,3";"7,2";"6,8";"5,8";"6,6";"6,4";"5,2";"6,1";"5,7"
"Amazonas";"14 a 17 anos";"5,5";"6,3";"5,1";"5,9";"5,7";"5,2";"6,1";"6,5";"5,2";"6,2"
"Amazonas";"14 a 15 anos";"6,9";"9,1";"7,0";"8,7";"9,1";"8,3";"8,3";"8,3";"8,7";"8,0"
"Amazonas";"16 a 17 anos";"7,6";"7,5";"6,8";"8,8";"7,3";"6,9";"7,5";"8,7";"7,9";"9,1"
"Amazonas";"18 a 19 anos";"6,2";"7,4";"7,8";"7,6";"7,2";"8,6";"10,2";"8,3";"8,3";"8,4"
"Amazonas";"20 a 24 anos";"5,3";"4,8";"5,5";"5,0";"4,9";"5,1";"5,3";"5,0";"6,9";"5,0"
"Amazonas";"25 a 29 anos";"6,1";"5,9";"5,1";"5,9";"6,0";"5,4";"5,7";"5,0";"6,2";"4,4"
"Amazonas";"30 a 39 anos";"3,3";"3,5";"3,5";"4,1";"4,0";"3,7";"3,8";"3,2";"4,7";"4,0"
"Amazonas";"40 a 49 anos";"4,0";"3,7";"4,2";"3,6";"3,8";"3,6";"4,1";"3,3";"4,1";"3,9"
"Amazonas";"50 a 59 anos";"4,1";"4,9";"5,2";"4,7";"4,6";"5,1";"4,7";"5,0";"5,4";"4,6"
"Amazonas";"60 anos ou mais";"4,5";"5,3";"5,1";"5,2";"6,1";"5,7";"5,2";"4,7";"4,3";"5,2"
"Amazonas";"60 a 64 anos";"8,2";"7,5";"8,8";"8,6";"8,2";"8,0";"8,4";"7,3";"7,1";"8,1"
"Amazonas";"65 anos ou mais";"6,0";"6,1";"5,8";"5,5";"7,1";"7,1";"6,2";"6,3";"5,8";"6,2"
"Roraima";"0 a 4 anos";"9,8";"10,1";"7,3";"7,8";"7,8";"11,3";"8,3";"7,9";"9,3";"9,9"
"Roraima";"5 a 13 anos";"5,5";"6,6";"5,4";"6,1";"5,6";"6,2";"5,6";"6,1";"6,8";"8,5"
"Roraima";"5 a 9 anos";"7,0";"8,8";"7,7";"9,3";"6,6";"8,0";"8,2";"6,8";"8,5";"10,9"
"Roraima";"10 a 13 anos";"10,6";"9,3";"8,8";"9,9";"8,1";"8,2";"9,0";"8,6";"8,6";"10,7"
"Roraima";"14 a 17 anos";"11,3";"11,5";"9,1";"8,2";"9,0";"9,1";"9,9";"8,4";"9,6";"9,1"
"Roraima";"14 a 15 anos";"12,8";"17,3";"13,7";"11,8";"12,2";"13,1";"13,1";"10,1";"15,5";"14,0"
"Roraima";"16 a 17 anos";"15,3";"13,4";"12,5";"12,6";"11,4";"15,1";"12,3";"13,4";"15,0";"13,2"
"Roraima";"18 a 19 anos";"12,3";"11,4";"12,7";"12,6";"11,5";"14,1";"10,6";"14,5";"14,3";"12,2"
"Roraima";"20 a 24 anos";"11,1";"9,1";"6,0";"8,4";"9,0";"10,1";"8,3";"8,1";"8,2";"9,1"
"Roraima";"25 a 29 anos";"7,7";"8,8";"10,2";"7,6";"9,8";"6,6";"8,7";"7,5";"7,5";"7,4"
"Roraima";"30 a 39 anos";"5,0";"6,2";"6,3";"4,6";"4,9";"6,2";"5,6";"5,0";"7,7";"5,6"
"Roraima";"40 a 49 anos";"6,7";"6,0";"6,4";"7,1";"5,7";"5,4";"6,0";"5,5";"9,1";"6,1"
"Roraima";"50 a 59 anos";"9,2";"8,8";"9,4";"8,2";"7,0";"8,0";"7,7";"7,6";"7,9";"8,8"
"Roraima";"60 anos ou mais";"7,8";"11,3";"8,1";"7,3";"7,1";"8,5";"7,4";"6,8";"9,6";"9,5"
"Roraima";"60 a 64 anos";"11,3";"15,2";"13,7";"14,0";"15,3";"12,4";"11,3";"13,3";"16,5";"15,6"
"Roraima";"65 anos ou mais";"10,7";"14,1";"9,3";"9,4";"7,7";"9,8";"9,7";"7,9";"10,3";"9,8"
"Pará";"0 a 4 anos";"5,8";"6,0";"4,6";"4,8";"5,1";"5,2";"5,6";"5,3";"5,1";"5,3"
"Pará";"5 a 13 anos";"4,2";"4,0";"3,5";"4,0";"3,3";"3,6";"3,8";"4,2";"3,5";"3,3"
"Pará";"5 a 9 anos";"4,9";"5,3";"5,1";"4,7";"4,4";"5,2";"4,5";"5,1";"4,3";"4,6"
"Pará";"10 a 13 anos";"6,1";"6,2";"5,3";"6,2";"5,1";"5,8";"6,8";"5,6";"4,8";"5,5"
"Pará";"14 a 17 anos";"4,7";"6,0";"4,9";"5,3";"4,8";"5,0";"5,6";"5,4";"5,4";"5,4"
"Pará";"14 a 15 anos";"7,7";"7,7";"7,7";"6,9";"6,9";"6,6";"6,9";"7,7";"7,0";"7,9"
"Pará";"16 a 17 anos";"7,4";"8,5";"6,6";"7,3";"7,0";"7,4";"7,5";"7,5";"7,1";"7,7"
"Pará";"18 a 19 anos";"7,8";"9,8";"6,7";"7,3";"7,1";"8,6";"7,4";"7,7";"7,7";"8,1"
"Pará";"20 a 24 anos";"5,9";"5,6";"4,7";"4,4";"4,3";"4,1";"4,1";"4,9";"4,9";"4,4"
"Pará";"25 a 29 anos";"5,7";"4,9";"4,8";"4,8";"5,6";"4,6";"4,8";"5,1";"4,8";"4,8"
"Pará";"30 a 39 anos";"3,5";"3,3";"3,5";"3,3";"4,1";"3,4";"3,3";"3,4";"3,4";"3,4"
"Pará";"40 a 49 anos";"4,0";"3,7";"3,1";"2,9";"3,3";"3,7";"3,3";"3,3";"3,7";"3,2"
"Pará";"50 a 59 anos";"5,0";"4,4";"4,2";"3,9";"4,1";"4,0";"4,3";"3,6";"4,0";"4,1"
"Pará";"60 anos ou mais";"4,5";"4,6";"4,2";"4,6";"4,0";"4,2";"4,5";"3,9";"4,2";"4,1"
"Pará";"60 a 64 anos";"7,3";"6,5";"7,1";"6,6";"6,4";"6,5";"7,5";"6,4";"6,6";"6,4"
"Pará";"65 anos ou mais";"5,5";"5,8";"5,4";"5,3";"5,0";"5,0";"5,3";"4,8";"5,1";"4,8"
"Amapá";"0 a 4 anos";"21,6";"23,2";"11,7";"9,6";"10,1";"10,5";"12,0";"10,9";"9,3";"9,9"
"Amapá";"5 a 13 anos";"11,0";"10,9";"8,0";"6,9";"8,1";"8,3";"8,2";"8,2";"8,8";"8,0"
"Amapá";"5 a 9 anos";"13,7";"19,1";"10,4";"9,0";"10,7";"11,5";"11,1";"11,0";"10,0";"10,3"
"Amapá";"10 a 13 anos";"18,3";"14,1";"11,5";"10,1";"11,4";"10,1";"8,7";"10,1";"11,2";"8,8"
"Amapá";"14 a 17 anos";"16,3";"25,7";"10,2";"10,0";"10,7";"12,1";"9,9";"10,2";"10,6";"9,3"
"Amapá";"14 a 15 anos";"20,3";"40,0";"13,4";"14,7";"18,1";"14,3";"13,1";"14,8";"16,0";"15,6"
"Amapá";"16 a 17 anos";"20,9";"14,8";"13,0";"13,8";"13,9";"18,7";"14,6";"16,2";"16,8";"11,4"
"Amapá";"18 a 19 anos";"16,2";"17,9";"14,0";"19,2";"15,4";"15,5";"13,8";"14,5";"13,4";"17,7"
"Amapá";"20 a 24 anos";"13,8";"10,5";"11,2";"8,7";"9,5";"7,8";"10,3";"6,5";"7,5";"9,6"
"Amapá";"25 a 29 anos";"11,9";"15,7";"8,1";"9,3";"10,6";"9,7";"9,2";"8,0";"10,0";"7,1"
"Amapá";"30 a 39 anos";"11,8";"9,9";"6,5";"5,8";"7,1";"5,5";"5,9";"4,9";"6,3";"4,6"
"Amapá";"40 a 49 anos";"11,9";"11,8";"8,2";"6,5";"7,0";"7,2";"7,5";"8,1";"6,6";"5,4"
"Amapá";"50 a 59 anos";"14,0";"10,8";"8,8";"10,6";"7,8";"7,7";"11,0";"8,5";"6,4";"5,5"
"Amapá";"60 anos ou mais";"13,6";"13,6";"8,7";"8,0";"9,1";"8,9";"8,0";"9,9";"7,7";"7,0"
"Amapá";"60 a 64 anos";"18,7";"19,5";"13,9";"15,3";"12,8";"15,7";"27,1";"15,3";"14,2";"11,5"
"Amapá";"65 anos ou mais";"16,8";"15,3";"10,5";"9,9";"11,9";"12,2";"11,4";"11,0";"9,2";"9,5"
"Tocantins";"0 a 4 anos";"9,9";"12,6";"7,7";"6,8";"8,5";"7,3";"7,5";"8,0";"8,1";"8,3"
"Tocantins";"5 a 13 anos";"7,5";"9,0";"6,8";"4,7";"5,0";"6,2";"6,0";"6,1";"5,2";"6,0"
"Tocantins";"5 a 9 anos";"10,2";"11,4";"9,4";"7,6";"6,2";"7,7";"8,0";"8,2";"7,7";"8,6"
"Tocantins";"10 a 13 anos";"10,2";"11,6";"8,3";"7,6";"7,5";"8,8";"8,1";"8,0";"7,3";"8,4"
"Tocantins";"14 a 17 anos";"10,3";"14,0";"7,5";"7,9";"6,8";"6,8";"7,5";"9,1";"7,5";"9,8"
"Tocantins";"14 a 15 anos";"15,6";"20,8";"10,7";"10,4";"10,2";"12,6";"10,3";"12,5";"12,2";"12,1"
"Tocantins";"16 a 17 anos";"18,3";"16,0";"9,9";"10,4";"10,0";"9,9";"11,8";"11,1";"9,7";"13,6"
"Tocantins";"18 a 19 anos";"14,3";"17,3";"12,5";"12,3";"12,4";"12,0";"12,4";"13,2";"10,5";"11,4"
"Tocantins";"20 a 24 anos";"13,2";"9,9";"7,1";"6,4";"8,2";"7,1";"7,4";"7,7";"9,5";"9,1"
"Tocantins";"25 a 29 anos";"8,9";"11,1";"6,8";"8,5";"7,3";"7,2";"7,1";"6,8";"7,0";"8,7"
"Tocantins";"30 a 39 anos";"7,9";"7,8";"5,1";"5,2";"5,8";"4,5";"5,2";"4,6";"5,5";"4,4"
"Tocantins";"40 a 49 anos";"7,8";"6,8";"5,0";"5,1";"4,6";"5,3";"4,8";"4,5";"5,5";"4,4"
"Tocantins";"50 a 59 anos";"8,4";"9,1";"5,3";"6,9";"6,2";"5,7";"5,4";"5,6";"5,8";"5,9"
"Tocantins";"60 anos ou mais";"6,8";"7,4";"5,8";"5,3";"6,1";"7,1";"6,0";"5,6";"6,7";"8,2"
"Tocantins";"60 a 64 anos";"12,3";"12,5";"8,6";"9,8";"9,7";"9,3";"9,6";"9,4";"9,6";"11,0"
"Tocantins";"65 anos ou mais";"7,8";"8,2";"8,0";"6,3";"7,2";"7,7";"7,1";"6,3";"8,0";"9,9"
"Maranhão";"0 a 4 anos";"5,6";"4,4";"3,9";"4,6";"3,9";"4,6";"4,2";"3,9";"4,8";"4,4"
"Maranhão";"5 a 13 anos";"3,4";"3,3";"2,8";"4,1";"3,4";"3,4";"3,1";"3,1";"2,8";"2,9"
"Maranhão";"5 a 9 anos";"4,8";"4,4";"3,7";"4,7";"4,5";"3,7";"4,0";"3,9";"3,9";"3,7"
"Maranhão";"10 a 13 anos";"4,9";"4,9";"4,3";"5,4";"4,5";"5,2";"4,7";"4,5";"4,2";"4,5"
"Maranhão";"14 a 17 anos";"4,6";"4,4";"3,8";"4,9";"4,5";"4,1";"4,0";"4,0";"4,2";"3,8"
"Maranhão";"14 a 15 anos";"5,6";"6,2";"5,7";"5,9";"5,2";"6,8";"5,7";"5,3";"5,5";"6,0"
"Maranhão";"16 a 17 anos";"6,2";"6,8";"6,0";"6,3";"6,1";"5,4";"5,4";"5,6";"5,3";"5,5"
"Maranhão";"18 a 19 anos";"6,8";"7,1";"5,2";"5,5";"5,5";"5,8";"5,5";"6,0";"5,8";"5,9"
"Maranhão";"20 a 24 anos";"4,6";"4,5";"4,7";"3,4";"4,2";"4,0";"3,9";"4,0";"4,1";"3,9"
"Maranhão";"25 a 29 anos";"4,7";"4,4";"5,2";"3,9";"4,1";"3,8";"4,0";"3,7";"4,3";"3,7"
"Maranhão";"30 a 39 anos";"3,0";"2,6";"3,1";"2,6";"2,8";"2,9";"2,8";"2,4";"2,9";"2,9"
"Maranhão";"40 a 49 anos";"3,7";"3,0";"3,0";"2,5";"2,9";"2,8";"2,7";"2,5";"3,1";"2,3"
"Maranhão";"50 a 59 anos";"4,2";"3,5";"3,4";"3,5";"3,5";"3,5";"3,3";"3,1";"3,1";"3,6"
"Maranhão";"60 anos ou mais";"3,9";"3,5";"3,7";"3,1";"3,8";"3,3";"3,3";"3,3";"3,1";"2,9"
"Maranhão";"60 a 64 anos";"6,5";"7,3";"5,3";"4,9";"6,0";"5,3";"6,0";"4,5";"5,2";"4,5"
"Maranhão";"65 anos ou mais";"4,6";"4,1";"4,4";"4,0";"4,4";"3,9";"3,6";"4,1";"3,8";"3,5"
"Piauí";"0 a 4 anos";"10,0";"10,3";"7,0";"7,2";"6,6";"6,7";"6,5";"8,0";"7,1";"7,7"
"Piauí";"5 a 13 anos";"6,3";"5,7";"4,7";"4,7";"5,3";"5,8";"5,5";"5,3";"4,9";"4,3"
"Piauí";"5 a 9 anos";"8,8";"9,3";"6,3";"6,0";"6,5";"7,4";"8,5";"7,0";"6,5";"6,0"
"Piauí";"10 a 13 anos";"7,6";"8,8";"6,7";"6,6";"7,7";"8,8";"8,0";"7,4";"6,5";"7,3"
"Piauí";"14 a 17 anos";"7,3";"8,5";"6,7";"8,0";"7,3";"8,6";"7,1";"7,2";"6,5";"7,5"
"Piauí";"14 a 15 anos";"10,4";"11,1";"9,3";"11,4";"11,4";"11,0";"9,4";"10,1";"8,4";"10,3"
"Piauí";"16 a 17 anos";"9,6";"11,6";"8,2";"10,1";"9,3";"11,7";"9,8";"10,1";"9,9";"11,2"
"Piauí";"18 a 19 anos";"9,9";"12,1";"8,8";"10,8";"11,3";"9,2";"9,1";"8,5";"9,9";"11,6"
"Piauí";"20 a 24 anos";"8,4";"9,2";"6,0";"6,5";"5,7";"6,1";"6,7";"7,3";"6,4";"5,8"
"Piauí";"25 a 29 anos";"7,2";"6,8";"6,9";"6,0";"5,1";"6,8";"8,6";"5,5";"6,9";"6,6"
"Piauí";"30 a 39 anos";"5,5";"4,2";"4,0";"3,7";"4,0";"3,9";"3,7";"4,7";"4,2";"4,5"
"Piauí";"40 a 49 anos";"5,0";"4,7";"4,0";"3,8";"4,8";"4,2";"4,6";"5,3";"4,2";"3,7"
"Piauí";"50 a 59 anos";"5,3";"6,1";"4,4";"4,3";"5,4";"4,6";"6,2";"5,5";"5,0";"4,6"
"Piauí";"60 anos ou mais";"5,3";"5,9";"4,2";"4,6";"4,4";"4,2";"4,6";"4,5";"4,2";"4,7"
"Piauí";"60 a 64 anos";"9,5";"10,4";"9,1";"8,3";"8,2";"7,0";"7,8";"7,5";"8,4";"9,1"
"Piauí";"65 anos ou mais";"6,3";"6,5";"5,0";"5,7";"5,4";"4,8";"5,8";"5,5";"4,9";"4,9"
"Ceará";"0 a 4 anos";"6,6";"6,0";"5,1";"6,3";"5,2";"5,3";"5,4";"5,3";"4,5";"5,1"
"Ceará";"5 a 13 anos";"4,7";"4,6";"3,6";"3,7";"3,8";"3,4";"3,2";"4,1";"3,1";"3,5"
"Ceará";"5 a 9 anos";"7,4";"6,2";"4,8";"5,1";"4,5";"4,5";"3,9";"5,0";"4,0";"4,6"
"Ceará";"10 a 13 anos";"6,5";"7,2";"5,0";"5,0";"5,5";"4,7";"5,0";"5,9";"5,0";"5,0"
"Ceará";"14 a 17 anos";"6,3";"5,3";"4,9";"5,0";"4,8";"4,8";"5,0";"5,4";"5,0";"4,6"
"Ceará";"14 a 15 anos";"8,0";"7,9";"6,8";"7,6";"6,5";"6,4";"7,6";"8,0";"7,1";"6,8"
"Ceará";"16 a 17 anos";"8,7";"8,0";"6,5";"6,5";"7,5";"7,0";"6,6";"7,5";"6,6";"7,2"
"Ceará";"18 a 19 anos";"6,8";"7,1";"6,8";"7,7";"7,6";"7,5";"7,6";"7,6";"7,7";"7,5"
"Ceará";"20 a 24 anos";"5,2";"5,4";"4,5";"4,6";"4,0";"4,5";"4,9";"4,5";"4,2";"4,3"
"Ceará";"25 a 29 anos";"5,9";"5,9";"4,4";"4,5";"4,9";"4,3";"4,6";"4,6";"4,8";"4,4"
"Ceará";"30 a 39 anos";"4,1";"3,6";"3,0";"3,1";"3,2";"2,8";"3,3";"2,7";"2,8";"2,9"
"Ceará";"40 a 49 anos";"4,0";"3,6";"3,2";"2,8";"3,4";"2,8";"3,2";"2,8";"3,0";"2,9"
"Ceará";"50 a 59 anos";"3,9";"3,8";"3,7";"3,4";"3,7";"3,1";"3,6";"3,2";"3,3";"3,1"
"Ceará";"60 anos ou mais";"4,8";"4,0";"3,2";"3,2";"3,6";"3,3";"3,2";"2,9";"3,2";"3,1"
"Ceará";"60 a 64 anos";"7,3";"7,2";"5,6";"5,1";"6,4";"5,2";"5,3";"4,9";"4,9";"5,2"
"Ceará";"65 anos ou mais";"5,6";"4,4";"3,8";"3,6";"4,4";"3,8";"3,6";"3,9";"4,0";"3,5"
"Rio Grande do Norte";"0 a 4 anos";"12,2";"9,4";"7,4";"6,8";"6,9";"8,2";"9,0";"9,0";"7,2";"9,0"
"Rio Grande do Norte";"5 a 13 anos";"6,8";"6,6";"5,1";"5,1";"5,9";"5,4";"5,6";"6,1";"5,6";"5,2"
"Rio Grande do Norte";"5 a 9 anos";"8,6";"8,6";"7,8";"6,1";"7,2";"7,0";"7,0";"7,0";"7,4";"7,6"
"Rio Grande do Norte";"10 a 13 anos";"8,8";"8,7";"8,0";"7,8";"8,1";"8,2";"8,8";"9,0";"7,2";"7,2"
"Rio Grande do Norte";"14 a 17 anos";"8,7";"8,6";"7,9";"7,5";"7,8";"8,4";"9,0";"8,8";"7,4";"8,1"
"Rio Grande do Norte";"14 a 15 anos";"11,3";"12,0";"10,7";"9,8";"10,9";"12,5";"10,3";"10,4";"11,0";"11,9"
"Rio Grande do Norte";"16 a 17 anos";"12,0";"12,8";"10,5";"11,8";"10,3";"10,7";"17,6";"11,3";"10,5";"11,5"
"Rio Grande do Norte";"18 a 19 anos";"13,1";"13,0";"9,5";"10,4";"10,2";"12,0";"11,9";"12,5";"13,2";"11,8"
"Rio Grande do Norte";"20 a 24 anos";"14,6";"11,0";"7,1";"7,1";"7,6";"7,0";"8,0";"7,9";"8,4";"7,0"
"Rio Grande do Norte";"25 a 29 anos";"10,8";"8,5";"6,7";"6,9";"7,7";"6,0";"9,0";"8,4";"5,9";"6,1"
"Rio Grande do Norte";"30 a 39 anos";"6,1";"5,4";"5,0";"3,9";"4,4";"5,2";"5,1";"5,2";"5,2";"5,1"
"Rio Grande do Norte";"40 a 49 anos";"5,5";"5,5";"5,2";"4,2";"4,4";"4,8";"4,1";"4,1";"4,7";"4,1"
"Rio Grande do Norte";"50 a 59 anos";"6,7";"5,7";"4,8";"5,0";"5,2";"5,8";"5,2";"5,1";"5,7";"4,9"
"Rio Grande do Norte";"60 anos ou mais";"5,0";"5,6";"4,6";"5,1";"5,4";"4,7";"5,0";"5,3";"4,7";"4,3"
"Rio Grande do Norte";"60 a 64 anos";"8,9";"11,2";"7,3";"8,9";"9,1";"8,2";"9,0";"7,3";"8,2";"7,9"
"Rio Grande do Norte";"65 anos ou mais";"6,8";"6,2";"5,6";"6,0";"6,0";"5,2";"5,8";"6,7";"5,8";"4,8"
"Paraíba";"0 a 4 anos";"7,9";"8,4";"6,7";"6,0";"6,7";"6,2";"6,6";"6,3";"6,0";"6,6"
"Paraíba";"5 a 13 anos";"5,4";"5,0";"4,2";"4,6";"4,5";"4,5";"4,1";"4,0";"4,5";"4,3"
"Paraíba";"5 a 9 anos";"7,7";"6,8";"6,1";"6,4";"5,8";"6,4";"5,5";"6,0";"6,7";"7,2"
"Paraíba";"10 a 13 anos";"7,4";"9,1";"6,2";"6,3";"7,1";"6,4";"6,4";"7,0";"6,2";"6,1"
"Paraíba";"14 a 17 anos";"8,2";"8,6";"6,1";"7,0";"7,4";"7,2";"6,0";"6,5";"6,2";"6,4"
"Paraíba";"14 a 15 anos";"12,2";"11,8";"8,3";"9,7";"10,2";"9,5";"7,8";"9,6";"8,6";"9,1"
"Paraíba";"16 a 17 anos";"11,5";"11,6";"8,7";"10,2";"9,8";"9,6";"9,1";"8,7";"8,2";"9,6"
"Paraíba";"18 a 19 anos";"11,2";"10,5";"8,8";"9,8";"9,4";"9,6";"8,0";"9,2";"8,8";"7,8"
"Paraíba";"20 a 24 anos";"9,5";"6,8";"6,1";"5,3";"6,0";"6,1";"5,2";"6,1";"5,8";"5,2"
"Paraíba";"25 a 29 anos";"7,3";"7,2";"6,1";"5,8";"6,6";"6,4";"6,2";"5,9";"6,4";"6,0"
"Paraíba";"30 a 39 anos";"4,6";"4,9";"4,0";"3,4";"4,4";"3,6";"4,4";"4,1";"5,0";"3,9"
"Paraíba";"40 a 49 anos";"4,3";"5,0";"3,2";"3,8";"3,8";"3,6";"3,9";"3,4";"3,5";"4,1"
"Paraíba";"50 a 59 anos";"8,4";"4,9";"4,9";"4,4";"4,4";"4,7";"4,7";"4,1";"5,2";"4,4"
"Paraíba";"60 anos ou mais";"5,5";"5,0";"4,5";"4,3";"4,1";"3,7";"4,6";"4,0";"4,3";"4,8"
"Paraíba";"60 a 64 anos";"8,7";"8,6";"7,8";"7,1";"8,4";"6,6";"7,3";"6,6";"6,5";"7,4"
"Paraíba";"65 anos ou mais";"7,1";"5,9";"5,5";"5,2";"4,7";"4,7";"5,7";"4,5";"6,0";"5,3"
"Pernambuco";"0 a 4 anos";"5,7";"6,1";"5,2";"5,2";"5,3";"5,0";"5,6";"5,1";"5,6";"5,0"
"Pernambuco";"5 a 13 anos";"3,8";"3,9";"3,8";"3,6";"3,8";"3,8";"3,0";"3,0";"3,5";"3,4"
"Pernambuco";"5 a 9 anos";"5,1";"5,7";"5,1";"4,7";"5,1";"5,5";"3,9";"4,1";"5,1";"4,9"
"Pernambuco";"10 a 13 anos";"5,6";"5,5";"5,2";"5,6";"5,6";"4,9";"4,8";"4,8";"5,2";"5,4"
"Pernambuco";"14 a 17 anos";"5,3";"5,9";"5,8";"5,2";"5,0";"5,4";"5,2";"5,5";"4,7";"5,2"
"Pernambuco";"14 a 15 anos";"8,2";"8,7";"8,3";"6,5";"6,6";"8,1";"7,9";"7,9";"7,2";"7,6"
"Pernambuco";"16 a 17 anos";"6,8";"8,1";"9,1";"7,0";"6,3";"6,4";"6,6";"7,9";"6,7";"8,1"
"Pernambuco";"18 a 19 anos";"8,1";"8,8";"7,5";"7,0";"6,7";"8,3";"7,4";"7,5";"8,0";"8,6"
"Pernambuco";"20 a 24 anos";"6,1";"5,2";"5,2";"5,1";"4,6";"4,8";"5,0";"4,8";"5,2";"5,8"
"Pernambuco";"25 a 29 anos";"5,6";"5,9";"5,2";"5,1";"5,1";"4,6";"4,8";"4,3";"5,1";"4,6"
"Pernambuco";"30 a 39 anos";"3,7";"2,9";"3,2";"3,2";"2,9";"3,0";"3,0";"2,8";"3,1";"3,0"
"Pernambuco";"40 a 49 anos";"3,4";"3,2";"3,0";"3,1";"3,2";"2,8";"2,7";"3,0";"3,7";"2,6"
"Pernambuco";"50 a 59 anos";"3,9";"3,9";"3,8";"3,8";"3,7";"3,3";"3,7";"3,0";"3,7";"3,3"
"Pernambuco";"60 anos ou mais";"4,1";"3,8";"3,3";"3,6";"3,6";"3,5";"3,6";"3,5";"3,4";"2,9"
"Pernambuco";"60 a 64 anos";"6,4";"6,3";"5,6";"5,4";"6,1";"6,0";"5,8";"5,2";"5,9";"4,9"
"Pernambuco";"65 anos ou mais";"5,0";"4,6";"4,1";"4,4";"4,4";"4,3";"4,5";"4,6";"4,1";"3,6"
"Alagoas";"0 a 4 anos";"5,2";"6,1";"5,0";"3,9";"5,0";"4,6";"5,8";"4,9";"5,0";"5,4"
"Alagoas";"5 a 13 anos";"4,2";"3,6";"3,2";"3,3";"3,6";"3,5";"3,5";"3,7";"3,4";"3,9"
"Alagoas";"5 a 9 anos";"5,4";"4,9";"4,2";"5,1";"5,2";"5,4";"5,1";"4,7";"4,6";"5,5"
"Alagoas";"10 a 13 anos";"6,9";"5,4";"5,5";"4,8";"5,4";"4,0";"4,7";"4,9";"5,3";"5,0"
"Alagoas";"14 a 17 anos";"5,7";"5,6";"5,1";"5,2";"5,8";"4,9";"5,1";"5,0";"4,3";"4,8"
"Alagoas";"14 a 15 anos";"7,5";"8,3";"7,3";"7,4";"8,3";"6,9";"6,8";"6,6";"6,1";"7,7"
"Alagoas";"16 a 17 anos";"7,4";"7,6";"7,4";"7,3";"7,2";"8,1";"6,9";"7,3";"6,4";"6,1"
"Alagoas";"18 a 19 anos";"9,4";"8,6";"6,9";"5,8";"7,5";"6,9";"6,5";"6,9";"7,0";"7,4"
"Alagoas";"20 a 24 anos";"5,5";"5,0";"4,8";"4,9";"4,8";"4,5";"4,7";"4,3";"4,8";"4,7"
"Alagoas";"25 a 29 anos";"5,7";"7,6";"4,4";"4,7";"4,5";"5,9";"4,3";"4,7";"5,2";"4,7"
"Alagoas";"30 a 39 anos";"4,2";"3,6";"4,0";"2,9";"3,5";"2,9";"3,2";"3,1";"3,2";"2,5"
"Alagoas";"40 a 49 anos";"3,9";"3,4";"3,3";"2,8";"3,3";"2,8";"2,9";"3,0";"2,9";"2,8"
"Alagoas";"50 a 59 anos";"4,6";"4,4";"3,8";"3,8";"3,9";"3,8";"3,5";"3,3";"3,9";"3,7"
"Alagoas";"60 anos ou mais";"4,4";"4,5";"3,9";"3,6";"4,2";"3,8";"3,9";"4,1";"3,6";"3,6"
"Alagoas";"60 a 64 anos";"6,7";"6,6";"6,7";"6,1";"6,3";"6,1";"5,8";"5,6";"5,7";"6,2"
"Alagoas";"65 anos ou mais";"5,2";"5,4";"4,6";"4,5";"5,0";"4,3";"5,0";"4,5";"4,5";"4,2"
"Sergipe";"0 a 4 anos";"9,7";"7,7";"7,4";"8,0";"9,2";"7,8";"7,9";"8,7";"7,8";"7,6"
"Sergipe";"5 a 13 anos";"4,8";"6,6";"5,1";"5,6";"5,2";"4,5";"5,3";"5,1";"5,1";"5,2"
"Sergipe";"5 a 9 anos";"8,1";"8,4";"6,8";"7,1";"7,2";"7,1";"7,5";"6,9";"6,7";"7,0"
"Sergipe";"10 a 13 anos";"8,2";"10,7";"7,5";"7,4";"7,5";"7,6";"6,5";"7,5";"7,6";"7,2"
"Sergipe";"14 a 17 anos";"8,2";"7,7";"7,4";"7,9";"7,4";"8,7";"7,4";"6,8";"7,1";"7,5"
"Sergipe";"14 a 15 anos";"12,9";"11,9";"10,4";"10,9";"9,5";"10,7";"11,6";"9,5";"8,4";"11,5"
"Sergipe";"16 a 17 anos";"11,6";"11,2";"10,5";"11,5";"10,2";"11,8";"8,9";"9,9";"13,0";"9,3"
"Sergipe";"18 a 19 anos";"12,9";"13,0";"9,6";"12,4";"12,1";"11,4";"9,6";"11,8";"10,2";"8,1"
"Sergipe";"20 a 24 anos";"7,2";"7,3";"6,7";"7,2";"6,3";"8,1";"7,0";"8,0";"6,5";"6,7"
"Sergipe";"25 a 29 anos";"7,4";"8,0";"6,8";"7,4";"7,2";"6,0";"6,7";"6,0";"6,2";"6,4"
"Sergipe";"30 a 39 anos";"4,9";"5,2";"4,5";"4,1";"5,0";"4,3";"5,6";"4,6";"5,5";"4,4"
"Sergipe";"40 a 49 anos";"5,7";"4,5";"5,1";"4,4";"5,7";"3,7";"5,1";"4,4";"4,8";"3,9"
"Sergipe";"50 a 59 anos";"6,6";"5,2";"5,1";"5,4";"5,4";"4,7";"5,7";"4,9";"5,0";"5,2"
"Sergipe";"60 anos ou mais";"7,7";"6,6";"5,6";"6,0";"5,2";"5,9";"6,6";"4,8";"5,1";"5,3"
"Sergipe";"60 a 64 anos";"12,0";"10,4";"9,0";"9,0";"8,8";"8,1";"10,6";"8,9";"9,0";"7,0"
"Sergipe";"65 anos ou mais";"8,9";"8,0";"7,2";"7,3";"6,6";"6,7";"7,1";"5,8";"5,9";"6,7"
"Bahia";"0 a 4 anos";"5,3";"6,1";"5,1";"5,0";"5,0";"5,0";"5,2";"4,9";"4,9";"5,9"
"Bahia";"5 a 13 anos";"4,0";"4,0";"3,8";"3,4";"3,8";"3,9";"3,6";"3,1";"3,4";"3,6"
"Bahia";"5 a 9 anos";"5,8";"5,2";"4,9";"4,9";"5,1";"4,9";"4,9";"4,6";"4,5";"4,9"
"Bahia";"10 a 13 anos";"5,7";"6,1";"5,7";"5,6";"4,3";"4,8";"4,8";"4,9";"4,9";"5,1"
"Bahia";"14 a 17 anos";"6,8";"4,5";"5,0";"5,6";"5,5";"5,4";"4,4";"5,1";"5,2";"5,3"
"Bahia";"14 a 15 anos";"9,7";"7,6";"7,2";"8,3";"6,9";"7,0";"5,9";"7,9";"7,8";"6,8"
"Bahia";"16 a 17 anos";"8,6";"7,8";"6,4";"8,2";"8,2";"7,2";"7,3";"7,2";"7,6";"7,9"
"Bahia";"18 a 19 anos";"8,2";"8,7";"7,3";"7,1";"7,8";"6,8";"7,3";"7,0";"7,4";"8,0"
"Bahia";"20 a 24 anos";"5,5";"6,0";"4,8";"5,1";"4,9";"4,8";"5,3";"4,2";"5,1";"4,5"
"Bahia";"25 a 29 anos";"6,8";"4,3";"5,7";"5,1";"5,1";"5,0";"5,5";"5,0";"5,2";"4,5"
"Bahia";"30 a 39 anos";"3,6";"3,1";"3,7";"2,6";"3,4";"2,8";"3,2";"3,1";"3,6";"2,8"
"Bahia";"40 a 49 anos";"3,5";"4,0";"3,0";"2,7";"3,1";"2,5";"3,1";"2,9";"2,7";"2,8"
"Bahia";"50 a 59 anos";"4,0";"4,7";"3,6";"3,4";"3,5";"3,2";"3,4";"3,4";"3,3";"3,5"
"Bahia";"60 anos ou mais";"4,5";"3,8";"3,3";"3,4";"3,7";"3,2";"3,4";"3,1";"3,3";"3,0"
"Bahia";"60 a 64 anos";"6,7";"5,8";"6,6";"5,1";"6,1";"6,3";"5,4";"4,9";"5,6";"4,5"
"Bahia";"65 anos ou mais";"6,0";"4,7";"4,4";"4,1";"4,0";"3,3";"3,9";"3,5";"3,8";"3,8"
"Minas Gerais";"0 a 4 anos";"5,2";"4,2";"4,6";"4,1";"4,4";"3,9";"4,3";"4,3";"4,1";"4,1"
"Minas Gerais";"5 a 13 anos";"3,3";"3,4";"2,9";"2,8";"2,5";"2,8";"2,9";"3,0";"2,4";"2,8"
"Minas Gerais";"5 a 9 anos";"4,2";"4,7";"4,0";"3,9";"3,8";"4,1";"3,6";"3,9";"3,2";"4,0"
"Minas Gerais";"10 a 13 anos";"4,7";"4,7";"3,9";"4,7";"3,6";"4,2";"4,4";"4,3";"3,5";"4,4"
"Minas Gerais";"14 a 17 anos";"4,1";"4,6";"4,1";"4,0";"3,9";"4,0";"4,2";"4,7";"4,7";"4,8"
"Minas Gerais";"14 a 15 anos";"5,8";"6,1";"5,9";"6,0";"5,8";"6,5";"6,8";"6,3";"6,0";"6,5"
"Minas Gerais";"16 a 17 anos";"6,0";"5,7";"5,7";"6,1";"5,9";"6,0";"5,0";"6,5";"6,1";"6,5"
"Minas Gerais";"18 a 19 anos";"5,7";"6,1";"5,7";"6,1";"5,9";"7,4";"5,9";"6,8";"6,3";"5,9"
"Minas Gerais";"20 a 24 anos";"3,9";"4,0";"3,7";"3,5";"4,0";"3,8";"3,5";"3,6";"4,1";"3,7"
"Minas Gerais";"25 a 29 anos";"3,9";"3,7";"4,4";"4,1";"3,5";"3,4";"3,9";"3,7";"3,5";"3,1"
"Minas Gerais";"30 a 39 anos";"2,6";"2,2";"2,8";"2,3";"2,5";"2,2";"2,3";"2,3";"2,5";"2,3"
"Minas Gerais";"40 a 49 anos";"2,4";"2,3";"2,1";"1,9";"2,5";"2,1";"2,4";"2,1";"2,2";"2,1"
"Minas Gerais";"50 a 59 anos";"2,6";"2,6";"2,7";"2,5";"2,6";"2,5";"2,7";"2,5";"2,6";"2,5"
"Minas Gerais";"60 anos ou mais";"2,8";"2,7";"2,8";"2,3";"2,6";"2,6";"2,8";"2,7";"2,6";"2,4"
"Minas Gerais";"60 a 64 anos";"3,8";"3,9";"4,2";"3,5";"4,0";"4,1";"4,5";"3,8";"4,0";"3,8"
"Minas Gerais";"65 anos ou mais";"3,2";"3,1";"3,3";"2,8";"3,0";"3,1";"3,3";"3,1";"3,0";"2,7"
"Espírito Santo";"0 a 4 anos";"7,3";"6,3";"5,2";"5,5";"6,5";"6,3";"5,8";"5,0";"5,3";"5,4"
"Espírito Santo";"5 a 13 anos";"4,8";"4,8";"4,5";"3,9";"4,2";"4,7";"3,9";"3,8";"3,8";"4,1"
"Espírito Santo";"5 a 9 anos";"7,2";"6,9";"5,7";"5,1";"5,6";"6,1";"5,2";"5,3";"5,7";"5,7"
"Espírito Santo";"10 a 13 anos";"6,2";"6,5";"7,1";"5,7";"7,0";"7,4";"5,7";"5,7";"5,8";"5,5"
"Espírito Santo";"14 a 17 anos";"6,0";"7,0";"5,7";"5,6";"5,6";"5,7";"6,2";"5,7";"6,2";"5,6"
"Espírito Santo";"14 a 15 anos";"8,8";"9,1";"7,8";"8,4";"8,8";"8,3";"7,5";"7,2";"7,9";"7,6"
"Espírito Santo";"16 a 17 anos";"8,4";"9,1";"8,1";"7,5";"7,9";"8,4";"8,8";"9,4";"9,0";"8,6"
"Espírito Santo";"18 a 19 anos";"9,8";"10,9";"8,4";"9,2";"8,1";"8,7";"8,1";"9,2";"9,5";"8,3"
"Espírito Santo";"20 a 24 anos";"5,8";"5,7";"5,0";"5,9";"5,8";"6,0";"5,6";"5,3";"5,3";"4,9"
"Espírito Santo";"25 a 29 anos";"6,6";"5,4";"6,0";"5,8";"5,2";"5,5";"5,1";"5,3";"5,4";"5,2"
"Espírito Santo";"30 a 39 anos";"3,5";"3,3";"3,6";"3,4";"3,4";"3,7";"4,0";"3,3";"3,6";"3,0"
"Espírito Santo";"40 a 49 anos";"3,9";"3,5";"3,3";"3,2";"3,5";"3,1";"3,2";"2,9";"3,1";"2,8"
"Espírito Santo";"50 a 59 anos";"3,9";"4,1";"3,9";"3,4";"3,8";"3,5";"3,8";"3,8";"3,7";"3,9"
"Espírito Santo";"60 anos ou mais";"4,0";"3,9";"3,4";"3,8";"4,6";"3,4";"3,6";"3,5";"3,1";"2,9"
"Espírito Santo";"60 a 64 anos";"6,3";"6,4";"5,6";"6,1";"5,8";"5,3";"5,7";"4,6";"5,9";"5,7"
"Espírito Santo";"65 anos ou mais";"4,8";"5,0";"4,3";"4,3";"6,2";"4,1";"4,3";"4,4";"3,6";"3,5"
"Rio de Janeiro";"0 a 4 anos";"5,8";"5,8";"4,1";"5,1";"4,2";"4,8";"4,0";"4,4";"5,2";"4,9"
"Rio de Janeiro";"5 a 13 anos";"3,6";"4,2";"3,3";"3,6";"2,7";"2,8";"2,7";"3,3";"2,7";"3,5"
"Rio de Janeiro";"5 a 9 anos";"4,6";"5,8";"4,0";"4,9";"3,7";"3,6";"3,7";"4,0";"4,2";"5,0"
"Rio de Janeiro";"10 a 13 anos";"5,2";"5,9";"4,9";"4,9";"3,8";"4,2";"3,8";"4,4";"3,9";"4,1"
"Rio de Janeiro";"14 a 17 anos";"5,1";"5,4";"4,2";"4,4";"3,9";"4,5";"4,5";"4,5";"4,2";"4,3"
"Rio de Janeiro";"14 a 15 anos";"7,0";"8,0";"6,4";"7,0";"5,8";"6,0";"6,6";"6,4";"5,9";"7,7"
"Rio de Janeiro";"16 a 17 anos";"7,1";"8,1";"5,9";"5,7";"6,2";"6,1";"5,9";"6,3";"7,6";"6,8"
"Rio de Janeiro";"18 a 19 anos";"7,6";"6,9";"6,3";"5,8";"6,0";"5,9";"6,2";"5,4";"7,2";"6,6"
"Rio de Janeiro";"20 a 24 anos";"4,5";"4,7";"3,8";"3,5";"4,1";"4,2";"4,1";"3,6";"4,6";"4,8"
"Rio de Janeiro";"25 a 29 anos";"4,7";"4,2";"4,1";"3,9";"3,6";"3,7";"3,6";"3,3";"3,6";"4,3"
"Rio de Janeiro";"30 a 39 anos";"3,4";"3,1";"2,7";"2,7";"2,7";"2,3";"2,6";"2,3";"4,6";"2,5"
"Rio de Janeiro";"40 a 49 anos";"3,0";"2,7";"2,7";"2,2";"2,3";"2,2";"2,2";"2,0";"2,5";"2,4"
"Rio de Janeiro";"50 a 59 anos";"2,9";"2,6";"2,6";"2,4";"2,5";"2,2";"2,5";"2,3";"2,8";"2,3"
"Rio de Janeiro";"60 anos ou mais";"3,0";"2,7";"2,5";"2,1";"2,2";"2,4";"2,3";"2,2";"2,5";"2,0"
"Rio de Janeiro";"60 a 64 anos";"4,8";"4,4";"4,0";"3,4";"3,7";"3,9";"3,9";"3,4";"4,7";"4,8"
"Rio de Janeiro";"65 anos ou mais";"3,7";"3,2";"2,9";"2,6";"2,8";"2,7";"2,8";"2,6";"2,8";"2,9"
"São Paulo";"0 a 4 anos";"3,9";"4,5";"4,1";"4,0";"4,0";"3,8";"3,5";"3,5";"3,5";"3,5"
"São Paulo";"5 a 13 anos";"2,8";"2,7";"2,6";"2,9";"2,3";"2,6";"2,3";"2,8";"2,3";"2,4"
"São Paulo";"5 a 9 anos";"3,7";"3,9";"3,6";"3,5";"3,0";"3,5";"3,0";"3,6";"3,2";"3,3"
"São Paulo";"10 a 13 anos";"3,6";"3,9";"3,9";"4,3";"3,7";"3,7";"3,7";"3,5";"3,6";"3,4"
"São Paulo";"14 a 17 anos";"4,2";"3,8";"4,2";"3,7";"3,4";"4,0";"3,8";"3,9";"4,8";"5,1"
"São Paulo";"14 a 15 anos";"5,9";"5,8";"5,7";"7,3";"5,4";"6,0";"5,5";"5,4";"5,8";"5,8"
"São Paulo";"16 a 17 anos";"5,8";"5,4";"6,2";"6,2";"5,3";"5,3";"5,2";"5,7";"8,1";"7,7"
"São Paulo";"18 a 19 anos";"5,8";"6,3";"5,9";"6,2";"5,0";"5,3";"5,7";"6,6";"6,0";"6,0"
"São Paulo";"20 a 24 anos";"3,1";"3,5";"3,5";"3,3";"2,9";"3,2";"3,2";"3,2";"3,5";"2,9"
"São Paulo";"25 a 29 anos";"3,5";"3,3";"2,8";"3,3";"3,3";"3,1";"2,8";"3,2";"2,8";"2,9"
"São Paulo";"30 a 39 anos";"2,4";"1,8";"2,2";"1,9";"2,1";"1,9";"2,3";"1,8";"2,2";"2,1"
"São Paulo";"40 a 49 anos";"2,2";"1,8";"2,1";"1,7";"1,7";"1,8";"1,8";"1,7";"2,0";"1,7"
"São Paulo";"50 a 59 anos";"2,1";"2,1";"2,2";"2,2";"2,0";"2,0";"1,9";"2,0";"2,4";"2,1"
"São Paulo";"60 anos ou mais";"2,5";"2,0";"2,3";"2,1";"2,2";"2,2";"2,1";"2,2";"2,1";"2,1"
"São Paulo";"60 a 64 anos";"3,6";"3,2";"3,9";"3,2";"3,1";"2,9";"3,5";"3,1";"3,4";"3,2"
"São Paulo";"65 anos ou mais";"2,9";"2,3";"2,7";"2,4";"2,6";"2,5";"2,5";"2,5";"2,6";"2,4"
"Paraná";"0 a 4 anos";"6,2";"6,3";"5,2";"5,0";"4,7";"5,5";"5,5";"4,3";"4,6";"4,5"
"Paraná";"5 a 13 anos";"3,6";"3,7";"3,2";"3,3";"3,3";"3,4";"3,2";"3,4";"3,0";"3,3"
"Paraná";"5 a 9 anos";"5,2";"5,0";"4,6";"4,3";"4,2";"4,5";"4,4";"4,5";"3,8";"4,6"
"Paraná";"10 a 13 anos";"5,2";"5,3";"4,6";"4,9";"5,1";"4,7";"4,8";"5,2";"5,0";"4,9"
"Paraná";"14 a 17 anos";"5,3";"5,8";"5,5";"4,4";"5,1";"5,2";"5,5";"5,0";"4,7";"5,0"
"Paraná";"14 a 15 anos";"8,8";"8,0";"8,4";"7,6";"7,2";"6,6";"7,4";"7,7";"7,4";"6,1"
"Paraná";"16 a 17 anos";"6,7";"8,0";"6,4";"6,3";"6,6";"8,1";"7,3";"6,5";"6,1";"7,3"
"Paraná";"18 a 19 anos";"6,7";"11,8";"6,8";"7,5";"7,1";"5,7";"6,8";"6,8";"7,5";"7,6"
"Paraná";"20 a 24 anos";"5,1";"5,6";"4,5";"4,8";"4,3";"3,7";"4,4";"4,7";"4,8";"4,0"
"Paraná";"25 a 29 anos";"6,3";"5,4";"3,9";"4,6";"4,7";"4,2";"4,0";"4,3";"4,1";"4,0"
"Paraná";"30 a 39 anos";"3,4";"3,1";"3,0";"2,7";"3,1";"3,4";"2,7";"2,6";"2,8";"2,7"
"Paraná";"40 a 49 anos";"3,8";"3,2";"2,8";"2,5";"3,1";"2,7";"2,8";"2,6";"2,4";"2,5"
"Paraná";"50 a 59 anos";"3,7";"3,6";"3,2";"3,0";"3,3";"3,2";"3,0";"2,9";"3,2";"3,1"
"Paraná";"60 anos ou mais";"3,7";"3,1";"3,2";"3,1";"3,3";"3,1";"3,0";"2,7";"3,3";"2,8"
"Paraná";"60 a 64 anos";"6,1";"4,7";"4,6";"5,3";"5,4";"5,5";"5,1";"4,2";"5,0";"4,2"
"Paraná";"65 anos ou mais";"4,4";"3,5";"3,9";"3,5";"4,0";"3,4";"3,3";"3,2";"3,9";"3,4"
"Santa Catarina";"0 a 4 anos";"5,6";"8,3";"4,1";"4,8";"4,5";"4,4";"4,5";"4,4";"4,1";"4,5"
"Santa Catarina";"5 a 13 anos";"5,0";"3,8";"3,1";"3,2";"2,9";"3,3";"3,0";"3,2";"2,8";"2,9"
"Santa Catarina";"5 a 9 anos";"8,0";"4,9";"3,9";"4,1";"3,5";"4,3";"4,0";"4,0";"3,7";"4,0"
"Santa Catarina";"10 a 13 anos";"7,2";"5,7";"4,6";"4,8";"4,6";"4,3";"4,5";"5,0";"4,2";"4,1"
"Santa Catarina";"14 a 17 anos";"5,5";"7,1";"4,6";"4,6";"4,5";"4,3";"4,0";"4,7";"4,4";"4,2"
"Santa Catarina";"14 a 15 anos";"7,5";"9,6";"6,3";"6,2";"6,3";"5,6";"6,2";"6,7";"6,0";"6,5"
"Santa Catarina";"16 a 17 anos";"7,8";"8,9";"6,5";"7,0";"7,1";"7,0";"6,0";"6,5";"5,9";"6,3"
"Santa Catarina";"18 a 19 anos";"8,0";"7,2";"5,5";"6,2";"7,0";"7,5";"6,4";"5,3";"6,4";"7,6"
"Santa Catarina";"20 a 24 anos";"4,5";"5,3";"3,5";"4,2";"3,6";"4,0";"4,0";"3,9";"4,1";"4,0"
"Santa Catarina";"25 a 29 anos";"5,5";"5,5";"3,8";"3,7";"3,4";"3,6";"3,9";"3,7";"4,4";"3,7"
"Santa Catarina";"30 a 39 anos";"3,4";"3,2";"2,4";"2,9";"2,2";"2,4";"2,4";"2,3";"2,5";"2,1"
"Santa Catarina";"40 a 49 anos";"2,9";"3,3";"2,3";"2,2";"2,3";"2,4";"2,4";"2,4";"2,4";"2,3"
"Santa Catarina";"50 a 59 anos";"3,4";"3,2";"2,8";"2,7";"3,0";"3,0";"2,9";"2,8";"3,0";"3,0"
"Santa Catarina";"60 anos ou mais";"3,4";"3,1";"2,9";"2,5";"3,2";"2,7";"2,7";"2,8";"2,6";"2,5"
"Santa Catarina";"60 a 64 anos";"4,7";"5,3";"5,1";"4,0";"4,5";"4,2";"4,1";"4,2";"4,1";"4,1"
"Santa Catarina";"65 anos ou mais";"4,0";"3,5";"3,6";"3,1";"4,0";"3,3";"3,3";"3,3";"3,3";"2,9"
"Rio Grande do Sul";"0 a 4 anos";"5,3";"6,5";"5,5";"5,4";"5,2";"5,3";"5,8";"4,9";"5,6";"5,8"
"Rio Grande do Sul";"5 a 13 anos";"4,0";"4,4";"3,2";"3,7";"3,5";"3,5";"3,5";"3,6";"4,3";"3,3"
"Rio Grande do Sul";"5 a 9 anos";"5,3";"5,7";"4,4";"4,8";"4,4";"4,7";"4,7";"4,6";"5,5";"4,6"
"Rio Grande do Sul";"10 a 13 anos";"5,9";"6,9";"5,3";"5,7";"5,5";"5,8";"5,0";"5,5";"5,2";"5,1"
"Rio Grande do Sul";"14 a 17 anos";"5,2";"5,4";"5,4";"5,8";"5,3";"5,8";"5,9";"4,9";"5,3";"5,4"
"Rio Grande do Sul";"14 a 15 anos";"7,2";"7,3";"7,3";"8,3";"7,7";"7,7";"7,1";"7,0";"7,4";"9,0"
"Rio Grande do Sul";"16 a 17 anos";"8,5";"8,1";"7,3";"7,5";"6,9";"8,4";"8,3";"6,4";"8,5";"7,1"
"Rio Grande do Sul";"18 a 19 anos";"7,9";"8,5";"6,5";"7,7";"7,5";"8,2";"6,8";"7,8";"8,6";"8,1"
"Rio Grande do Sul";"20 a 24 anos";"4,9";"5,4";"4,1";"5,0";"4,6";"4,4";"4,5";"4,9";"4,9";"5,6"
"Rio Grande do Sul";"25 a 29 anos";"5,4";"4,7";"5,0";"5,0";"5,1";"4,8";"4,5";"4,6";"4,9";"5,2"
"Rio Grande do Sul";"30 a 39 anos";"3,5";"2,8";"2,9";"2,6";"3,2";"3,0";"3,6";"3,0";"3,2";"2,8"
"Rio Grande do Sul";"40 a 49 anos";"3,2";"3,1";"3,0";"2,6";"2,8";"2,6";"2,9";"2,6";"2,6";"2,7"
"Rio Grande do Sul";"50 a 59 anos";"3,1";"3,2";"3,1";"2,5";"3,3";"3,0";"2,7";"3,2";"2,8";"2,9"
"Rio Grande do Sul";"60 anos ou mais";"3,0";"3,0";"2,6";"2,7";"3,1";"2,8";"2,9";"2,7";"2,9";"2,9"
"Rio Grande do Sul";"60 a 64 anos";"5,0";"4,6";"3,9";"4,0";"4,9";"4,6";"5,0";"4,5";"4,5";"4,2"
"Rio Grande do Sul";"65 anos ou mais";"3,6";"3,6";"3,3";"3,1";"3,6";"3,1";"3,4";"3,1";"3,8";"3,5"
"Mato Grosso do Sul";"0 a 4 anos";"7,0";"6,6";"6,5";"6,7";"6,3";"7,3";"7,2";"6,0";"6,9";"6,7"
"Mato Grosso do Sul";"5 a 13 anos";"5,5";"5,5";"5,3";"5,1";"4,8";"4,8";"5,0";"4,6";"4,1";"5,4"
"Mato Grosso do Sul";"5 a 9 anos";"6,5";"7,3";"6,5";"7,0";"6,5";"6,3";"5,7";"6,3";"5,6";"7,1"
"Mato Grosso do Sul";"10 a 13 anos";"8,4";"8,3";"8,9";"7,0";"6,4";"6,9";"7,6";"7,5";"6,7";"7,1"
"Mato Grosso do Sul";"14 a 17 anos";"7,9";"7,3";"6,8";"7,5";"6,5";"8,0";"7,2";"6,6";"7,0";"7,7"
"Mato Grosso do Sul";"14 a 15 anos";"10,2";"10,6";"9,8";"8,5";"9,3";"11,4";"8,9";"9,8";"9,9";"11,1"
"Mato Grosso do Sul";"16 a 17 anos";"11,3";"11,8";"9,3";"10,3";"8,0";"11,7";"13,0";"8,7";"9,8";"10,2"
"Mato Grosso do Sul";"18 a 19 anos";"10,8";"11,2";"10,5";"11,6";"11,1";"11,7";"10,4";"10,5";"9,7";"10,4"
"Mato Grosso do Sul";"20 a 24 anos";"7,7";"6,6";"6,8";"6,2";"7,2";"6,5";"6,2";"6,5";"7,3";"6,3"
"Mato Grosso do Sul";"25 a 29 anos";"7,3";"7,5";"7,2";"6,3";"6,1";"5,3";"6,9";"6,8";"5,5";"6,2"
"Mato Grosso do Sul";"30 a 39 anos";"5,0";"4,1";"4,3";"4,0";"4,4";"3,7";"4,1";"3,9";"5,0";"4,1"
"Mato Grosso do Sul";"40 a 49 anos";"4,8";"4,6";"4,3";"3,5";"4,1";"3,4";"4,1";"3,8";"4,2";"3,5"
"Mato Grosso do Sul";"50 a 59 anos";"6,4";"5,4";"5,0";"5,0";"4,7";"4,4";"5,5";"4,8";"4,3";"4,4"
"Mato Grosso do Sul";"60 anos ou mais";"5,0";"5,5";"6,1";"5,2";"5,1";"5,4";"5,4";"5,1";"4,9";"4,5"
"Mato Grosso do Sul";"60 a 64 anos";"8,7";"7,2";"9,0";"7,5";"8,6";"7,6";"9,7";"6,8";"7,1";"7,6"
"Mato Grosso do Sul";"65 anos ou mais";"6,0";"7,1";"7,0";"5,8";"6,2";"6,2";"6,3";"6,4";"6,1";"5,3"
"Mato Grosso";"0 a 4 anos";"7,0";"6,8";"6,0";"6,5";"6,9";"6,9";"7,4";"6,9";"5,8";"6,0"
"Mato Grosso";"5 a 13 anos";"6,0";"4,8";"4,5";"5,7";"4,6";"4,7";"3,8";"5,1";"4,2";"5,1"
"Mato Grosso";"5 a 9 anos";"8,7";"6,9";"6,5";"7,6";"6,1";"7,3";"6,4";"7,7";"5,5";"6,5"
"Mato Grosso";"10 a 13 anos";"7,8";"6,6";"6,0";"7,2";"6,3";"7,2";"6,6";"6,2";"6,6";"6,6"
"Mato Grosso";"14 a 17 anos";"6,6";"8,7";"7,1";"7,0";"7,7";"7,5";"6,9";"7,1";"6,5";"6,6"
"Mato Grosso";"14 a 15 anos";"8,0";"11,0";"11,6";"10,1";"12,2";"10,1";"10,0";"9,8";"9,3";"8,7"
"Mato Grosso";"16 a 17 anos";"10,1";"12,5";"9,6";"9,4";"9,1";"10,0";"8,9";"11,6";"9,5";"9,3"
"Mato Grosso";"18 a 19 anos";"9,2";"11,1";"9,7";"11,4";"9,3";"8,3";"10,0";"11,5";"10,2";"9,6"
"Mato Grosso";"20 a 24 anos";"6,5";"7,0";"6,6";"7,4";"7,1";"5,5";"7,7";"6,2";"6,8";"7,3"
"Mato Grosso";"25 a 29 anos";"7,9";"5,4";"6,8";"6,9";"7,5";"11,3";"5,8";"6,7";"5,4";"6,0"
"Mato Grosso";"30 a 39 anos";"4,7";"3,8";"3,8";"4,6";"4,5";"4,3";"4,3";"4,1";"3,7";"3,4"
"Mato Grosso";"40 a 49 anos";"4,8";"4,0";"3,9";"4,1";"3,8";"3,7";"4,8";"4,8";"3,9";"3,2"
"Mato Grosso";"50 a 59 anos";"6,1";"5,1";"4,9";"5,4";"6,4";"5,6";"5,1";"5,2";"4,7";"5,5"
"Mato Grosso";"60 anos ou mais";"6,1";"6,2";"5,2";"5,1";"4,9";"6,0";"6,2";"5,7";"5,1";"4,8"
"Mato Grosso";"60 a 64 anos";"9,8";"8,0";"8,7";"7,5";"8,0";"8,8";"8,5";"7,9";"7,8";"7,2"
"Mato Grosso";"65 anos ou mais";"7,1";"7,9";"5,8";"6,1";"6,3";"6,4";"7,2";"7,0";"6,0";"5,8"
"Goiás";"0 a 4 anos";"7,1";"6,0";"5,5";"6,0";"5,9";"6,7";"5,5";"5,9";"6,3";"6,1"
"Goiás";"5 a 13 anos";"4,5";"5,3";"4,3";"4,3";"4,9";"4,1";"4,3";"3,7";"4,3";"4,0"
"Goiás";"5 a 9 anos";"6,2";"6,3";"5,6";"5,1";"6,1";"5,8";"5,5";"5,5";"5,8";"4,7"
"Goiás";"10 a 13 anos";"6,1";"8,2";"6,8";"7,1";"5,9";"6,3";"5,8";"5,1";"5,8";"6,5"
"Goiás";"14 a 17 anos";"6,7";"6,8";"6,8";"6,3";"5,7";"5,5";"5,4";"6,7";"5,9";"5,7"
"Goiás";"14 a 15 anos";"9,4";"10,0";"9,5";"9,8";"8,3";"7,8";"8,0";"10,0";"8,7";"7,8"
"Goiás";"16 a 17 anos";"9,7";"9,3";"9,4";"8,1";"8,3";"9,3";"7,6";"8,7";"8,2";"8,9"
"Goiás";"18 a 19 anos";"9,6";"9,4";"9,3";"8,7";"9,1";"9,3";"9,0";"8,8";"8,1";"9,5"
"Goiás";"20 a 24 anos";"6,0";"5,9";"5,2";"5,6";"5,3";"5,4";"5,2";"5,4";"5,9";"6,8"
"Goiás";"25 a 29 anos";"5,5";"5,3";"5,4";"5,5";"5,5";"5,1";"5,1";"5,5";"6,0";"5,3"
"Goiás";"30 a 39 anos";"4,4";"3,3";"3,5";"3,1";"3,4";"3,5";"3,5";"3,0";"3,7";"3,5"
"Goiás";"40 a 49 anos";"3,5";"3,8";"3,6";"3,7";"4,1";"3,1";"3,6";"2,7";"3,5";"3,3"
"Goiás";"50 a 59 anos";"4,7";"4,2";"4,5";"3,7";"4,5";"4,0";"4,3";"3,7";"3,9";"3,8"
"Goiás";"60 anos ou mais";"4,2";"4,1";"4,4";"4,2";"3,9";"4,2";"4,3";"4,0";"4,2";"4,0"
"Goiás";"60 a 64 anos";"7,5";"7,0";"7,5";"6,3";"6,4";"5,7";"6,5";"5,6";"6,6";"6,8"
"Goiás";"65 anos ou mais";"4,9";"4,6";"5,1";"4,9";"4,4";"5,2";"5,1";"4,7";"5,0";"4,6"
"Distrito Federal";"0 a 4 anos";"9,6";"8,8";"7,1";"8,2";"8,4";"7,5";"8,1";"7,9";"8,9";"8,4"
"Distrito Federal";"5 a 13 anos";"7,2";"6,2";"4,9";"5,5";"5,4";"6,0";"5,4";"4,8";"5,9";"5,5"
"Distrito Federal";"5 a 9 anos";"8,4";"9,5";"6,9";"7,7";"8,2";"8,2";"6,3";"6,0";"6,8";"8,8"
"Distrito Federal";"10 a 13 anos";"9,5";"8,5";"8,4";"7,9";"7,0";"8,3";"9,1";"7,7";"8,8";"8,7"
"Distrito Federal";"14 a 17 anos";"8,9";"8,3";"8,3";"7,4";"8,1";"7,5";"7,4";"7,5";"6,3";"8,8"
"Distrito Federal";"14 a 15 anos";"12,1";"11,2";"11,8";"11,2";"10,5";"11,0";"10,4";"9,8";"8,1";"13,3"
"Distrito Federal";"16 a 17 anos";"13,6";"11,2";"10,5";"10,2";"12,6";"10,4";"12,3";"11,2";"8,8";"11,8"
"Distrito Federal";"18 a 19 anos";"10,4";"10,9";"10,8";"11,0";"12,7";"10,5";"11,6";"10,1";"10,2";"11,3"
"Distrito Federal";"20 a 24 anos";"6,3";"7,7";"7,0";"7,0";"6,9";"7,0";"6,0";"6,1";"7,5";"7,3"
"Distrito Federal";"25 a 29 anos";"8,6";"8,6";"8,6";"6,2";"7,5";"5,8";"6,5";"6,4";"5,8";"7,6"
"Distrito Federal";"30 a 39 anos";"5,9";"5,1";"4,5";"4,5";"5,4";"4,4";"5,0";"4,0";"5,5";"5,0"
"Distrito Federal";"40 a 49 anos";"4,7";"4,2";"4,5";"4,4";"4,0";"3,5";"4,2";"3,9";"4,9";"3,9"
"Distrito Federal";"50 a 59 anos";"6,1";"5,6";"5,4";"5,0";"5,1";"4,4";"5,0";"4,2";"5,5";"4,7"
"Distrito Federal";"60 anos ou mais";"6,6";"6,0";"5,9";"6,0";"5,8";"5,6";"6,0";"5,6";"5,8";"5,4"
"Distrito Federal";"60 a 64 anos";"10,8";"9,1";"8,8";"8,5";"9,3";"8,6";"8,8";"7,4";"8,3";"7,7"
"Distrito Federal";"65 anos ou mais";"8,2";"7,0";"7,2";"7,4";"7,4";"6,3";"7,2";"7,2";"7,2";"6,7"
"Porto Velho (RO)";"0 a 4 anos";"13,2";"13,0";"13,0";"9,9";"22,4";"17,9";"15,2";"17,4";"13,9";"16,1"
"Porto Velho (RO)";"5 a 13 anos";"8,6";"7,3";"7,9";"9,6";"14,2";"11,3";"15,2";"13,4";"9,5";"9,7"
"Porto Velho (RO)";"5 a 9 anos";"12,5";"14,7";"10,5";"13,9";"18,5";"16,7";"15,3";"16,5";"12,0";"12,8"
"Porto Velho (RO)";"10 a 13 anos";"11,6";"12,5";"12,7";"13,4";"18,1";"16,0";"19,8";"16,9";"15,9";"13,1"
"Porto Velho (RO)";"14 a 17 anos";"11,2";"12,6";"10,6";"14,4";"10,9";"13,5";"26,0";"16,0";"14,7";"16,2"
"Porto Velho (RO)";"14 a 15 anos";"15,8";"13,4";"17,5";"18,6";"22,6";"14,7";"36,1";"25,0";"21,3";"22,5"
"Porto Velho (RO)";"16 a 17 anos";"16,2";"19,2";"14,0";"20,6";"16,9";"22,6";"19,4";"22,7";"18,8";"17,4"
"Porto Velho (RO)";"18 a 19 anos";"18,9";"20,1";"19,9";"17,3";"21,7";"25,3";"19,2";"23,1";"17,7";"17,0"
"Porto Velho (RO)";"20 a 24 anos";"11,6";"9,5";"16,3";"9,3";"16,0";"16,0";"14,0";"11,6";"11,3";"12,1"
"Porto Velho (RO)";"25 a 29 anos";"12,8";"11,1";"13,7";"9,0";"11,4";"15,8";"10,5";"14,7";"14,1";"12,5"
"Porto Velho (RO)";"30 a 39 anos";"7,9";"6,8";"8,6";"8,7";"7,9";"8,1";"9,0";"10,5";"6,8";"7,1"
"Porto Velho (RO)";"40 a 49 anos";"8,9";"7,7";"7,1";"8,0";"9,4";"9,1";"10,7";"10,4";"7,6";"7,6"
"Porto Velho (RO)";"50 a 59 anos";"12,0";"10,6";"9,7";"8,4";"8,9";"10,3";"12,6";"12,7";"9,4";"9,0"
"Porto Velho (RO)";"60 anos ou mais";"10,8";"10,9";"11,1";"9,3";"11,4";"11,7";"12,4";"11,8";"11,1";"9,3"
"Porto Velho (RO)";"60 a 64 anos";"17,2";"15,7";"16,0";"15,4";"14,5";"13,7";"17,4";"10,3";"15,3";"14,1"
"Porto Velho (RO)";"65 anos ou mais";"15,0";"14,1";"12,5";"12,1";"14,3";"15,0";"15,0";"18,2";"12,8";"10,8"
"Rio Branco (AC)";"0 a 4 anos";"10,1";"10,8";"9,5";"10,3";"11,6";"11,7";"10,3";"10,4";"8,9";"9,4"
"Rio Branco (AC)";"5 a 13 anos";"7,3";"8,3";"8,1";"6,1";"6,0";"6,8";"6,1";"5,8";"7,5";"6,2"
"Rio Branco (AC)";"5 a 9 anos";"8,7";"10,7";"8,9";"8,5";"9,4";"9,2";"9,0";"8,0";"8,9";"9,2"
"Rio Branco (AC)";"10 a 13 anos";"11,2";"11,8";"11,5";"8,2";"7,9";"8,3";"8,1";"9,4";"12,2";"8,7"
"Rio Branco (AC)";"14 a 17 anos";"10,1";"9,2";"10,5";"8,9";"10,7";"8,3";"8,8";"10,3";"9,2";"10,3"
"Rio Branco (AC)";"14 a 15 anos";"14,5";"13,9";"15,6";"12,0";"14,4";"12,8";"13,6";"13,1";"14,6";"12,7"
"Rio Branco (AC)";"16 a 17 anos";"14,3";"12,1";"14,9";"13,7";"14,1";"12,4";"10,6";"13,3";"12,8";"16,3"
"Rio Branco (AC)";"18 a 19 anos";"12,0";"17,9";"13,4";"13,4";"11,6";"13,0";"11,6";"10,5";"14,7";"12,3"
"Rio Branco (AC)";"20 a 24 anos";"8,9";"8,3";"9,1";"8,1";"8,5";"9,1";"10,1";"8,7";"8,7";"9,0"
"Rio Branco (AC)";"25 a 29 anos";"9,5";"8,7";"7,8";"9,4";"10,9";"7,8";"8,3";"8,6";"9,2";"7,9"
"Rio Branco (AC)";"30 a 39 anos";"6,6";"5,7";"6,3";"6,7";"6,3";"5,8";"6,7";"5,6";"7,1";"5,2"
"Rio Branco (AC)";"40 a 49 anos";"6,9";"5,6";"5,8";"6,1";"6,3";"6,0";"5,8";"5,1";"7,2";"6,8"
"Rio Branco (AC)";"50 a 59 anos";"7,6";"8,0";"8,3";"7,4";"8,7";"8,1";"8,6";"7,6";"8,1";"6,6"
"Rio Branco (AC)";"60 anos ou mais";"8,6";"7,8";"8,6";"9,5";"7,1";"9,3";"8,4";"8,0";"8,7";"8,8"
"Rio Branco (AC)";"60 a 64 anos";"13,6";"13,3";"13,8";"12,2";"14,3";"13,9";"14,3";"12,3";"15,0";"13,6"
"Rio Branco (AC)";"65 anos ou mais";"10,0";"9,3";"11,2";"11,5";"8,6";"10,4";"9,9";"9,5";"10,3";"9,9"
"Manaus (AM)";"0 a 4 anos";"9,3";"9,7";"9,4";"9,6";"7,7";"9,9";"7,9";"8,7";"8,7";"7,6"
"Manaus (AM)";"5 a 13 anos";"5,1";"6,9";"6,7";"5,9";"7,1";"6,4";"6,2";"6,5";"6,7";"6,3"
"Manaus (AM)";"5 a 9 anos";"7,0";"9,0";"9,4";"7,4";"8,9";"7,3";"8,0";"10,0";"9,2";"8,7"
"Manaus (AM)";"10 a 13 anos";"9,6";"10,8";"9,1";"9,5";"8,1";"10,3";"9,4";"7,5";"8,9";"9,9"
"Manaus (AM)";"14 a 17 anos";"7,8";"9,8";"8,1";"10,2";"7,6";"6,9";"9,7";"11,9";"7,5";"10,2"
"Manaus (AM)";"14 a 15 anos";"9,5";"13,0";"12,4";"14,7";"12,5";"12,8";"12,9";"13,1";"12,9";"14,0"
"Manaus (AM)";"16 a 17 anos";"11,1";"12,5";"11,2";"15,8";"11,0";"9,7";"11,4";"15,2";"11,1";"15,1"
"Manaus (AM)";"18 a 19 anos";"10,9";"12,6";"9,4";"12,0";"11,3";"12,6";"13,0";"11,5";"13,0";"13,1"
"Manaus (AM)";"20 a 24 anos";"7,3";"7,4";"7,4";"6,5";"7,1";"7,7";"8,2";"7,4";"9,4";"6,9"
"Manaus (AM)";"25 a 29 anos";"8,4";"8,8";"6,9";"7,1";"8,5";"8,2";"8,5";"6,9";"8,8";"6,5"
"Manaus (AM)";"30 a 39 anos";"4,4";"4,9";"4,9";"5,5";"5,9";"5,3";"5,1";"4,3";"7,0";"5,7"
"Manaus (AM)";"40 a 49 anos";"5,1";"5,1";"5,2";"4,7";"5,9";"4,6";"5,8";"4,3";"5,2";"5,2"
"Manaus (AM)";"50 a 59 anos";"5,0";"6,3";"6,6";"6,2";"5,6";"7,2";"6,7";"6,4";"7,5";"6,0"
"Manaus (AM)";"60 anos ou mais";"6,6";"6,6";"7,0";"7,4";"8,3";"7,5";"7,1";"6,1";"6,0";"6,8"
"Manaus (AM)";"60 a 64 anos";"10,7";"10,4";"11,6";"11,4";"10,9";"9,9";"11,2";"8,7";"9,7";"9,4"
"Manaus (AM)";"65 anos ou mais";"9,2";"7,4";"8,1";"7,9";"10,2";"10,0";"8,8";"9,0";"8,5";"8,2"
"Boa Vista (RR)";"0 a 4 anos";"11,1";"12,7";"9,0";"9,2";"9,8";"13,5";"9,9";"10,4";"9,1";"12,4"
"Boa Vista (RR)";"5 a 13 anos";"6,1";"7,8";"7,1";"7,8";"7,4";"7,9";"7,3";"8,1";"7,6";"10,6"
"Boa Vista (RR)";"5 a 9 anos";"7,6";"10,4";"9,4";"12,1";"8,4";"10,3";"11,1";"9,1";"9,2";"13,9"
"Boa Vista (RR)";"10 a 13 anos";"12,3";"12,1";"11,1";"13,8";"9,7";"11,2";"10,7";"10,8";"11,8";"12,4"
"Boa Vista (RR)";"14 a 17 anos";"16,1";"14,4";"10,8";"10,2";"11,7";"11,1";"12,5";"11,0";"11,4";"11,3"
"Boa Vista (RR)";"14 a 15 anos";"18,7";"22,6";"15,6";"14,8";"14,9";"17,2";"16,7";"12,1";"19,1";"20,0"
"Boa Vista (RR)";"16 a 17 anos";"19,7";"15,1";"15,4";"17,0";"15,2";"17,5";"15,0";"18,1";"15,5";"16,1"
"Boa Vista (RR)";"18 a 19 anos";"13,8";"13,5";"15,4";"14,2";"13,2";"17,1";"13,0";"17,1";"14,7";"14,4"
"Boa Vista (RR)";"20 a 24 anos";"14,1";"11,1";"6,9";"10,3";"9,8";"12,4";"10,0";"9,7";"10,1";"11,6"
"Boa Vista (RR)";"25 a 29 anos";"9,0";"10,6";"12,7";"9,0";"11,5";"8,1";"10,6";"9,0";"8,0";"9,2"
"Boa Vista (RR)";"30 a 39 anos";"6,1";"7,7";"7,6";"5,4";"5,6";"7,3";"6,2";"5,6";"9,2";"6,9"
"Boa Vista (RR)";"40 a 49 anos";"8,1";"6,7";"8,0";"8,7";"6,6";"6,7";"7,8";"6,7";"11,6";"7,4"
"Boa Vista (RR)";"50 a 59 anos";"12,3";"10,8";"12,5";"9,9";"8,5";"8,5";"10,6";"9,4";"9,3";"10,4"
"Boa Vista (RR)";"60 anos ou mais";"10,4";"14,1";"12,6";"9,4";"9,5";"9,7";"10,9";"8,4";"10,8";"10,1"
"Boa Vista (RR)";"60 a 64 anos";"14,2";"17,2";"19,7";"17,0";"18,6";"13,9";"16,7";"16,4";"18,3";"18,7"
"Boa Vista (RR)";"65 anos ou mais";"14,4";"18,2";"13,7";"11,7";"9,8";"12,0";"14,5";"10,0";"13,1";"9,2"
"Belém (PA)";"0 a 4 anos";"15,7";"17,3";"11,7";"12,9";"12,2";"12,0";"14,3";"14,2";"15,8";"14,1"
"Belém (PA)";"5 a 13 anos";"10,9";"13,9";"9,1";"8,7";"8,1";"9,7";"9,4";"9,0";"6,8";"8,7"
"Belém (PA)";"5 a 9 anos";"13,4";"15,6";"12,6";"11,8";"12,1";"11,4";"13,1";"11,1";"8,9";"10,8"
"Belém (PA)";"10 a 13 anos";"17,2";"19,8";"14,9";"14,5";"11,4";"14,6";"12,3";"13,6";"10,6";"13,2"
"Belém (PA)";"14 a 17 anos";"15,4";"15,0";"13,4";"11,8";"13,1";"12,2";"12,1";"12,0";"11,4";"11,5"
"Belém (PA)";"14 a 15 anos";"28,4";"20,3";"17,2";"20,8";"19,1";"18,0";"16,6";"18,3";"16,5";"17,1"
"Belém (PA)";"16 a 17 anos";"16,1";"19,6";"20,2";"14,9";"16,5";"19,5";"17,3";"20,0";"13,5";"15,1"
"Belém (PA)";"18 a 19 anos";"22,0";"19,5";"14,6";"20,8";"18,5";"16,9";"19,2";"13,1";"15,4";"15,6"
"Belém (PA)";"20 a 24 anos";"11,1";"11,3";"10,0";"9,7";"10,2";"9,3";"11,3";"9,9";"9,8";"8,3"
"Belém (PA)";"25 a 29 anos";"13,9";"12,3";"10,7";"11,3";"10,9";"8,3";"11,7";"12,0";"9,5";"7,1"
"Belém (PA)";"30 a 39 anos";"9,6";"8,5";"9,4";"8,0";"6,2";"6,0";"8,4";"7,3";"8,0";"6,2"
"Belém (PA)";"40 a 49 anos";"7,1";"6,5";"7,7";"6,4";"7,3";"5,9";"8,7";"6,7";"6,2";"5,8"
"Belém (PA)";"50 a 59 anos";"10,0";"8,1";"7,2";"7,5";"6,7";"7,0";"7,8";"5,8";"6,8";"7,2"
"Belém (PA)";"60 anos ou mais";"9,2";"7,8";"9,1";"8,4";"7,2";"7,2";"8,8";"7,1";"9,1";"7,0"
"Belém (PA)";"60 a 64 anos";"13,3";"11,5";"15,6";"12,2";"10,1";"13,0";"12,2";"10,5";"13,6";"12,6"
"Belém (PA)";"65 anos ou mais";"12,1";"10,0";"10,4";"9,2";"9,1";"7,8";"11,0";"8,2";"10,7";"8,2"
"Macapá (AP)";"0 a 4 anos";"17,7";"30,2";"15,5";"12,7";"19,7";"14,7";"17,8";"14,3";"12,7";"13,5"
"Macapá (AP)";"5 a 13 anos";"9,7";"16,7";"10,8";"8,1";"11,2";"9,9";"12,7";"12,8";"8,6";"9,7"
"Macapá (AP)";"5 a 9 anos";"15,9";"21,0";"15,2";"10,8";"14,8";"15,3";"16,9";"16,8";"11,0";"11,2"
"Macapá (AP)";"10 a 13 anos";"22,2";"14,5";"11,2";"14,3";"14,4";"14,5";"12,0";"15,6";"11,3";"12,6"
"Macapá (AP)";"14 a 17 anos";"17,4";"19,0";"11,9";"13,7";"15,0";"19,5";"14,8";"13,3";"16,3";"12,5"
"Macapá (AP)";"14 a 15 anos";"24,8";"24,6";"17,4";"19,0";"25,8";"24,0";"17,4";"20,2";"22,4";"18,0"
"Macapá (AP)";"16 a 17 anos";"24,7";"18,0";"13,4";"20,3";"17,9";"29,6";"21,4";"19,0";"23,0";"15,8"
"Macapá (AP)";"18 a 19 anos";"15,3";"17,9";"14,8";"28,8";"26,2";"21,3";"19,4";"16,7";"16,1";"22,2"
"Macapá (AP)";"20 a 24 anos";"16,8";"12,0";"15,8";"10,6";"13,1";"9,4";"14,5";"7,9";"9,4";"12,4"
"Macapá (AP)";"25 a 29 anos";"13,1";"22,2";"10,7";"12,5";"14,6";"12,2";"12,4";"11,2";"10,1";"9,5"
"Macapá (AP)";"30 a 39 anos";"13,6";"10,5";"8,1";"8,6";"9,1";"8,6";"7,6";"6,6";"8,0";"5,9"
"Macapá (AP)";"40 a 49 anos";"13,7";"11,9";"10,2";"8,4";"9,7";"10,2";"10,6";"9,3";"9,4";"6,5"
"Macapá (AP)";"50 a 59 anos";"13,6";"11,7";"11,7";"13,6";"10,0";"8,4";"14,0";"10,1";"7,6";"6,8"
"Macapá (AP)";"60 anos ou mais";"12,2";"14,5";"13,0";"10,1";"13,2";"11,2";"10,9";"13,7";"9,4";"7,5"
"Macapá (AP)";"60 a 64 anos";"19,7";"19,3";"20,2";"20,7";"19,9";"20,9";"34,6";"18,3";"16,0";"12,8"
"Macapá (AP)";"65 anos ou mais";"14,3";"18,3";"14,5";"12,4";"16,5";"15,5";"17,5";"16,2";"12,0";"10,6"
"Palmas (TO)";"0 a 4 anos";"21,0";"25,8";"17,3";"17,6";"18,8";"15,6";"15,4";"17,7";"15,2";"17,6"
"Palmas (TO)";"5 a 13 anos";"19,1";"28,6";"12,3";"12,9";"13,2";"14,7";"14,4";"12,3";"12,0";"16,1"
"Palmas (TO)";"5 a 9 anos";"28,5";"41,2";"18,5";"15,9";"15,3";"16,6";"20,1";"20,7";"15,5";"18,3"
"Palmas (TO)";"10 a 13 anos";"21,7";"27,4";"15,2";"21,0";"18,5";"25,2";"24,9";"19,1";"20,6";"18,6"
"Palmas (TO)";"14 a 17 anos";"23,3";"39,9";"22,3";"19,5";"18,8";"17,4";"16,6";"23,6";"15,5";"18,2"
"Palmas (TO)";"14 a 15 anos";"44,9";"64,4";"27,7";"19,4";"20,1";"26,1";"19,7";"30,8";"23,8";"26,8"
"Palmas (TO)";"16 a 17 anos";"27,2";"42,2";"24,4";"41,8";"29,7";"22,0";"21,6";"28,1";"19,2";"34,0"
"Palmas (TO)";"18 a 19 anos";"45,4";"36,2";"31,8";"26,4";"16,3";"23,0";"19,6";"24,3";"16,0";"28,5"
"Palmas (TO)";"20 a 24 anos";"24,6";"18,9";"16,3";"11,2";"20,2";"14,5";"12,5";"16,4";"16,7";"14,9"
"Palmas (TO)";"25 a 29 anos";"21,0";"20,1";"14,9";"17,8";"12,3";"13,4";"17,8";"15,3";"13,3";"19,0"
"Palmas (TO)";"30 a 39 anos";"16,5";"15,4";"11,0";"13,0";"12,4";"8,4";"9,5";"10,8";"11,0";"8,2"
"Palmas (TO)";"40 a 49 anos";"19,8";"16,1";"11,9";"8,7";"8,5";"9,9";"10,9";"8,4";"11,6";"9,2"
"Palmas (TO)";"50 a 59 anos";"31,4";"21,6";"12,9";"14,4";"14,3";"11,8";"11,5";"12,9";"13,3";"13,4"
"Palmas (TO)";"60 anos ou mais";"20,5";"14,5";"14,9";"13,9";"13,9";"15,4";"17,9";"14,4";"15,0";"15,2"
"Palmas (TO)";"60 a 64 anos";"35,4";"34,1";"26,8";"22,0";"22,4";"20,4";"25,0";"22,8";"22,7";"29,8"
"Palmas (TO)";"65 anos ou mais";"25,5";"19,7";"16,9";"15,6";"16,4";"17,4";"20,0";"17,6";"15,8";"16,5"
"São Luís (MA)";"0 a 4 anos";"17,5";"14,8";"13,7";"13,6";"15,2";"15,2";"14,3";"10,4";"13,3";"13,9"
"São Luís (MA)";"5 a 13 anos";"12,0";"10,2";"9,5";"11,6";"8,5";"9,8";"10,5";"9,1";"9,3";"9,9"
"São Luís (MA)";"5 a 9 anos";"17,5";"13,6";"13,1";"15,9";"10,8";"10,8";"13,1";"11,1";"12,9";"12,1"
"São Luís (MA)";"10 a 13 anos";"15,0";"17,2";"11,0";"14,9";"14,7";"13,6";"13,2";"13,5";"11,3";"17,5"
"São Luís (MA)";"14 a 17 anos";"13,1";"14,1";"12,4";"15,3";"11,9";"15,0";"9,6";"10,9";"11,7";"10,9"
"São Luís (MA)";"14 a 15 anos";"16,3";"17,3";"15,0";"19,3";"15,5";"22,6";"16,4";"16,0";"16,0";"15,6"
"São Luís (MA)";"16 a 17 anos";"17,7";"22,5";"15,0";"16,9";"20,6";"21,2";"14,7";"12,6";"16,2";"17,6"
"São Luís (MA)";"18 a 19 anos";"23,5";"18,9";"13,3";"17,7";"15,7";"15,5";"15,3";"17,9";"18,5";"17,4"
"São Luís (MA)";"20 a 24 anos";"13,7";"11,6";"13,3";"8,9";"11,3";"11,7";"9,6";"14,2";"9,8";"9,8"
"São Luís (MA)";"25 a 29 anos";"13,8";"13,0";"13,7";"9,7";"11,2";"11,4";"10,7";"8,9";"11,7";"8,8"
"São Luís (MA)";"30 a 39 anos";"8,6";"7,8";"8,6";"6,7";"7,2";"8,8";"7,2";"7,2";"7,2";"6,5"
"São Luís (MA)";"40 a 49 anos";"9,4";"7,2";"7,2";"6,4";"9,1";"6,3";"6,6";"5,9";"10,3";"5,6"
"São Luís (MA)";"50 a 59 anos";"9,8";"8,2";"12,1";"7,0";"10,0";"9,5";"8,3";"8,2";"10,1";"8,5"
"São Luís (MA)";"60 anos ou mais";"12,0";"11,0";"11,9";"10,1";"13,9";"9,4";"11,3";"9,9";"9,9";"9,1"
"São Luís (MA)";"60 a 64 anos";"17,6";"15,8";"15,5";"14,3";"22,1";"13,2";"20,0";"12,0";"14,8";"11,9"
"São Luís (MA)";"65 anos ou mais";"14,2";"12,8";"16,3";"13,9";"18,3";"12,1";"13,3";"12,7";"11,7";"11,2"
"Teresina (PI)";"0 a 4 anos";"31,3";"27,2";"14,0";"17,3";"16,6";"14,4";"14,8";"13,4";"13,1";"11,8"
"Teresina (PI)";"5 a 13 anos";"15,1";"12,6";"8,0";"9,0";"15,7";"12,5";"10,2";"10,5";"8,8";"7,7"
"Teresina (PI)";"5 a 9 anos";"21,8";"24,8";"13,4";"9,9";"13,2";"18,8";"14,5";"12,7";"13,1";"12,0"
"Teresina (PI)";"10 a 13 anos";"17,0";"22,7";"13,9";"14,9";"22,9";"16,3";"12,6";"12,3";"12,8";"11,0"
"Teresina (PI)";"14 a 17 anos";"19,7";"21,6";"14,6";"15,0";"13,3";"13,5";"13,1";"14,3";"11,2";"12,7"
"Teresina (PI)";"14 a 15 anos";"28,7";"22,5";"21,1";"19,7";"18,5";"17,4";"19,4";"18,6";"15,5";"16,9"
"Teresina (PI)";"16 a 17 anos";"21,2";"37,1";"18,6";"15,7";"20,6";"22,0";"17,2";"20,3";"20,6";"18,3"
"Teresina (PI)";"18 a 19 anos";"24,1";"27,7";"17,9";"21,4";"22,5";"16,3";"19,3";"14,8";"24,5";"14,5"
"Teresina (PI)";"20 a 24 anos";"17,0";"17,3";"10,7";"11,6";"12,3";"11,9";"12,1";"13,6";"11,1";"12,6"
"Teresina (PI)";"25 a 29 anos";"13,3";"12,6";"14,2";"15,6";"13,2";"12,9";"9,4";"11,1";"12,0";"10,8"
"Teresina (PI)";"30 a 39 anos";"14,9";"8,9";"9,4";"8,8";"7,8";"7,6";"7,1";"7,6";"8,5";"7,0"
"Teresina (PI)";"40 a 49 anos";"16,2";"12,3";"8,1";"6,6";"8,6";"7,7";"9,8";"7,2";"7,4";"5,7"
"Teresina (PI)";"50 a 59 anos";"11,2";"11,9";"8,6";"8,4";"9,1";"8,1";"10,1";"9,5";"8,3";"8,4"
"Teresina (PI)";"60 anos ou mais";"12,4";"14,2";"10,8";"10,3";"9,4";"10,3";"9,5";"9,7";"8,7";"7,9"
"Teresina (PI)";"60 a 64 anos";"20,2";"21,9";"15,6";"14,7";"16,2";"10,6";"15,0";"11,3";"12,7";"10,3"
"Teresina (PI)";"65 anos ou mais";"15,0";"12,7";"13,4";"14,5";"10,3";"11,9";"11,6";"11,0";"11,0";"9,3"
"Fortaleza (CE)";"0 a 4 anos";"15,7";"13,3";"11,2";"17,3";"13,8";"12,7";"13,6";"12,3";"10,2";"13,7"
"Fortaleza (CE)";"5 a 13 anos";"12,6";"9,6";"7,6";"8,5";"9,3";"9,1";"7,8";"12,5";"8,2";"7,9"
"Fortaleza (CE)";"5 a 9 anos";"20,7";"14,4";"9,5";"12,1";"11,5";"12,4";"12,0";"14,9";"10,3";"10,4"
"Fortaleza (CE)";"10 a 13 anos";"15,2";"15,3";"11,3";"9,9";"12,5";"10,6";"10,5";"15,8";"13,9";"12,5"
"Fortaleza (CE)";"14 a 17 anos";"15,2";"12,3";"12,0";"10,3";"10,5";"10,8";"13,2";"12,7";"11,3";"10,3"
"Fortaleza (CE)";"14 a 15 anos";"20,3";"19,3";"15,4";"18,0";"14,5";"13,1";"21,3";"22,0";"16,2";"13,1"
"Fortaleza (CE)";"16 a 17 anos";"20,3";"16,0";"16,0";"13,6";"16,7";"13,8";"12,6";"14,4";"16,3";"14,7"
"Fortaleza (CE)";"18 a 19 anos";"17,6";"20,7";"14,9";"13,5";"16,2";"15,6";"18,7";"19,9";"18,1";"17,8"
"Fortaleza (CE)";"20 a 24 anos";"11,2";"12,0";"8,6";"10,5";"10,1";"9,8";"11,1";"11,9";"10,5";"9,9"
"Fortaleza (CE)";"25 a 29 anos";"14,3";"12,4";"9,0";"10,2";"9,4";"7,4";"11,7";"9,7";"9,8";"9,3"
"Fortaleza (CE)";"30 a 39 anos";"10,2";"8,1";"7,2";"6,2";"6,7";"6,6";"8,1";"5,7";"6,9";"6,6"
"Fortaleza (CE)";"40 a 49 anos";"8,3";"7,9";"6,6";"7,2";"7,8";"5,9";"8,3";"6,2";"6,4";"6,1"
"Fortaleza (CE)";"50 a 59 anos";"10,4";"8,1";"7,6";"7,3";"8,1";"6,1";"8,0";"5,6";"7,2";"7,3"
"Fortaleza (CE)";"60 anos ou mais";"10,8";"9,8";"6,8";"6,9";"6,9";"6,6";"6,0";"5,7";"7,6";"6,3"
"Fortaleza (CE)";"60 a 64 anos";"16,9";"16,8";"14,0";"10,6";"13,3";"10,9";"11,0";"10,4";"11,6";"9,9"
"Fortaleza (CE)";"65 anos ou mais";"14,5";"11,6";"8,2";"7,7";"9,6";"7,2";"7,9";"7,3";"9,4";"7,7"
"Natal (RN)";"0 a 4 anos";"19,7";"21,7";"19,5";"20,5";"15,3";"17,6";"23,4";"23,5";"17,3";"18,0"
"Natal (RN)";"5 a 13 anos";"12,7";"14,6";"11,8";"11,4";"10,7";"10,8";"12,1";"11,6";"13,6";"11,4"
"Natal (RN)";"5 a 9 anos";"15,5";"20,1";"17,2";"15,1";"14,2";"12,6";"16,9";"12,1";"17,1";"15,0"
"Natal (RN)";"10 a 13 anos";"16,1";"15,4";"14,4";"17,7";"15,4";"16,8";"13,0";"23,3";"15,9";"15,5"
"Natal (RN)";"14 a 17 anos";"21,6";"18,5";"15,6";"16,1";"12,1";"16,4";"22,3";"17,7";"14,6";"16,4"
"Natal (RN)";"14 a 15 anos";"24,8";"26,7";"20,0";"32,6";"22,2";"22,0";"27,6";"18,2";"23,3";"17,9"
"Natal (RN)";"16 a 17 anos";"29,6";"27,7";"23,0";"18,7";"19,3";"18,8";"41,0";"21,9";"20,4";"27,1"
"Natal (RN)";"18 a 19 anos";"19,9";"30,5";"19,5";"20,8";"21,2";"23,0";"29,4";"24,8";"20,4";"20,4"
"Natal (RN)";"20 a 24 anos";"41,7";"29,3";"14,8";"14,5";"12,7";"13,0";"11,4";"10,9";"19,3";"16,0"
"Natal (RN)";"25 a 29 anos";"14,8";"15,0";"15,2";"14,3";"12,3";"11,4";"22,0";"22,5";"12,5";"11,1"
"Natal (RN)";"30 a 39 anos";"13,7";"10,3";"14,0";"8,4";"11,6";"8,7";"15,0";"7,3";"9,3";"8,2"
"Natal (RN)";"40 a 49 anos";"14,8";"7,9";"9,1";"9,3";"9,0";"9,4";"7,3";"11,5";"9,6";"7,1"
"Natal (RN)";"50 a 59 anos";"16,5";"9,5";"10,8";"9,3";"10,0";"10,1";"10,9";"11,7";"9,5";"9,2"
"Natal (RN)";"60 anos ou mais";"8,7";"10,6";"8,5";"9,0";"9,6";"8,4";"7,5";"10,2";"8,1";"6,5"
"Natal (RN)";"60 a 64 anos";"15,1";"25,4";"11,5";"13,9";"15,3";"14,8";"16,7";"10,6";"13,9";"16,8"
"Natal (RN)";"65 anos ou mais";"10,9";"11,0";"10,9";"11,3";"10,8";"9,6";"12,6";"13,0";"10,3";"7,1"
"João Pessoa (PB)";"0 a 4 anos";"18,4";"19,2";"13,5";"17,4";"14,4";"13,9";"12,6";"14,4";"12,9";"11,1"
"João Pessoa (PB)";"5 a 13 anos";"12,7";"14,5";"9,5";"10,9";"7,3";"9,1";"10,1";"8,8";"8,8";"7,7"
"João Pessoa (PB)";"5 a 9 anos";"14,6";"17,5";"13,9";"15,0";"9,5";"14,5";"13,1";"12,3";"12,0";"12,5"
"João Pessoa (PB)";"10 a 13 anos";"16,9";"18,0";"11,4";"13,8";"15,5";"11,1";"16,0";"14,7";"12,8";"10,4"
"João Pessoa (PB)";"14 a 17 anos";"21,1";"16,3";"11,2";"14,4";"11,3";"14,9";"11,8";"15,9";"12,3";"12,4"
"João Pessoa (PB)";"14 a 15 anos";"26,5";"18,6";"21,1";"24,7";"15,5";"20,4";"19,9";"23,7";"15,5";"16,9"
"João Pessoa (PB)";"16 a 17 anos";"32,6";"25,2";"17,9";"20,5";"14,5";"17,1";"15,9";"19,4";"16,3";"17,1"
"João Pessoa (PB)";"18 a 19 anos";"21,8";"19,6";"18,9";"26,0";"17,4";"19,4";"16,8";"16,6";"13,6";"18,1"
"João Pessoa (PB)";"20 a 24 anos";"27,8";"11,9";"9,6";"10,4";"11,9";"9,8";"10,7";"11,7";"10,3";"9,2"
"João Pessoa (PB)";"25 a 29 anos";"13,5";"14,6";"12,1";"10,5";"12,3";"16,9";"12,4";"10,9";"12,6";"11,5"
"João Pessoa (PB)";"30 a 39 anos";"9,7";"10,3";"7,5";"7,5";"7,2";"7,9";"7,8";"5,7";"8,5";"6,8"
"João Pessoa (PB)";"40 a 49 anos";"9,5";"8,9";"6,7";"6,9";"7,1";"8,5";"7,9";"6,2";"6,0";"8,1"
"João Pessoa (PB)";"50 a 59 anos";"14,1";"10,0";"9,9";"8,0";"8,0";"8,8";"7,6";"7,6";"10,5";"7,1"
"João Pessoa (PB)";"60 anos ou mais";"12,9";"13,1";"9,0";"8,9";"10,0";"7,7";"9,1";"8,2";"8,6";"8,6"
"João Pessoa (PB)";"60 a 64 anos";"15,3";"16,6";"13,8";"14,5";"14,0";"9,9";"15,7";"12,6";"13,1";"11,6"
"João Pessoa (PB)";"65 anos ou mais";"15,3";"14,8";"11,1";"9,4";"11,9";"10,4";"11,2";"9,6";"12,7";"10,0"
"Recife (PE)";"0 a 4 anos";"13,6";"13,8";"12,9";"12,6";"15,7";"12,7";"15,7";"13,4";"12,6";"15,3"
"Recife (PE)";"5 a 13 anos";"10,1";"11,3";"11,4";"10,5";"8,7";"9,8";"9,3";"7,3";"8,6";"10,3"
"Recife (PE)";"5 a 9 anos";"12,0";"13,1";"14,1";"16,0";"12,9";"12,6";"11,3";"10,2";"10,5";"13,2"
"Recife (PE)";"10 a 13 anos";"16,3";"15,6";"14,2";"15,0";"14,1";"14,8";"13,6";"11,2";"14,2";"13,7"
"Recife (PE)";"14 a 17 anos";"10,7";"14,1";"17,5";"16,3";"14,9";"16,5";"15,1";"13,0";"9,7";"16,4"
"Recife (PE)";"14 a 15 anos";"19,7";"21,9";"18,5";"22,3";"17,8";"24,2";"23,9";"16,6";"15,8";"23,3"
"Recife (PE)";"16 a 17 anos";"17,7";"23,5";"24,8";"19,2";"20,1";"22,2";"17,3";"18,5";"18,7";"22,5"
"Recife (PE)";"18 a 19 anos";"21,1";"17,4";"18,9";"15,5";"20,6";"20,5";"21,6";"19,5";"18,0";"22,2"
"Recife (PE)";"20 a 24 anos";"13,3";"13,6";"11,6";"11,7";"9,4";"11,9";"13,4";"12,6";"14,2";"14,4"
"Recife (PE)";"25 a 29 anos";"13,8";"12,2";"12,7";"12,7";"14,5";"12,1";"13,7";"10,4";"12,9";"12,6"
"Recife (PE)";"30 a 39 anos";"9,0";"8,0";"6,5";"6,3";"7,0";"6,7";"7,6";"6,6";"7,8";"7,4"
"Recife (PE)";"40 a 49 anos";"7,7";"7,1";"10,2";"5,7";"7,9";"6,6";"6,3";"5,7";"8,3";"6,7"
"Recife (PE)";"50 a 59 anos";"9,5";"11,2";"9,0";"8,7";"6,5";"6,4";"9,4";"5,6";"9,5";"7,6"
"Recife (PE)";"60 anos ou mais";"11,2";"8,9";"8,8";"7,7";"9,6";"7,5";"6,5";"7,6";"9,1";"8,6"
"Recife (PE)";"60 a 64 anos";"14,1";"14,5";"12,6";"12,1";"16,7";"15,2";"10,1";"11,0";"17,3";"12,0"
"Recife (PE)";"65 anos ou mais";"14,9";"9,1";"12,6";"8,3";"12,4";"9,3";"9,0";"9,6";"11,0";"9,7"
"Maceió (AL)";"0 a 4 anos";"12,8";"14,1";"10,2";"8,8";"10,5";"9,7";"10,5";"9,7";"11,5";"9,2"
"Maceió (AL)";"5 a 13 anos";"8,8";"7,4";"6,3";"7,0";"7,1";"6,2";"7,0";"6,3";"6,2";"7,3"
"Maceió (AL)";"5 a 9 anos";"11,1";"10,6";"9,0";"9,8";"10,0";"9,2";"9,9";"8,3";"8,9";"10,6"
"Maceió (AL)";"10 a 13 anos";"16,3";"11,4";"11,1";"9,9";"9,4";"7,7";"9,5";"8,6";"10,5";"8,9"
"Maceió (AL)";"14 a 17 anos";"10,3";"12,9";"9,5";"7,6";"12,8";"10,5";"9,5";"9,2";"7,5";"9,5"
"Maceió (AL)";"14 a 15 anos";"12,3";"19,3";"15,2";"11,5";"17,2";"13,4";"11,9";"12,3";"12,3";"18,4"
"Maceió (AL)";"16 a 17 anos";"16,7";"16,3";"15,2";"14,7";"15,2";"17,1";"12,7";"13,8";"10,2";"12,2"
"Maceió (AL)";"18 a 19 anos";"13,5";"15,1";"17,0";"12,8";"16,7";"14,6";"11,5";"11,6";"12,2";"13,3"
"Maceió (AL)";"20 a 24 anos";"12,3";"10,7";"7,1";"8,8";"8,2";"6,9";"8,0";"7,6";"8,2";"9,9"
"Maceió (AL)";"25 a 29 anos";"10,8";"16,8";"9,0";"8,1";"8,6";"10,6";"7,7";"8,7";"8,4";"8,1"
"Maceió (AL)";"30 a 39 anos";"9,3";"7,8";"6,9";"5,9";"6,4";"5,3";"5,9";"5,9";"5,4";"5,4"
"Maceió (AL)";"40 a 49 anos";"7,7";"7,0";"6,1";"5,0";"6,3";"5,2";"4,5";"4,9";"5,2";"5,4"
"Maceió (AL)";"50 a 59 anos";"9,5";"7,7";"6,8";"6,4";"6,9";"5,7";"5,6";"6,5";"7,4";"6,7"
"Maceió (AL)";"60 anos ou mais";"8,6";"8,2";"7,6";"7,3";"7,6";"7,0";"6,5";"7,5";"7,5";"6,2"
"Maceió (AL)";"60 a 64 anos";"11,5";"12,7";"11,7";"11,0";"10,7";"11,5";"11,1";"10,1";"12,1";"10,0"
"Maceió (AL)";"65 anos ou mais";"10,5";"9,9";"9,3";"8,2";"10,4";"7,9";"8,5";"8,5";"9,1";"7,9"
"Aracaju (SE)";"0 a 4 anos";"18,8";"18,3";"16,3";"19,8";"19,6";"13,8";"16,4";"13,8";"14,2";"19,0"
"Aracaju (SE)";"5 a 13 anos";"11,0";"15,0";"11,3";"12,7";"10,4";"9,9";"10,2";"11,3";"8,5";"12,4"
"Aracaju (SE)";"5 a 9 anos";"17,2";"17,5";"17,2";"15,2";"12,8";"15,0";"15,8";"17,6";"12,1";"16,7"
"Aracaju (SE)";"10 a 13 anos";"16,2";"26,3";"13,5";"16,8";"15,5";"14,5";"15,9";"15,2";"15,8";"16,7"
"Aracaju (SE)";"14 a 17 anos";"17,2";"18,2";"18,6";"15,2";"12,4";"12,6";"17,2";"11,4";"12,8";"15,5"
"Aracaju (SE)";"14 a 15 anos";"29,9";"26,6";"23,7";"18,5";"18,8";"18,8";"28,9";"27,0";"16,0";"24,4"
"Aracaju (SE)";"16 a 17 anos";"25,8";"23,4";"24,7";"27,2";"19,6";"23,4";"20,2";"17,5";"23,1";"16,3"
"Aracaju (SE)";"18 a 19 anos";"24,4";"27,7";"17,8";"22,1";"20,7";"32,5";"18,4";"19,3";"17,7";"15,2"
"Aracaju (SE)";"20 a 24 anos";"15,8";"13,6";"13,9";"13,6";"11,7";"15,9";"14,4";"19,5";"13,4";"10,5"
"Aracaju (SE)";"25 a 29 anos";"15,0";"17,5";"11,9";"16,8";"11,6";"12,1";"15,1";"10,7";"12,6";"16,3"
"Aracaju (SE)";"30 a 39 anos";"10,1";"10,9";"9,3";"8,3";"8,4";"9,2";"8,9";"7,8";"9,5";"8,3"
"Aracaju (SE)";"40 a 49 anos";"10,8";"8,3";"10,7";"7,7";"11,3";"7,3";"8,3";"7,2";"10,5";"7,4"
"Aracaju (SE)";"50 a 59 anos";"10,8";"8,3";"9,2";"10,8";"10,7";"9,7";"9,7";"8,5";"10,7";"10,3"
"Aracaju (SE)";"60 anos ou mais";"18,7";"15,2";"11,2";"11,7";"9,8";"10,6";"11,4";"9,1";"11,3";"10,2"
"Aracaju (SE)";"60 a 64 anos";"26,2";"26,4";"15,9";"17,7";"15,2";"14,9";"14,1";"15,1";"19,0";"13,2"
"Aracaju (SE)";"65 anos ou mais";"20,9";"17,5";"14,9";"13,7";"14,5";"11,5";"14,8";"11,3";"12,1";"12,4"
"Salvador (BA)";"0 a 4 anos";"17,5";"19,7";"15,4";"16,0";"17,4";"16,4";"13,3";"14,6";"15,8";"16,1"
"Salvador (BA)";"5 a 13 anos";"12,6";"11,2";"8,5";"10,6";"11,2";"8,1";"9,0";"9,7";"10,3";"11,1"
"Salvador (BA)";"5 a 9 anos";"17,1";"12,8";"12,2";"13,9";"14,5";"10,3";"14,3";"13,4";"15,9";"15,9"
"Salvador (BA)";"10 a 13 anos";"20,0";"18,9";"16,6";"16,3";"15,8";"12,2";"12,8";"14,4";"15,5";"10,9"
"Salvador (BA)";"14 a 17 anos";"17,5";"13,7";"14,8";"20,0";"15,4";"15,9";"12,3";"14,1";"13,2";"14,7"
"Salvador (BA)";"14 a 15 anos";"23,0";"21,2";"21,3";"27,9";"22,4";"21,6";"17,8";"21,2";"18,1";"22,3"
"Salvador (BA)";"16 a 17 anos";"26,9";"20,6";"20,7";"25,5";"19,4";"21,5";"16,3";"20,6";"21,1";"20,8"
"Salvador (BA)";"18 a 19 anos";"23,4";"23,0";"21,5";"16,1";"18,4";"18,7";"21,3";"23,7";"22,6";"20,6"
"Salvador (BA)";"20 a 24 anos";"15,6";"12,6";"12,6";"11,7";"13,6";"14,6";"13,9";"9,6";"13,9";"11,0"
"Salvador (BA)";"25 a 29 anos";"17,0";"10,5";"15,0";"10,7";"10,2";"10,6";"13,5";"11,6";"13,9";"10,7"
"Salvador (BA)";"30 a 39 anos";"9,0";"10,0";"9,0";"5,9";"9,2";"7,5";"7,2";"6,3";"8,5";"6,6"
"Salvador (BA)";"40 a 49 anos";"9,8";"7,6";"7,9";"6,3";"8,1";"5,9";"7,5";"6,5";"6,8";"5,4"
"Salvador (BA)";"50 a 59 anos";"12,6";"11,1";"9,4";"7,4";"7,2";"7,9";"8,5";"6,0";"9,9";"6,5"
"Salvador (BA)";"60 anos ou mais";"10,4";"10,2";"10,0";"7,8";"8,3";"6,7";"9,9";"8,1";"7,7";"7,3"
"Salvador (BA)";"60 a 64 anos";"17,5";"13,9";"13,5";"12,0";"15,8";"13,5";"13,0";"10,8";"13,2";"11,6"
"Salvador (BA)";"65 anos ou mais";"12,4";"12,5";"14,7";"8,8";"10,2";"7,4";"12,2";"10,5";"9,0";"8,6"
"Belo Horizonte (MG)";"0 a 4 anos";"10,6";"10,5";"10,8";"14,7";"12,3";"10,5";"12,6";"11,9";"11,6";"12,3"
"Belo Horizonte (MG)";"5 a 13 anos";"7,4";"10,2";"8,3";"8,8";"9,2";"8,3";"8,1";"8,3";"7,4";"7,9"
"Belo Horizonte (MG)";"5 a 9 anos";"10,8";"11,6";"10,7";"11,5";"12,0";"9,8";"9,8";"10,3";"11,1";"11,2"
"Belo Horizonte (MG)";"10 a 13 anos";"13,8";"13,9";"12,4";"12,5";"11,3";"12,4";"11,6";"13,2";"11,1";"11,0"
"Belo Horizonte (MG)";"14 a 17 anos";"13,1";"12,3";"14,0";"11,7";"11,6";"12,5";"13,5";"11,5";"13,0";"15,6"
"Belo Horizonte (MG)";"14 a 15 anos";"16,8";"14,2";"21,7";"16,9";"15,9";"16,8";"20,6";"15,8";"17,6";"20,9"
"Belo Horizonte (MG)";"16 a 17 anos";"16,9";"20,1";"17,8";"17,5";"20,0";"17,9";"14,0";"19,9";"17,9";"18,6"
"Belo Horizonte (MG)";"18 a 19 anos";"16,3";"21,9";"16,9";"14,2";"14,9";"12,7";"15,2";"18,4";"15,7";"14,4"
"Belo Horizonte (MG)";"20 a 24 anos";"9,0";"10,0";"12,2";"10,5";"13,9";"11,0";"14,8";"11,9";"10,7";"10,3"
"Belo Horizonte (MG)";"25 a 29 anos";"10,7";"9,7";"15,1";"10,0";"9,1";"9,4";"9,9";"11,0";"10,2";"9,5"
"Belo Horizonte (MG)";"30 a 39 anos";"5,7";"4,6";"8,9";"6,6";"7,4";"6,0";"7,9";"5,7";"6,2";"5,4"
"Belo Horizonte (MG)";"40 a 49 anos";"5,6";"6,9";"5,9";"5,2";"7,9";"5,2";"7,1";"5,6";"5,9";"4,9"
"Belo Horizonte (MG)";"50 a 59 anos";"6,8";"5,9";"5,9";"7,4";"7,6";"5,6";"10,7";"6,7";"6,7";"6,1"
"Belo Horizonte (MG)";"60 anos ou mais";"7,4";"6,5";"7,7";"5,2";"7,2";"7,2";"7,8";"6,7";"6,7";"5,5"
"Belo Horizonte (MG)";"60 a 64 anos";"11,5";"10,8";"12,7";"8,7";"10,9";"10,7";"11,5";"11,5";"11,5";"9,2"
"Belo Horizonte (MG)";"65 anos ou mais";"10,1";"7,5";"8,2";"5,9";"9,1";"8,2";"9,2";"8,0";"7,4";"6,8"
"Vitória (ES)";"0 a 4 anos";"20,4";"17,6";"17,9";"19,6";"15,8";"20,6";"16,8";"18,8";"19,2";"16,9"
"Vitória (ES)";"5 a 13 anos";"17,0";"11,1";"10,9";"11,2";"13,0";"11,9";"13,1";"12,9";"12,7";"12,5"
"Vitória (ES)";"5 a 9 anos";"22,6";"14,7";"14,3";"13,7";"19,9";"16,7";"17,1";"20,0";"15,7";"16,3"
"Vitória (ES)";"10 a 13 anos";"16,1";"15,0";"17,6";"20,7";"15,8";"15,4";"16,6";"16,5";"20,2";"17,1"
"Vitória (ES)";"14 a 17 anos";"21,4";"22,3";"18,1";"20,0";"19,2";"19,4";"16,6";"17,0";"22,1";"17,4"
"Vitória (ES)";"14 a 15 anos";"33,9";"28,8";"24,6";"27,5";"25,9";"25,7";"20,7";"24,3";"22,5";"22,4"
"Vitória (ES)";"16 a 17 anos";"27,9";"25,0";"24,7";"23,3";"30,4";"25,7";"23,3";"21,2";"34,2";"30,5"
"Vitória (ES)";"18 a 19 anos";"28,5";"24,0";"23,7";"19,4";"20,9";"25,5";"21,9";"24,4";"20,6";"29,2"
"Vitória (ES)";"20 a 24 anos";"14,2";"22,9";"14,5";"14,5";"18,6";"14,3";"13,9";"15,7";"23,7";"13,9"
"Vitória (ES)";"25 a 29 anos";"19,1";"20,8";"15,2";"12,7";"14,4";"12,8";"15,8";"12,4";"16,9";"15,3"
"Vitória (ES)";"30 a 39 anos";"9,8";"10,5";"10,9";"9,8";"10,2";"8,3";"9,0";"10,8";"9,5";"8,4"
"Vitória (ES)";"40 a 49 anos";"11,3";"13,0";"8,9";"7,5";"10,5";"7,9";"10,9";"8,4";"12,3";"8,3"
"Vitória (ES)";"50 a 59 anos";"11,6";"10,9";"9,7";"8,5";"11,7";"10,3";"10,7";"9,4";"12,6";"11,0"
"Vitória (ES)";"60 anos ou mais";"9,9";"9,0";"8,8";"6,7";"9,8";"8,6";"11,1";"9,3";"8,9";"6,2"
"Vitória (ES)";"60 a 64 anos";"21,0";"20,2";"14,5";"13,4";"15,3";"14,5";"13,6";"12,6";"17,6";"12,9"
"Vitória (ES)";"65 anos ou mais";"12,1";"10,5";"10,2";"7,5";"12,1";"10,0";"15,2";"9,8";"10,6";"7,6"
"Rio de Janeiro (RJ)";"0 a 4 anos";"11,4";"11,0";"7,0";"10,1";"7,4";"8,7";"7,0";"8,1";"11,7";"8,3"
"Rio de Janeiro (RJ)";"5 a 13 anos";"6,3";"6,6";"5,3";"6,8";"4,9";"4,3";"5,4";"5,7";"4,7";"6,1"
"Rio de Janeiro (RJ)";"5 a 9 anos";"8,2";"9,2";"6,6";"9,6";"7,6";"5,5";"6,9";"6,5";"6,7";"8,2"
"Rio de Janeiro (RJ)";"10 a 13 anos";"9,6";"9,8";"8,6";"9,3";"7,2";"7,1";"6,9";"7,8";"6,9";"8,3"
"Rio de Janeiro (RJ)";"14 a 17 anos";"10,4";"10,0";"7,4";"8,0";"6,1";"7,4";"8,1";"7,5";"7,8";"7,8"
"Rio de Janeiro (RJ)";"14 a 15 anos";"14,7";"16,6";"10,7";"13,4";"10,2";"10,9";"11,9";"12,6";"10,7";"11,1"
"Rio de Janeiro (RJ)";"16 a 17 anos";"13,7";"13,4";"11,5";"10,1";"11,7";"9,5";"10,7";"10,5";"10,5";"11,1"
"Rio de Janeiro (RJ)";"18 a 19 anos";"15,1";"15,7";"10,9";"11,8";"11,4";"10,4";"10,9";"10,9";"11,7";"11,0"
"Rio de Janeiro (RJ)";"20 a 24 anos";"7,9";"7,8";"7,2";"6,2";"7,0";"7,0";"7,2";"6,5";"7,2";"8,1"
"Rio de Janeiro (RJ)";"25 a 29 anos";"8,5";"7,2";"8,3";"6,7";"6,7";"5,5";"6,5";"6,1";"6,3";"6,1"
"Rio de Janeiro (RJ)";"30 a 39 anos";"5,5";"5,0";"5,0";"4,6";"4,6";"3,8";"4,4";"4,2";"4,4";"4,4"
"Rio de Janeiro (RJ)";"40 a 49 anos";"5,4";"5,0";"5,1";"3,7";"3,6";"3,6";"3,7";"3,3";"4,3";"3,3"
"Rio de Janeiro (RJ)";"50 a 59 anos";"5,3";"5,0";"4,6";"4,1";"4,6";"3,6";"4,5";"3,8";"4,3";"3,3"
"Rio de Janeiro (RJ)";"60 anos ou mais";"5,2";"4,4";"4,6";"3,5";"4,0";"3,9";"4,2";"3,4";"3,9";"3,3"
"Rio de Janeiro (RJ)";"60 a 64 anos";"9,7";"7,5";"6,8";"5,7";"5,8";"6,5";"6,9";"5,4";"6,9";"5,9"
"Rio de Janeiro (RJ)";"65 anos ou mais";"5,9";"5,1";"5,4";"4,2";"5,3";"4,2";"4,6";"4,2";"4,6";"3,8"
"São Paulo (SP)";"0 a 4 anos";"9,3";"9,3";"9,4";"8,1";"9,6";"7,5";"7,1";"8,2";"7,5";"8,8"
"São Paulo (SP)";"5 a 13 anos";"6,2";"6,3";"5,7";"5,7";"6,3";"6,0";"4,8";"5,7";"6,0";"5,7"
"São Paulo (SP)";"5 a 9 anos";"8,8";"8,7";"8,3";"7,3";"8,1";"8,2";"6,6";"7,4";"7,9";"8,9"
"São Paulo (SP)";"10 a 13 anos";"9,4";"9,0";"9,2";"8,6";"8,3";"9,0";"7,9";"9,2";"8,2";"6,9"
"São Paulo (SP)";"14 a 17 anos";"9,0";"7,9";"9,0";"9,9";"6,8";"7,7";"7,3";"7,2";"15,2";"9,1"
"São Paulo (SP)";"14 a 15 anos";"13,8";"12,7";"11,5";"14,1";"9,7";"10,5";"9,6";"9,3";"12,6";"13,4"
"São Paulo (SP)";"16 a 17 anos";"11,0";"10,5";"14,3";"14,6";"10,7";"11,2";"10,4";"11,7";"25,0";"12,8"
"São Paulo (SP)";"18 a 19 anos";"12,3";"13,9";"13,2";"14,1";"10,3";"10,1";"11,5";"15,4";"19,2";"12,2"
"São Paulo (SP)";"20 a 24 anos";"6,8";"7,6";"8,1";"6,6";"7,2";"7,6";"7,4";"6,5";"7,4";"7,9"
"São Paulo (SP)";"25 a 29 anos";"8,8";"7,1";"6,7";"6,9";"6,9";"6,5";"6,6";"6,6";"6,7";"7,1"
"São Paulo (SP)";"30 a 39 anos";"4,9";"4,2";"5,1";"4,0";"4,5";"4,3";"3,9";"4,4";"5,6";"4,4"
"São Paulo (SP)";"40 a 49 anos";"5,1";"4,1";"4,5";"4,4";"4,4";"4,1";"4,0";"4,4";"4,4";"4,0"
"São Paulo (SP)";"50 a 59 anos";"5,2";"4,4";"5,3";"5,2";"5,0";"4,1";"4,0";"3,9";"5,8";"5,0"
"São Paulo (SP)";"60 anos ou mais";"5,1";"4,8";"4,8";"4,0";"5,3";"5,9";"4,4";"3,9";"5,3";"4,8"
"São Paulo (SP)";"60 a 64 anos";"8,4";"8,2";"11,1";"6,5";"8,3";"8,5";"7,6";"7,4";"8,7";"7,5"
"São Paulo (SP)";"65 anos ou mais";"6,2";"5,7";"6,2";"4,9";"5,7";"6,1";"5,0";"4,3";"5,9";"5,5"
"Curitiba (PR)";"0 a 4 anos";"13,4";"11,2";"14,2";"11,7";"14,8";"12,8";"14,4";"10,0";"13,4";"13,2"
"Curitiba (PR)";"5 a 13 anos";"10,3";"8,8";"8,5";"9,9";"8,0";"8,2";"6,6";"8,9";"9,4";"8,5"
"Curitiba (PR)";"5 a 9 anos";"10,9";"13,2";"10,8";"11,7";"11,3";"11,1";"10,2";"11,7";"11,4";"11,8"
"Curitiba (PR)";"10 a 13 anos";"15,1";"10,9";"12,2";"14,6";"12,7";"10,3";"12,7";"12,8";"12,7";"11,3"
"Curitiba (PR)";"14 a 17 anos";"11,1";"13,3";"20,9";"13,7";"11,7";"10,8";"11,7";"10,6";"10,3";"12,8"
"Curitiba (PR)";"14 a 15 anos";"14,6";"22,6";"29,4";"23,2";"17,6";"14,3";"15,7";"17,7";"17,8";"15,6"
"Curitiba (PR)";"16 a 17 anos";"15,3";"16,8";"17,9";"17,8";"17,7";"16,0";"17,0";"14,4";"11,4";"17,4"
"Curitiba (PR)";"18 a 19 anos";"22,4";"15,5";"14,3";"15,6";"15,5";"15,6";"14,7";"15,2";"18,5";"15,4"
"Curitiba (PR)";"20 a 24 anos";"12,4";"12,5";"9,6";"10,4";"10,2";"9,2";"9,8";"8,2";"10,7";"10,0"
"Curitiba (PR)";"25 a 29 anos";"11,2";"11,6";"10,6";"11,5";"9,9";"10,4";"10,4";"9,8";"10,5";"9,5"
"Curitiba (PR)";"30 a 39 anos";"7,0";"8,0";"6,4";"5,0";"9,0";"5,9";"5,6";"5,8";"5,8";"5,4"
"Curitiba (PR)";"40 a 49 anos";"7,2";"7,7";"6,9";"6,0";"7,0";"5,3";"6,7";"5,6";"5,4";"5,1"
"Curitiba (PR)";"50 a 59 anos";"8,5";"8,1";"8,6";"6,9";"8,0";"6,8";"5,9";"5,3";"6,5";"6,7"
"Curitiba (PR)";"60 anos ou mais";"8,6";"6,6";"6,9";"7,5";"7,6";"6,1";"6,6";"6,4";"5,7";"4,8"
"Curitiba (PR)";"60 a 64 anos";"12,3";"9,8";"11,6";"11,9";"9,8";"10,7";"12,1";"9,6";"9,8";"7,9"
"Curitiba (PR)";"65 anos ou mais";"9,0";"7,3";"8,4";"7,8";"8,9";"8,0";"8,2";"7,5";"6,8";"6,3"
"Florianópolis (SC)";"0 a 4 anos";"37,8";"45,6";"16,7";"14,1";"19,5";"18,8";"24,9";"18,1";"21,2";"22,9"
"Florianópolis (SC)";"5 a 13 anos";"22,0";"19,1";"14,1";"12,1";"12,2";"12,1";"11,5";"12,5";"16,8";"14,6"
"Florianópolis (SC)";"5 a 9 anos";"23,5";"25,9";"16,5";"15,6";"17,2";"17,0";"14,2";"19,2";"17,7";"17,5"
"Florianópolis (SC)";"10 a 13 anos";"27,7";"26,1";"21,0";"19,0";"14,9";"17,4";"16,8";"16,9";"25,3";"22,2"
"Florianópolis (SC)";"14 a 17 anos";"21,0";"21,6";"18,7";"18,8";"17,2";"24,0";"13,7";"16,5";"22,1";"19,3"
"Florianópolis (SC)";"14 a 15 anos";"22,1";"26,4";"27,9";"27,2";"26,4";"44,3";"21,2";"31,9";"28,4";"25,1"
"Florianópolis (SC)";"16 a 17 anos";"35,5";"33,5";"23,8";"28,5";"19,9";"21,3";"20,8";"20,4";"28,5";"32,3"
"Florianópolis (SC)";"18 a 19 anos";"29,3";"26,4";"22,3";"30,9";"28,6";"22,1";"22,9";"23,1";"21,3";"26,5"
"Florianópolis (SC)";"20 a 24 anos";"24,5";"17,5";"16,4";"12,4";"11,9";"17,6";"11,7";"14,8";"16,6";"19,2"
"Florianópolis (SC)";"25 a 29 anos";"23,2";"26,7";"15,7";"11,7";"17,9";"13,4";"12,2";"13,9";"18,4";"11,6"
"Florianópolis (SC)";"30 a 39 anos";"15,0";"10,9";"9,9";"9,2";"8,8";"8,0";"7,1";"8,0";"12,4";"8,8"
"Florianópolis (SC)";"40 a 49 anos";"14,7";"14,4";"8,5";"6,3";"8,1";"8,6";"9,1";"7,9";"9,7";"7,0"
"Florianópolis (SC)";"50 a 59 anos";"19,5";"12,0";"9,2";"10,8";"9,0";"11,6";"9,5";"10,9";"9,4";"9,2"
"Florianópolis (SC)";"60 anos ou mais";"11,7";"11,1";"8,9";"7,6";"8,8";"8,6";"8,6";"7,7";"7,1";"9,7"
"Florianópolis (SC)";"60 a 64 anos";"17,7";"16,9";"14,0";"12,2";"13,0";"15,0";"17,0";"14,1";"13,4";"13,2"
"Florianópolis (SC)";"65 anos ou mais";"14,5";"12,7";"10,8";"8,7";"13,5";"10,8";"10,4";"9,0";"10,4";"11,1"
"Porto Alegre (RS)";"0 a 4 anos";"15,0";"18,6";"15,5";"12,4";"12,2";"11,6";"14,4";"14,3";"11,8";"13,0"
"Porto Alegre (RS)";"5 a 13 anos";"10,7";"11,9";"8,4";"10,3";"8,9";"6,9";"9,1";"10,5";"10,5";"8,9"
"Porto Alegre (RS)";"5 a 9 anos";"15,0";"17,2";"11,7";"10,1";"11,5";"9,2";"13,6";"14,1";"13,3";"13,0"
"Porto Alegre (RS)";"10 a 13 anos";"14,7";"17,3";"13,3";"19,5";"12,6";"10,0";"11,8";"14,5";"13,0";"13,9"
"Porto Alegre (RS)";"14 a 17 anos";"16,1";"14,0";"11,6";"17,6";"10,4";"11,0";"14,2";"11,2";"17,0";"12,4"
"Porto Alegre (RS)";"14 a 15 anos";"21,7";"20,2";"15,6";"24,9";"16,8";"16,9";"17,5";"15,4";"25,6";"16,8"
"Porto Alegre (RS)";"16 a 17 anos";"21,5";"19,0";"18,6";"22,5";"17,9";"16,0";"21,3";"18,6";"23,1";"18,8"
"Porto Alegre (RS)";"18 a 19 anos";"23,4";"22,0";"19,2";"16,8";"14,8";"18,2";"18,2";"18,1";"24,9";"26,1"
"Porto Alegre (RS)";"20 a 24 anos";"12,6";"15,6";"11,0";"11,9";"10,8";"10,4";"10,2";"9,9";"10,8";"11,7"
"Porto Alegre (RS)";"25 a 29 anos";"14,3";"12,7";"12,7";"11,4";"10,9";"8,3";"11,3";"9,9";"10,4";"10,2"
"Porto Alegre (RS)";"30 a 39 anos";"8,9";"7,4";"6,9";"8,2";"6,2";"6,0";"6,8";"7,3";"7,2";"6,1"
"Porto Alegre (RS)";"40 a 49 anos";"12,2";"9,6";"7,7";"6,3";"6,6";"6,0";"7,7";"7,4";"6,0";"6,4"
"Porto Alegre (RS)";"50 a 59 anos";"10,9";"9,9";"7,8";"7,4";"7,8";"5,0";"7,6";"6,7";"8,7";"5,6"
"Porto Alegre (RS)";"60 anos ou mais";"7,5";"5,7";"5,9";"5,4";"5,8";"4,8";"5,4";"4,9";"6,6";"5,7"
"Porto Alegre (RS)";"60 a 64 anos";"11,3";"10,8";"11,0";"9,9";"9,8";"7,8";"12,3";"8,5";"12,6";"10,3"
"Porto Alegre (RS)";"65 anos ou mais";"8,9";"6,5";"7,1";"6,2";"7,5";"6,1";"6,1";"5,5";"7,3";"6,6"
"Campo Grande (MS)";"0 a 4 anos";"14,4";"14,2";"10,4";"12,7";"10,9";"12,6";"13,7";"10,5";"10,6";"11,5"
"Campo Grande (MS)";"5 a 13 anos";"9,4";"9,9";"10,7";"8,5";"8,4";"7,4";"8,1";"8,1";"5,7";"8,3"
"Campo Grande (MS)";"5 a 9 anos";"12,4";"12,0";"13,1";"12,8";"9,9";"11,6";"9,7";"10,7";"8,2";"11,0"
"Campo Grande (MS)";"10 a 13 anos";"13,1";"15,8";"17,0";"13,0";"12,4";"12,9";"13,5";"13,0";"11,2";"12,3"
"Campo Grande (MS)";"14 a 17 anos";"11,3";"10,3";"12,7";"13,0";"12,0";"14,8";"12,9";"10,2";"13,0";"10,5"
"Campo Grande (MS)";"14 a 15 anos";"19,9";"17,1";"19,2";"16,9";"18,8";"16,1";"15,3";"16,4";"15,1";"14,5"
"Campo Grande (MS)";"16 a 17 anos";"16,3";"15,6";"18,1";"19,9";"14,4";"21,8";"20,2";"14,1";"18,1";"16,7"
"Campo Grande (MS)";"18 a 19 anos";"18,4";"19,3";"17,7";"20,0";"13,8";"15,9";"18,5";"17,6";"21,4";"15,0"
"Campo Grande (MS)";"20 a 24 anos";"11,8";"8,8";"11,7";"11,0";"11,8";"11,5";"10,7";"10,7";"10,8";"10,0"
"Campo Grande (MS)";"25 a 29 anos";"10,8";"13,2";"11,9";"10,0";"11,8";"8,2";"12,0";"13,2";"8,4";"9,5"
"Campo Grande (MS)";"30 a 39 anos";"8,1";"6,1";"7,4";"6,0";"7,5";"5,9";"7,6";"7,0";"7,9";"5,4"
"Campo Grande (MS)";"40 a 49 anos";"7,9";"7,0";"6,5";"5,4";"8,1";"5,3";"6,2";"6,8";"6,0";"5,4"
"Campo Grande (MS)";"50 a 59 anos";"9,4";"7,8";"9,1";"8,6";"8,9";"7,8";"10,3";"7,6";"8,7";"5,5"
"Campo Grande (MS)";"60 anos ou mais";"8,7";"9,8";"10,4";"8,3";"7,9";"8,9";"8,8";"9,3";"6,5";"7,7"
"Campo Grande (MS)";"60 a 64 anos";"13,2";"10,6";"16,7";"13,2";"14,4";"12,0";"12,3";"11,4";"11,0";"10,7"
"Campo Grande (MS)";"65 anos ou mais";"10,2";"13,2";"11,2";"9,1";"10,0";"10,8";"10,7";"11,9";"9,7";"9,0"
"Cuiabá (MT)";"0 a 4 anos";"13,8";"15,0";"11,2";"16,8";"13,9";"15,1";"14,7";"15,3";"13,6";"11,8"
"Cuiabá (MT)";"5 a 13 anos";"11,1";"10,8";"11,2";"13,5";"8,7";"13,5";"9,2";"17,2";"11,5";"11,1"
"Cuiabá (MT)";"5 a 9 anos";"15,6";"19,9";"18,1";"15,9";"13,1";"19,5";"12,7";"16,9";"13,2";"14,2"
"Cuiabá (MT)";"10 a 13 anos";"20,5";"14,6";"13,6";"18,9";"13,2";"16,2";"14,7";"23,2";"17,3";"12,1"
"Cuiabá (MT)";"14 a 17 anos";"18,7";"16,5";"17,2";"9,3";"14,0";"13,7";"17,0";"18,1";"13,2";"17,1"
"Cuiabá (MT)";"14 a 15 anos";"25,3";"19,1";"22,7";"15,5";"22,3";"19,4";"26,3";"18,2";"18,2";"22,4"
"Cuiabá (MT)";"16 a 17 anos";"26,8";"22,9";"21,1";"16,8";"17,1";"16,3";"21,6";"29,3";"27,2";"17,3"
"Cuiabá (MT)";"18 a 19 anos";"24,0";"21,2";"24,6";"17,8";"22,1";"21,4";"19,4";"24,0";"26,4";"19,4"
"Cuiabá (MT)";"20 a 24 anos";"17,4";"16,0";"12,3";"15,5";"19,8";"12,9";"18,7";"12,7";"14,5";"14,8"
"Cuiabá (MT)";"25 a 29 anos";"21,9";"16,4";"15,9";"12,0";"14,2";"12,1";"13,3";"15,5";"12,1";"13,3"
"Cuiabá (MT)";"30 a 39 anos";"15,3";"10,2";"7,2";"7,8";"9,9";"9,2";"9,9";"9,7";"8,0";"7,5"
"Cuiabá (MT)";"40 a 49 anos";"11,0";"9,6";"9,1";"9,4";"7,5";"8,4";"8,2";"8,7";"9,2";"7,7"
"Cuiabá (MT)";"50 a 59 anos";"19,7";"11,2";"9,9";"7,9";"10,3";"10,6";"11,2";"10,5";"11,8";"10,9"
"Cuiabá (MT)";"60 anos ou mais";"14,6";"13,1";"10,2";"10,4";"9,3";"8,0";"10,4";"9,7";"8,1";"8,5"
"Cuiabá (MT)";"60 a 64 anos";"23,9";"16,0";"15,6";"14,7";"17,3";"17,0";"14,9";"14,0";"19,6";"12,1"
"Cuiabá (MT)";"65 anos ou mais";"18,1";"15,5";"12,8";"13,8";"10,3";"8,5";"12,9";"12,5";"9,9";"10,4"
"Goiânia (GO)";"0 a 4 anos";"15,6";"11,5";"13,5";"14,0";"12,3";"12,8";"11,7";"13,4";"14,0";"13,1"
"Goiânia (GO)";"5 a 13 anos";"10,0";"7,6";"9,1";"7,7";"7,9";"9,9";"8,2";"8,5";"8,0";"8,1"
"Goiânia (GO)";"5 a 9 anos";"14,9";"10,7";"14,2";"12,6";"11,7";"12,4";"11,1";"10,1";"12,4";"9,4"
"Goiânia (GO)";"10 a 13 anos";"13,6";"11,0";"13,7";"11,8";"12,2";"14,4";"10,5";"11,2";"12,0";"16,8"
"Goiânia (GO)";"14 a 17 anos";"12,7";"12,4";"11,8";"12,5";"14,1";"12,7";"11,6";"14,8";"13,1";"11,1"
"Goiânia (GO)";"14 a 15 anos";"17,5";"23,3";"17,4";"18,5";"17,7";"15,6";"20,4";"19,3";"23,1";"15,5"
"Goiânia (GO)";"16 a 17 anos";"19,3";"15,2";"15,3";"14,9";"16,8";"18,1";"13,9";"19,8";"17,8";"17,1"
"Goiânia (GO)";"18 a 19 anos";"13,4";"14,5";"15,0";"17,0";"15,7";"12,5";"16,7";"15,3";"18,8";"19,5"
"Goiânia (GO)";"20 a 24 anos";"9,7";"11,3";"10,2";"9,0";"11,9";"8,7";"9,1";"10,1";"11,4";"14,9"
"Goiânia (GO)";"25 a 29 anos";"11,4";"10,3";"10,3";"10,6";"11,1";"9,8";"8,7";"12,2";"9,9";"9,0"
"Goiânia (GO)";"30 a 39 anos";"6,7";"6,5";"7,5";"6,7";"7,2";"6,9";"7,1";"6,5";"7,1";"7,1"
"Goiânia (GO)";"40 a 49 anos";"6,8";"6,1";"6,1";"6,2";"7,0";"5,5";"7,2";"5,7";"7,7";"7,7"
"Goiânia (GO)";"50 a 59 anos";"7,2";"6,1";"6,7";"6,5";"9,4";"6,4";"7,7";"7,3";"6,6";"6,9"
"Goiânia (GO)";"60 anos ou mais";"7,6";"8,1";"6,9";"6,1";"8,0";"7,1";"9,5";"6,6";"7,7";"5,9"
"Goiânia (GO)";"60 a 64 anos";"12,2";"12,0";"12,4";"9,9";"12,6";"10,0";"15,6";"9,2";"14,9";"10,8"
"Goiânia (GO)";"65 anos ou mais";"9,5";"8,6";"7,5";"7,4";"8,3";"8,8";"10,4";"8,7";"7,8";"6,9"
"Brasília (DF)";"0 a 4 anos";"9,6";"8,8";"7,1";"8,2";"8,4";"7,5";"8,1";"7,9";"8,9";"8,4"
"Brasília (DF)";"5 a 13 anos";"7,2";"6,2";"4,9";"5,5";"5,4";"6,0";"5,4";"4,8";"5,9";"5,5"
"Brasília (DF)";"5 a 9 anos";"8,4";"9,5";"6,9";"7,7";"8,2";"8,2";"6,3";"6,0";"6,8";"8,8"
"Brasília (DF)";"10 a 13 anos";"9,5";"8,5";"8,4";"7,9";"7,0";"8,3";"9,1";"7,7";"8,8";"8,7"
"Brasília (DF)";"14 a 17 anos";"8,9";"8,3";"8,3";"7,4";"8,1";"7,5";"7,4";"7,5";"6,3";"8,8"
"Brasília (DF)";"14 a 15 anos";"12,1";"11,2";"11,8";"11,2";"10,5";"11,0";"10,4";"9,8";"8,1";"13,3"
"Brasília (DF)";"16 a 17 anos";"13,6";"11,2";"10,5";"10,2";"12,6";"10,4";"12,3";"11,2";"8,8";"11,8"
"Brasília (DF)";"18 a 19 anos";"10,4";"10,9";"10,8";"11,0";"12,7";"10,5";"11,6";"10,1";"10,2";"11,3"
"Brasília (DF)";"20 a 24 anos";"6,3";"7,7";"7,0";"7,0";"6,9";"7,0";"6,0";"6,1";"7,5";"7,3"
"Brasília (DF)";"25 a 29 anos";"8,6";"8,6";"8,6";"6,2";"7,5";"5,8";"6,5";"6,4";"5,8";"7,6"
"Brasília (DF)";"30 a 39 anos";"5,9";"5,1";"4,5";"4,5";"5,4";"4,4";"5,0";"4,0";"5,5";"5,0"
"Brasília (DF)";"40 a 49 anos";"4,7";"4,2";"4,5";"4,4";"4,0";"3,5";"4,2";"3,9";"4,9";"3,9"
"Brasília (DF)";"50 a 59 anos";"6,1";"5,6";"5,4";"5,0";"5,1";"4,4";"5,0";"4,2";"5,5";"4,7"
"Brasília (DF)";"60 anos ou mais";"6,6";"6,0";"5,9";"6,0";"5,8";"5,6";"6,0";"5,6";"5,8";"5,4"
"Brasília (DF)";"60 a 64 anos";"10,8";"9,1";"8,8";"8,5";"9,3";"8,6";"8,8";"7,4";"8,3";"7,7"
"Brasília (DF)";"65 anos ou mais";"8,2";"7,0";"7,2";"7,4";"7,4";"6,3";"7,2";"7,2";"7,2";"6,7"
"Manaus (AM)";"0 a 4 anos";"7,9";"8,3";"8,3";"8,6";"7,1";"8,3";"7,2";"7,9";"7,8";"6,7"
"Manaus (AM)";"5 a 13 anos";"4,3";"6,0";"6,1";"5,6";"6,2";"5,5";"5,3";"5,7";"5,8";"5,4"
"Manaus (AM)";"5 a 9 anos";"5,9";"8,1";"8,1";"6,9";"7,9";"6,4";"6,8";"8,4";"8,2";"7,7"
"Manaus (AM)";"10 a 13 anos";"8,6";"9,4";"8,4";"9,3";"6,8";"9,1";"8,9";"6,9";"7,8";"8,5"
"Manaus (AM)";"14 a 17 anos";"7,2";"8,4";"7,1";"9,0";"6,4";"6,2";"8,8";"10,3";"6,9";"9,2"
"Manaus (AM)";"14 a 15 anos";"9,0";"11,5";"10,7";"13,3";"11,7";"11,4";"12,3";"11,5";"11,7";"12,8"
"Manaus (AM)";"16 a 17 anos";"10,1";"10,9";"10,1";"13,4";"8,9";"8,5";"10,2";"13,1";"9,8";"13,5"
"Manaus (AM)";"18 a 19 anos";"9,3";"11,4";"9,2";"10,5";"10,1";"10,7";"12,2";"9,9";"11,6";"11,4"
"Manaus (AM)";"20 a 24 anos";"6,2";"6,9";"7,4";"6,3";"6,3";"6,7";"7,2";"6,6";"8,6";"6,5"
"Manaus (AM)";"25 a 29 anos";"7,5";"7,9";"6,6";"6,8";"7,6";"7,7";"7,4";"6,6";"8,0";"5,9"
"Manaus (AM)";"30 a 39 anos";"4,2";"4,2";"4,6";"5,2";"5,2";"4,9";"4,8";"4,0";"6,4";"5,1"
"Manaus (AM)";"40 a 49 anos";"4,8";"4,7";"5,0";"4,6";"5,1";"4,7";"5,1";"4,2";"4,7";"4,7"
"Manaus (AM)";"50 a 59 anos";"4,8";"5,7";"6,4";"5,7";"5,9";"6,6";"6,2";"5,8";"6,6";"5,6"
"Manaus (AM)";"60 anos ou mais";"5,9";"6,3";"6,4";"6,6";"7,6";"7,1";"6,5";"5,7";"5,3";"6,4"
"Manaus (AM)";"60 a 64 anos";"10,2";"9,2";"10,9";"10,5";"9,9";"9,1";"10,1";"8,2";"9,1";"9,2"
"Manaus (AM)";"65 anos ou mais";"7,8";"7,2";"7,2";"7,1";"9,4";"9,5";"7,8";"8,6";"6,9";"7,5"
"Belém (PA)";"0 a 4 anos";"12,1";"10,8";"8,2";"10,9";"11,9";"11,2";"13,0";"11,4";"11,4";"10,5"
"Belém (PA)";"5 a 13 anos";"11,6";"9,6";"7,4";"6,0";"6,8";"6,9";"8,2";"7,7";"6,2";"6,2"
"Belém (PA)";"5 a 9 anos";"11,1";"10,9";"9,9";"9,3";"9,9";"8,9";"10,0";"10,0";"8,0";"8,0"
"Belém (PA)";"10 a 13 anos";"16,4";"12,6";"11,6";"9,8";"9,5";"11,2";"12,7";"10,4";"9,0";"9,9"
"Belém (PA)";"14 a 17 anos";"10,6";"12,3";"11,1";"10,5";"12,9";"10,5";"9,3";"10,9";"9,0";"10,2"
"Belém (PA)";"14 a 15 anos";"18,6";"15,8";"12,7";"17,2";"18,3";"13,4";"12,4";"14,2";"13,2";"12,8"
"Belém (PA)";"16 a 17 anos";"14,8";"18,0";"18,1";"13,5";"19,0";"14,2";"13,8";"15,6";"10,8";"13,5"
"Belém (PA)";"18 a 19 anos";"18,5";"15,2";"15,1";"14,7";"12,7";"13,8";"15,5";"12,1";"13,6";"12,1"
"Belém (PA)";"20 a 24 anos";"10,8";"9,3";"8,0";"8,0";"7,1";"8,1";"8,1";"8,0";"7,6";"5,9"
"Belém (PA)";"25 a 29 anos";"11,0";"10,0";"9,7";"9,6";"9,2";"6,6";"9,2";"9,0";"7,5";"6,3"
"Belém (PA)";"30 a 39 anos";"6,5";"6,2";"7,3";"6,9";"6,8";"5,6";"6,6";"5,5";"6,4";"4,9"
"Belém (PA)";"40 a 49 anos";"7,8";"6,5";"5,7";"5,4";"5,5";"5,2";"6,9";"5,4";"5,2";"4,5"
"Belém (PA)";"50 a 59 anos";"9,5";"7,1";"6,7";"6,4";"5,8";"5,6";"6,2";"5,6";"5,2";"6,7"
"Belém (PA)";"60 anos ou mais";"8,2";"7,0";"7,3";"6,8";"7,8";"6,4";"7,9";"5,7";"6,6";"5,7"
"Belém (PA)";"60 a 64 anos";"12,1";"10,2";"13,9";"10,8";"10,4";"10,4";"10,6";"9,0";"9,8";"10,0"
"Belém (PA)";"65 anos ou mais";"10,2";"8,7";"9,5";"7,6";"8,8";"7,8";"9,5";"7,2";"9,0";"6,7"
"Macapá (AP)";"0 a 4 anos";"14,3";"26,4";"12,9";"10,8";"13,8";"12,3";"15,4";"13,2";"8,9";"12,3"
"Macapá (AP)";"5 a 13 anos";"8,5";"13,4";"9,1";"7,3";"9,4";"8,2";"10,7";"11,1";"8,3";"8,5"
"Macapá (AP)";"5 a 9 anos";"14,1";"17,9";"12,5";"9,5";"12,5";"11,8";"14,2";"14,4";"10,9";"9,7"
"Macapá (AP)";"10 a 13 anos";"17,0";"11,3";"10,3";"12,8";"11,8";"12,1";"10,5";"13,9";"10,8";"10,6"
"Macapá (AP)";"14 a 17 anos";"14,4";"15,1";"10,8";"11,7";"12,5";"16,1";"11,6";"12,1";"13,4";"10,6"
"Macapá (AP)";"14 a 15 anos";"20,1";"20,8";"15,9";"15,7";"23,8";"18,3";"14,3";"17,4";"17,3";"16,8"
"Macapá (AP)";"16 a 17 anos";"21,1";"14,0";"13,0";"16,9";"13,8";"24,7";"15,6";"19,4";"18,9";"13,3"
"Macapá (AP)";"18 a 19 anos";"13,8";"15,2";"13,6";"22,2";"22,0";"18,1";"17,1";"14,8";"15,0";"18,4"
"Macapá (AP)";"20 a 24 anos";"14,5";"10,3";"13,7";"9,0";"11,0";"8,1";"11,3";"7,2";"8,0";"11,2"
"Macapá (AP)";"25 a 29 anos";"11,1";"18,6";"9,1";"11,0";"12,3";"11,1";"11,1";"9,3";"10,2";"8,2"
"Macapá (AP)";"30 a 39 anos";"11,1";"9,9";"7,1";"6,9";"8,3";"7,2";"6,8";"6,2";"7,3";"5,4"
"Macapá (AP)";"40 a 49 anos";"11,5";"10,6";"8,5";"7,6";"8,2";"8,3";"8,8";"7,7";"7,9";"5,7"
"Macapá (AP)";"50 a 59 anos";"12,7";"10,4";"10,2";"11,6";"8,9";"7,5";"12,4";"9,2";"7,6";"6,0"
"Macapá (AP)";"60 anos ou mais";"10,6";"12,9";"11,0";"8,6";"11,0";"9,7";"9,1";"11,3";"8,4";"7,0"
"Macapá (AP)";"60 a 64 anos";"16,5";"17,3";"17,6";"16,5";"15,3";"18,4";"31,9";"15,8";"14,5";"11,9"
"Macapá (AP)";"65 anos ou mais";"13,2";"16,0";"12,3";"11,1";"14,0";"12,9";"13,7";"12,8";"10,5";"10,1"
"Grande São Luís (MA)";"0 a 4 anos";"16,5";"11,1";"11,9";"12,5";"12,5";"12,5";"11,6";"8,8";"16,2";"10,3"
"Grande São Luís (MA)";"5 a 13 anos";"9,9";"7,9";"7,5";"9,5";"8,9";"7,4";"7,6";"7,9";"7,1";"8,2"
"Grande São Luís (MA)";"5 a 9 anos";"13,6";"10,5";"9,3";"12,8";"9,9";"10,0";"9,8";"8,6";"9,7";"9,9"
"Grande São Luís (MA)";"10 a 13 anos";"12,6";"11,9";"10,5";"13,7";"13,3";"11,7";"10,6";"13,2";"10,4";"14,4"
"Grande São Luís (MA)";"14 a 17 anos";"12,2";"11,5";"11,2";"11,5";"10,3";"11,0";"8,8";"11,8";"9,9";"9,6"
"Grande São Luís (MA)";"14 a 15 anos";"15,6";"16,4";"14,1";"15,3";"13,9";"20,3";"14,3";"14,6";"14,0";"13,1"
"Grande São Luís (MA)";"16 a 17 anos";"15,2";"19,9";"16,3";"14,4";"17,2";"15,4";"14,1";"16,2";"13,5";"15,2"
"Grande São Luís (MA)";"18 a 19 anos";"19,1";"17,9";"12,1";"13,3";"14,6";"14,8";"14,1";"15,1";"14,7";"13,6"
"Grande São Luís (MA)";"20 a 24 anos";"10,9";"9,0";"10,0";"8,1";"9,5";"9,9";"9,7";"12,6";"7,9";"8,8"
"Grande São Luís (MA)";"25 a 29 anos";"12,0";"9,8";"11,2";"7,5";"9,4";"9,8";"10,1";"8,0";"9,2";"8,1"
"Grande São Luís (MA)";"30 a 39 anos";"7,2";"6,0";"7,2";"5,4";"6,3";"7,0";"6,8";"6,5";"5,7";"7,8"
"Grande São Luís (MA)";"40 a 49 anos";"8,7";"6,3";"6,3";"5,5";"8,0";"6,3";"5,7";"5,5";"8,2";"4,7"
"Grande São Luís (MA)";"50 a 59 anos";"8,4";"7,0";"9,1";"6,7";"7,4";"8,5";"8,0";"7,8";"7,5";"6,9"
"Grande São Luís (MA)";"60 anos ou mais";"9,1";"9,2";"10,0";"8,7";"11,2";"7,7";"8,9";"9,1";"7,6";"7,0"
"Grande São Luís (MA)";"60 a 64 anos";"13,8";"13,8";"13,6";"12,5";"17,2";"11,6";"16,4";"10,9";"11,4";"10,1"
"Grande São Luís (MA)";"65 anos ou mais";"11,1";"11,1";"13,2";"11,4";"14,9";"9,9";"10,6";"11,6";"9,6";"9,0"
"Fortaleza (CE)";"0 a 4 anos";"11,0";"13,3";"9,5";"12,5";"9,6";"9,9";"10,2";"10,2";"7,3";"9,3"
"Fortaleza (CE)";"5 a 13 anos";"9,5";"7,9";"6,2";"6,9";"7,2";"6,7";"6,1";"8,7";"5,6";"5,7"
"Fortaleza (CE)";"5 a 9 anos";"15,6";"10,9";"7,7";"8,8";"8,6";"9,0";"8,2";"9,9";"7,0";"7,4"
"Fortaleza (CE)";"10 a 13 anos";"11,6";"12,4";"8,7";"9,2";"9,3";"8,5";"9,2";"11,7";"9,1";"8,8"
"Fortaleza (CE)";"14 a 17 anos";"11,9";"9,0";"9,5";"8,2";"8,1";"8,2";"9,8";"11,3";"8,2";"8,1"
"Fortaleza (CE)";"14 a 15 anos";"15,9";"13,3";"13,3";"12,3";"11,3";"10,6";"15,0";"16,0";"11,9";"11,6"
"Fortaleza (CE)";"16 a 17 anos";"16,4";"11,5";"13,1";"11,3";"12,2";"11,0";"11,0";"13,5";"12,8";"11,9"
"Fortaleza (CE)";"18 a 19 anos";"14,5";"14,5";"11,6";"11,0";"13,4";"14,2";"15,2";"15,0";"13,0";"13,4"
"Fortaleza (CE)";"20 a 24 anos";"9,4";"9,5";"7,4";"8,5";"8,1";"7,3";"8,7";"8,7";"7,6";"7,6"
"Fortaleza (CE)";"25 a 29 anos";"11,3";"11,7";"7,5";"6,9";"7,7";"7,5";"9,4";"8,4";"8,1";"7,4"
"Fortaleza (CE)";"30 a 39 anos";"7,7";"6,6";"4,9";"4,3";"5,4";"4,6";"6,2";"5,0";"5,0";"4,7"
"Fortaleza (CE)";"40 a 49 anos";"6,6";"6,2";"5,9";"5,3";"6,3";"4,7";"5,8";"4,7";"4,8";"4,5"
"Fortaleza (CE)";"50 a 59 anos";"7,9";"6,8";"6,4";"5,7";"6,4";"5,0";"6,8";"4,9";"5,9";"5,2"
"Fortaleza (CE)";"60 anos ou mais";"9,2";"7,6";"5,5";"5,5";"6,3";"5,6";"5,4";"4,8";"5,7";"5,1"
"Fortaleza (CE)";"60 a 64 anos";"13,6";"13,5";"11,1";"9,0";"11,4";"8,9";"9,8";"8,5";"9,0";"8,1"
"Fortaleza (CE)";"65 anos ou mais";"11,5";"9,0";"6,4";"6,1";"8,2";"6,4";"6,2";"6,4";"7,0";"6,1"
"Natal (RN)";"0 a 4 anos";"23,9";"15,2";"13,2";"11,5";"9,9";"11,3";"13,9";"16,1";"13,2";"14,3"
"Natal (RN)";"5 a 13 anos";"10,5";"12,3";"6,8";"8,6";"8,8";"9,3";"9,3";"11,1";"8,7";"8,0"
"Natal (RN)";"5 a 9 anos";"13,7";"17,7";"11,2";"10,2";"11,3";"11,3";"11,7";"10,7";"12,5";"12,6"
"Natal (RN)";"10 a 13 anos";"15,0";"12,8";"12,5";"13,6";"13,7";"13,8";"13,8";"17,5";"10,2";"11,7"
"Natal (RN)";"14 a 17 anos";"15,3";"15,9";"11,9";"14,3";"11,9";"15,8";"15,1";"14,0";"11,0";"12,1"
"Natal (RN)";"14 a 15 anos";"18,7";"22,2";"17,6";"19,0";"17,0";"24,3";"16,5";"13,4";"18,4";"15,3"
"Natal (RN)";"16 a 17 anos";"21,7";"20,1";"16,5";"17,5";"14,6";"15,5";"30,6";"18,9";"18,2";"17,5"
"Natal (RN)";"18 a 19 anos";"18,4";"20,6";"14,1";"17,0";"17,0";"18,4";"21,4";"22,3";"19,8";"15,0"
"Natal (RN)";"20 a 24 anos";"29,6";"21,4";"11,8";"13,0";"12,9";"10,1";"12,4";"11,1";"12,9";"12,7"
"Natal (RN)";"25 a 29 anos";"18,4";"16,5";"11,3";"11,5";"12,5";"9,2";"15,0";"14,5";"9,0";"9,0"
"Natal (RN)";"30 a 39 anos";"10,3";"9,2";"9,1";"6,1";"7,2";"8,4";"9,1";"8,6";"7,3";"10,0"
"Natal (RN)";"40 a 49 anos";"9,4";"9,4";"8,4";"6,2";"7,4";"9,0";"6,6";"7,0";"7,2";"6,1"
"Natal (RN)";"50 a 59 anos";"12,1";"9,9";"8,1";"8,0";"9,1";"8,8";"8,8";"8,5";"9,0";"6,5"
"Natal (RN)";"60 anos ou mais";"8,7";"8,7";"6,7";"8,6";"8,7";"7,8";"7,8";"8,9";"7,3";"6,5"
"Natal (RN)";"60 a 64 anos";"14,0";"18,8";"10,2";"14,0";"14,9";"13,2";"13,3";"10,3";"11,8";"12,5"
"Natal (RN)";"65 anos ou mais";"10,6";"9,7";"9,1";"10,8";"9,9";"8,5";"9,5";"11,3";"8,6";"6,7"
"João Pessoa (PB)";"0 a 4 anos";"12,9";"15,5";"12,0";"11,8";"10,4";"11,0";"12,1";"12,1";"9,0";"9,5"
"João Pessoa (PB)";"5 a 13 anos";"10,4";"12,1";"9,1";"9,1";"5,9";"6,6";"7,2";"6,2";"6,6";"5,7"
"João Pessoa (PB)";"5 a 9 anos";"12,2";"13,5";"11,1";"12,7";"7,5";"9,9";"9,5";"9,8";"9,0";"9,6"
"João Pessoa (PB)";"10 a 13 anos";"13,9";"18,3";"11,8";"11,0";"12,8";"9,4";"12,2";"11,1";"10,8";"7,9"
"João Pessoa (PB)";"14 a 17 anos";"14,3";"15,1";"11,7";"11,3";"10,2";"10,4";"11,6";"12,2";"9,6";"10,2"
"João Pessoa (PB)";"14 a 15 anos";"22,6";"21,9";"16,8";"17,3";"12,7";"16,4";"15,8";"18,0";"12,7";"14,1"
"João Pessoa (PB)";"16 a 17 anos";"23,0";"19,9";"13,9";"17,1";"13,6";"15,1";"14,7";"15,1";"11,9";"14,2"
"João Pessoa (PB)";"18 a 19 anos";"18,2";"16,6";"16,3";"17,2";"11,5";"15,9";"13,7";"15,7";"14,1";"13,5"
"João Pessoa (PB)";"20 a 24 anos";"21,3";"10,8";"9,5";"8,6";"10,5";"9,6";"9,4";"9,0";"8,2";"6,4"
"João Pessoa (PB)";"25 a 29 anos";"12,2";"11,8";"10,1";"9,1";"11,3";"13,6";"9,5";"8,6";"9,2";"9,1"
"João Pessoa (PB)";"30 a 39 anos";"8,6";"8,4";"6,0";"6,0";"6,5";"5,9";"6,4";"5,4";"7,2";"5,4"
"João Pessoa (PB)";"40 a 49 anos";"6,5";"8,2";"6,1";"5,7";"6,1";"6,0";"6,3";"5,6";"4,7";"5,8"
"João Pessoa (PB)";"50 a 59 anos";"10,4";"8,3";"7,5";"6,7";"6,5";"6,7";"6,9";"6,1";"8,3";"5,8"
"João Pessoa (PB)";"60 anos ou mais";"10,5";"10,4";"7,7";"6,5";"7,6";"6,1";"8,3";"7,1";"6,5";"7,8"
"João Pessoa (PB)";"60 a 64 anos";"15,2";"14,6";"12,4";"11,3";"13,3";"10,3";"12,4";"10,5";"9,7";"10,6"
"João Pessoa (PB)";"65 anos ou mais";"12,3";"10,9";"9,1";"7,1";"8,9";"8,4";"9,8";"8,6";"10,4";"8,9"
"Recife (PE)";"0 a 4 anos";"9,0";"10,2";"9,1";"7,4";"9,5";"9,2";"8,1";"10,6";"8,2";"8,8"
"Recife (PE)";"5 a 13 anos";"6,5";"7,4";"6,8";"6,4";"6,2";"6,7";"5,0";"4,9";"5,5";"7,1"
"Recife (PE)";"5 a 9 anos";"8,8";"10,7";"8,8";"8,8";"8,4";"9,5";"6,6";"7,2";"8,4";"8,7"
"Recife (PE)";"10 a 13 anos";"10,3";"9,4";"9,4";"9,9";"8,5";"9,5";"8,1";"7,2";"7,7";"9,7"
"Recife (PE)";"14 a 17 anos";"8,6";"10,1";"9,4";"9,6";"9,1";"9,9";"9,9";"8,8";"6,9";"8,8"
"Recife (PE)";"14 a 15 anos";"13,1";"15,3";"13,7";"12,8";"10,9";"13,2";"16,9";"11,7";"11,4";"13,0"
"Recife (PE)";"16 a 17 anos";"12,3";"14,3";"15,1";"12,6";"12,6";"12,9";"11,5";"11,8";"11,4";"13,7"
"Recife (PE)";"18 a 19 anos";"12,8";"12,3";"11,4";"11,2";"11,5";"12,7";"13,9";"12,3";"12,6";"16,7"
"Recife (PE)";"20 a 24 anos";"11,2";"8,3";"8,6";"7,9";"7,3";"8,0";"8,2";"8,4";"8,7";"8,5"
"Recife (PE)";"25 a 29 anos";"7,9";"10,4";"8,8";"8,4";"9,1";"7,4";"8,6";"7,2";"9,3";"7,7"
"Recife (PE)";"30 a 39 anos";"5,8";"5,0";"5,0";"5,3";"5,1";"5,2";"5,1";"4,7";"5,7";"4,8"
"Recife (PE)";"40 a 49 anos";"4,4";"5,3";"4,5";"4,7";"5,2";"4,6";"4,2";"4,8";"6,5";"4,0"
"Recife (PE)";"50 a 59 anos";"6,6";"6,5";"5,9";"5,8";"5,3";"4,5";"5,5";"4,8";"5,8";"5,5"
"Recife (PE)";"60 anos ou mais";"6,6";"5,8";"5,4";"5,9";"6,2";"5,6";"5,3";"5,7";"5,9";"5,3"
"Recife (PE)";"60 a 64 anos";"10,7";"9,7";"9,5";"8,0";"9,4";"9,7";"9,0";"8,2";"11,1";"7,8"
"Recife (PE)";"65 anos ou mais";"8,2";"6,3";"7,1";"6,8";"7,9";"7,0";"6,8";"7,6";"7,3";"6,5"
"Maceió (AL)";"0 a 4 anos";"11,4";"11,4";"8,9";"7,2";"9,2";"9,0";"9,5";"8,3";"9,9";"8,7"
"Maceió (AL)";"5 a 13 anos";"8,2";"6,2";"5,7";"6,1";"6,3";"6,1";"6,9";"5,6";"5,7";"7,1"
"Maceió (AL)";"5 a 9 anos";"10,3";"10,2";"7,4";"9,6";"9,9";"9,8";"9,1";"7,7";"7,7";"9,9"
"Maceió (AL)";"10 a 13 anos";"14,8";"9,3";"10,0";"8,9";"8,5";"6,7";"9,0";"7,3";"10,2";"8,5"
"Maceió (AL)";"14 a 17 anos";"10,0";"11,5";"9,8";"8,5";"11,3";"9,6";"9,1";"8,5";"8,6";"8,4"
"Maceió (AL)";"14 a 15 anos";"12,2";"17,5";"14,1";"11,1";"15,1";"11,7";"11,6";"11,9";"11,5";"14,7"
"Maceió (AL)";"16 a 17 anos";"14,9";"14,9";"15,9";"14,2";"13,3";"15,4";"10,8";"12,6";"11,2";"11,7"
"Maceió (AL)";"18 a 19 anos";"16,4";"13,5";"14,5";"11,7";"15,1";"13,4";"11,0";"11,1";"10,9";"11,9"
"Maceió (AL)";"20 a 24 anos";"10,1";"10,5";"7,4";"7,7";"7,2";"6,2";"8,5";"7,2";"7,7";"8,2"
"Maceió (AL)";"25 a 29 anos";"9,7";"14,4";"7,8";"8,1";"7,7";"10,3";"7,0";"7,8";"8,1";"8,1"
"Maceió (AL)";"30 a 39 anos";"7,6";"6,3";"7,4";"5,1";"5,0";"5,4";"5,1";"5,0";"4,8";"4,7"
"Maceió (AL)";"40 a 49 anos";"6,4";"6,3";"5,7";"4,3";"5,6";"4,6";"4,0";"4,5";"4,8";"4,9"
"Maceió (AL)";"50 a 59 anos";"8,2";"6,9";"5,8";"5,9";"6,6";"5,2";"5,5";"5,6";"6,1";"6,5"
"Maceió (AL)";"60 anos ou mais";"7,0";"8,3";"7,4";"6,7";"6,9";"6,7";"6,6";"6,7";"6,5";"5,5"
"Maceió (AL)";"60 a 64 anos";"9,2";"12,1";"11,8";"10,5";"9,3";"10,9";"9,9";"9,0";"11,4";"8,5"
"Maceió (AL)";"65 anos ou mais";"9,3";"10,5";"8,6";"7,8";"9,2";"7,6";"8,9";"7,8";"8,0";"6,6"
"Aracaju (SE)";"0 a 4 anos";"16,8";"12,6";"14,2";"13,4";"16,2";"11,0";"11,9";"11,6";"11,0";"13,2"
"Aracaju (SE)";"5 a 13 anos";"8,3";"10,4";"8,9";"9,0";"9,0";"8,4";"8,9";"9,4";"7,3";"8,6"
"Aracaju (SE)";"5 a 9 anos";"14,6";"13,0";"12,0";"10,6";"11,0";"13,4";"13,3";"13,0";"9,3";"12,4"
"Aracaju (SE)";"10 a 13 anos";"13,6";"19,2";"11,4";"12,8";"13,7";"12,3";"11,9";"11,4";"12,4";"11,6"
"Aracaju (SE)";"14 a 17 anos";"14,8";"13,5";"15,4";"13,0";"12,0";"11,9";"11,9";"8,2";"10,4";"10,6"
"Aracaju (SE)";"14 a 15 anos";"25,6";"19,3";"19,7";"16,7";"16,6";"15,9";"20,2";"13,6";"13,8";"17,8"
"Aracaju (SE)";"16 a 17 anos";"21,0";"19,4";"20,5";"20,1";"16,0";"18,5";"14,9";"14,2";"17,3";"12,7"
"Aracaju (SE)";"18 a 19 anos";"16,8";"22,4";"14,9";"16,6";"17,4";"22,2";"11,8";"18,0";"14,6";"12,4"
"Aracaju (SE)";"20 a 24 anos";"12,8";"14,3";"11,5";"10,6";"9,3";"12,8";"11,6";"15,0";"11,2";"9,7"
"Aracaju (SE)";"25 a 29 anos";"12,9";"11,6";"9,2";"11,9";"9,2";"9,6";"10,7";"10,1";"9,7";"12,6"
"Aracaju (SE)";"30 a 39 anos";"7,5";"8,6";"7,1";"7,2";"6,8";"7,4";"7,7";"7,1";"7,1";"6,0"
"Aracaju (SE)";"40 a 49 anos";"9,3";"5,9";"9,8";"6,7";"8,7";"5,6";"6,8";"6,6";"7,8";"5,5"
"Aracaju (SE)";"50 a 59 anos";"9,5";"7,7";"8,0";"9,6";"9,5";"7,7";"8,8";"6,7";"8,8";"8,8"
"Aracaju (SE)";"60 anos ou mais";"15,1";"11,7";"9,0";"9,6";"7,3";"8,7";"10,2";"8,2";"9,0";"8,3"
"Aracaju (SE)";"60 a 64 anos";"19,9";"18,7";"14,6";"15,1";"11,1";"12,3";"12,6";"13,6";"14,8";"11,7"
"Aracaju (SE)";"65 anos ou mais";"18,0";"14,9";"11,1";"11,0";"11,3";"9,7";"13,0";"9,7";"9,9";"9,7"
"Salvador (BA)";"0 a 4 anos";"13,0";"17,2";"12,9";"12,4";"13,5";"11,0";"12,6";"13,0";"12,4";"12,1"
"Salvador (BA)";"5 a 13 anos";"9,6";"10,0";"6,8";"7,8";"8,4";"7,4";"6,8";"7,9";"8,1";"8,2"
"Salvador (BA)";"5 a 9 anos";"13,6";"11,8";"10,6";"9,9";"12,3";"10,1";"10,5";"10,6";"11,9";"11,3"
"Salvador (BA)";"10 a 13 anos";"15,2";"15,7";"12,4";"13,5";"10,2";"9,8";"10,7";"11,7";"11,8";"9,5"
"Salvador (BA)";"14 a 17 anos";"15,1";"13,0";"12,5";"14,3";"13,7";"12,6";"10,3";"11,5";"12,4";"12,9"
"Salvador (BA)";"14 a 15 anos";"21,0";"18,0";"17,1";"20,1";"17,4";"17,4";"13,6";"15,1";"16,0";"17,5"
"Salvador (BA)";"16 a 17 anos";"21,8";"18,7";"16,8";"18,9";"19,7";"17,1";"14,6";"18,2";"17,9";"17,1"
"Salvador (BA)";"18 a 19 anos";"21,4";"19,4";"16,5";"13,1";"15,1";"16,3";"17,4";"17,9";"17,7";"16,9"
"Salvador (BA)";"20 a 24 anos";"16,4";"9,9";"10,7";"10,7";"11,6";"12,5";"12,6";"7,9";"10,8";"9,7"
"Salvador (BA)";"25 a 29 anos";"13,1";"9,8";"14,9";"9,4";"8,7";"8,3";"11,6";"8,8";"11,5";"10,4"
"Salvador (BA)";"30 a 39 anos";"7,5";"8,3";"10,3";"5,2";"8,3";"6,7";"7,0";"5,8";"7,5";"5,7"
"Salvador (BA)";"40 a 49 anos";"7,8";"6,5";"7,2";"5,9";"7,3";"5,5";"7,3";"5,5";"5,1";"5,0"
"Salvador (BA)";"50 a 59 anos";"10,6";"9,2";"8,0";"6,6";"6,6";"7,3";"7,9";"6,4";"8,0";"5,7"
"Salvador (BA)";"60 anos ou mais";"10,6";"8,9";"9,0";"7,1";"7,2";"5,9";"8,6";"7,6";"7,0";"6,3"
"Salvador (BA)";"60 a 64 anos";"15,7";"11,7";"11,9";"10,7";"13,1";"11,8";"10,5";"10,9";"11,1";"9,0"
"Salvador (BA)";"65 anos ou mais";"12,6";"11,1";"12,8";"8,1";"8,3";"6,6";"11,4";"9,1";"9,2";"7,6"
"Belo Horizonte (MG)";"0 a 4 anos";"8,4";"8,7";"7,9";"10,2";"8,3";"7,6";"8,6";"11,8";"6,9";"8,5"
"Belo Horizonte (MG)";"5 a 13 anos";"6,2";"7,3";"6,6";"5,1";"5,9";"5,3";"5,7";"5,6";"5,0";"4,9"
"Belo Horizonte (MG)";"5 a 9 anos";"8,3";"8,8";"8,9";"7,3";"8,2";"7,1";"7,3";"7,6";"6,7";"7,6"
"Belo Horizonte (MG)";"10 a 13 anos";"10,4";"9,7";"8,9";"9,2";"7,6";"8,8";"8,6";"9,0";"7,8";"7,5"
"Belo Horizonte (MG)";"14 a 17 anos";"8,5";"8,8";"8,8";"8,6";"8,2";"8,8";"8,5";"9,9";"8,5";"9,6"
"Belo Horizonte (MG)";"14 a 15 anos";"11,9";"11,1";"14,6";"12,8";"9,8";"12,0";"15,1";"11,6";"11,7";"13,8"
"Belo Horizonte (MG)";"16 a 17 anos";"11,3";"12,0";"10,9";"11,3";"12,3";"12,9";"9,3";"15,1";"11,5";"12,9"
"Belo Horizonte (MG)";"18 a 19 anos";"11,4";"13,2";"11,7";"12,4";"12,2";"12,8";"9,9";"11,2";"10,7";"12,2"
"Belo Horizonte (MG)";"20 a 24 anos";"7,5";"7,3";"7,6";"6,7";"8,2";"8,4";"8,1";"8,7";"7,4";"7,1"
"Belo Horizonte (MG)";"25 a 29 anos";"7,4";"7,6";"9,3";"7,4";"7,0";"6,9";"7,0";"7,5";"6,1";"6,7"
"Belo Horizonte (MG)";"30 a 39 anos";"4,4";"4,0";"5,5";"4,9";"4,3";"4,1";"5,0";"4,4";"4,6";"4,0"
"Belo Horizonte (MG)";"40 a 49 anos";"4,2";"4,8";"4,6";"3,6";"5,4";"3,5";"5,4";"4,4";"4,1";"4,2"
"Belo Horizonte (MG)";"50 a 59 anos";"5,5";"4,8";"4,9";"5,2";"5,9";"4,8";"6,7";"4,9";"5,0";"5,2"
"Belo Horizonte (MG)";"60 anos ou mais";"4,7";"4,6";"5,6";"4,4";"5,1";"5,5";"6,1";"5,6";"4,7";"4,2"
"Belo Horizonte (MG)";"60 a 64 anos";"8,2";"7,1";"8,9";"7,4";"8,1";"8,3";"9,4";"8,3";"7,8";"7,2"
"Belo Horizonte (MG)";"65 anos ou mais";"6,7";"5,5";"6,6";"5,1";"6,4";"6,5";"7,1";"6,6";"5,2";"5,1"
"Grande Vitória (ES)";"0 a 4 anos";"11,7";"9,3";"7,8";"7,3";"8,5";"8,9";"8,1";"8,2";"7,7";"7,5"
"Grande Vitória (ES)";"5 a 13 anos";"7,4";"7,4";"6,8";"5,2";"6,1";"6,4";"5,9";"5,6";"5,3";"5,2"
"Grande Vitória (ES)";"5 a 9 anos";"11,1";"9,7";"6,9";"7,0";"7,5";"8,0";"7,9";"7,5";"8,4";"7,3"
"Grande Vitória (ES)";"10 a 13 anos";"9,3";"9,5";"13,4";"7,5";"11,1";"10,7";"8,0";"8,7";"7,6";"7,6"
"Grande Vitória (ES)";"14 a 17 anos";"9,0";"10,4";"10,2";"7,7";"8,5";"8,8";"10,1";"9,5";"7,3";"8,3"
"Grande Vitória (ES)";"14 a 15 anos";"13,7";"14,4";"14,6";"11,6";"13,7";"13,0";"12,5";"11,3";"10,1";"10,9"
"Grande Vitória (ES)";"16 a 17 anos";"11,3";"13,9";"12,8";"11,4";"12,2";"12,0";"13,1";"14,5";"11,0";"11,8"
"Grande Vitória (ES)";"18 a 19 anos";"15,2";"14,1";"12,5";"12,1";"11,5";"13,6";"12,2";"13,6";"13,6";"11,5"
"Grande Vitória (ES)";"20 a 24 anos";"9,1";"8,0";"6,9";"7,5";"8,6";"9,3";"8,1";"7,4";"7,1";"6,2"
"Grande Vitória (ES)";"25 a 29 anos";"8,8";"8,6";"8,8";"9,0";"6,6";"7,1";"8,6";"6,9";"7,7";"7,8"
"Grande Vitória (ES)";"30 a 39 anos";"4,5";"4,8";"5,4";"4,8";"4,4";"5,9";"5,2";"4,9";"5,1";"4,4"
"Grande Vitória (ES)";"40 a 49 anos";"5,7";"5,4";"4,8";"4,7";"5,7";"4,6";"4,8";"4,4";"4,8";"4,1"
"Grande Vitória (ES)";"50 a 59 anos";"6,6";"6,0";"6,3";"4,9";"5,9";"5,2";"5,3";"4,9";"5,7";"5,8"
"Grande Vitória (ES)";"60 anos ou mais";"6,7";"5,8";"5,8";"5,3";"7,9";"5,2";"5,3";"4,9";"5,1";"4,2"
"Grande Vitória (ES)";"60 a 64 anos";"9,4";"9,4";"9,5";"8,7";"9,3";"8,0";"8,4";"6,9";"8,7";"7,4"
"Grande Vitória (ES)";"65 anos ou mais";"8,2";"7,2";"7,1";"5,9";"10,7";"5,8";"6,2";"5,9";"5,7";"5,1"
"Rio de Janeiro (RJ)";"0 a 4 anos";"7,6";"7,2";"4,9";"6,1";"4,9";"6,2";"5,1";"5,4";"6,8";"6,5"
"Rio de Janeiro (RJ)";"5 a 13 anos";"4,3";"4,6";"3,9";"4,5";"3,3";"3,4";"3,4";"3,9";"3,1";"4,5"
"Rio de Janeiro (RJ)";"5 a 9 anos";"5,4";"6,5";"4,9";"6,2";"4,7";"4,4";"4,4";"4,7";"5,4";"6,9"
"Rio de Janeiro (RJ)";"10 a 13 anos";"6,3";"6,7";"5,8";"6,0";"4,7";"5,1";"4,9";"5,3";"4,6";"5,3"
"Rio de Janeiro (RJ)";"14 a 17 anos";"6,2";"6,2";"5,0";"5,3";"4,7";"6,0";"5,7";"5,3";"5,2";"5,3"
"Rio de Janeiro (RJ)";"14 a 15 anos";"8,7";"10,1";"7,8";"8,4";"7,1";"8,1";"8,1";"8,1";"7,3";"10,0"
"Rio de Janeiro (RJ)";"16 a 17 anos";"8,8";"9,4";"7,3";"7,1";"7,9";"7,6";"7,1";"7,6";"9,3";"8,3"
"Rio de Janeiro (RJ)";"18 a 19 anos";"9,4";"8,4";"7,5";"7,6";"7,9";"7,4";"7,6";"6,8";"8,6";"8,2"
"Rio de Janeiro (RJ)";"20 a 24 anos";"5,2";"5,3";"4,6";"4,2";"4,9";"4,9";"5,0";"4,5";"5,9";"6,2"
"Rio de Janeiro (RJ)";"25 a 29 anos";"5,5";"5,0";"5,4";"4,4";"4,6";"4,3";"4,6";"4,3";"4,5";"5,6"
"Rio de Janeiro (RJ)";"30 a 39 anos";"4,2";"3,4";"3,3";"3,1";"3,2";"2,7";"3,2";"2,8";"6,0";"3,0"
"Rio de Janeiro (RJ)";"40 a 49 anos";"3,6";"3,3";"3,4";"2,7";"2,6";"2,6";"2,7";"2,2";"3,1";"2,9"
"Rio de Janeiro (RJ)";"50 a 59 anos";"3,5";"3,1";"3,3";"2,8";"3,1";"2,8";"2,8";"2,8";"3,4";"2,7"
"Rio de Janeiro (RJ)";"60 anos ou mais";"3,8";"3,2";"3,2";"2,4";"2,6";"2,7";"2,8";"2,6";"3,0";"2,4"
"Rio de Janeiro (RJ)";"60 a 64 anos";"6,2";"5,2";"4,9";"4,1";"4,4";"4,6";"4,7";"3,9";"6,1";"5,9"
"Rio de Janeiro (RJ)";"65 anos ou mais";"4,4";"3,7";"3,7";"2,9";"3,4";"3,0";"3,5";"3,1";"3,4";"3,7"
"São Paulo (SP)";"0 a 4 anos";"6,8";"7,6";"6,0";"6,2";"5,9";"6,3";"6,0";"6,6";"5,8";"5,7"
"São Paulo (SP)";"5 a 13 anos";"4,0";"4,6";"3,9";"4,7";"4,3";"4,3";"3,5";"4,2";"3,8";"3,7"
"São Paulo (SP)";"5 a 9 anos";"5,8";"6,5";"5,8";"5,8";"5,6";"5,1";"5,0";"5,7";"5,7";"5,6"
"São Paulo (SP)";"10 a 13 anos";"5,8";"6,3";"6,1";"6,8";"5,7";"6,6";"5,4";"5,7";"6,1";"4,8"
"São Paulo (SP)";"14 a 17 anos";"6,8";"5,7";"7,0";"6,5";"5,3";"5,4";"5,5";"5,0";"8,8";"9,4"
"São Paulo (SP)";"14 a 15 anos";"8,6";"8,8";"8,7";"13,6";"8,1";"7,8";"8,6";"7,3";"9,2";"9,1"
"São Paulo (SP)";"16 a 17 anos";"9,1";"7,7";"10,7";"9,7";"8,2";"7,6";"7,5";"7,9";"14,1";"13,7"
"São Paulo (SP)";"18 a 19 anos";"9,9";"9,9";"9,6";"9,7";"7,6";"7,8";"8,3";"10,6";"10,6";"9,6"
"São Paulo (SP)";"20 a 24 anos";"5,2";"5,8";"6,2";"5,3";"4,9";"5,8";"5,6";"4,9";"5,2";"5,2"
"São Paulo (SP)";"25 a 29 anos";"6,0";"6,1";"5,1";"5,7";"4,9";"4,9";"4,7";"5,1";"4,5";"5,0"
"São Paulo (SP)";"30 a 39 anos";"3,6";"3,0";"4,0";"3,1";"3,7";"3,2";"3,3";"3,0";"4,2";"3,5"
"São Paulo (SP)";"40 a 49 anos";"4,0";"2,9";"3,3";"3,0";"3,1";"3,1";"2,9";"3,0";"3,4";"3,0"
"São Paulo (SP)";"50 a 59 anos";"3,6";"3,6";"3,9";"3,7";"3,3";"2,9";"3,1";"2,8";"4,3";"3,7"
"São Paulo (SP)";"60 anos ou mais";"4,1";"3,4";"3,9";"3,4";"3,7";"3,9";"3,2";"2,9";"4,1";"3,8"
"São Paulo (SP)";"60 a 64 anos";"6,2";"6,2";"7,9";"5,2";"5,4";"5,3";"5,6";"5,2";"6,1";"5,8"
"São Paulo (SP)";"65 anos ou mais";"5,1";"3,8";"4,7";"3,8";"4,4";"4,2";"3,6";"3,4";"4,8";"4,3"
"Curitiba (PR)";"0 a 4 anos";"9,9";"10,6";"10,3";"11,1";"10,6";"9,0";"9,7";"8,4";"9,8";"9,8"
"Curitiba (PR)";"5 a 13 anos";"8,5";"7,9";"6,5";"7,0";"5,2";"6,8";"4,8";"6,3";"6,2";"5,7"
"Curitiba (PR)";"5 a 9 anos";"11,9";"10,3";"8,9";"9,2";"8,3";"8,9";"8,0";"7,9";"6,9";"8,2"
"Curitiba (PR)";"10 a 13 anos";"11,4";"9,6";"8,4";"9,4";"9,0";"8,3";"9,3";"8,8";"9,8";"8,4"
"Curitiba (PR)";"14 a 17 anos";"10,7";"11,3";"12,5";"10,1";"7,5";"10,4";"9,4";"8,1";"8,8";"9,2"
"Curitiba (PR)";"14 a 15 anos";"14,8";"17,0";"20,0";"17,2";"11,1";"11,7";"13,1";"12,6";"14,1";"10,8"
"Curitiba (PR)";"16 a 17 anos";"15,4";"14,6";"11,8";"14,7";"11,3";"17,1";"14,0";"11,7";"9,8";"16,3"
"Curitiba (PR)";"18 a 19 anos";"13,6";"15,5";"12,8";"12,7";"12,5";"13,6";"12,9";"13,1";"12,0";"11,1"
"Curitiba (PR)";"20 a 24 anos";"9,0";"10,3";"7,6";"8,0";"8,5";"7,8";"7,5";"6,4";"9,1";"7,0"
"Curitiba (PR)";"25 a 29 anos";"8,5";"8,2";"7,6";"8,6";"7,4";"7,7";"7,1";"7,5";"8,3";"8,0"
"Curitiba (PR)";"30 a 39 anos";"5,3";"5,9";"5,5";"4,7";"5,8";"4,4";"4,4";"4,6";"5,2";"5,1"
"Curitiba (PR)";"40 a 49 anos";"5,8";"6,0";"6,1";"4,5";"4,6";"4,6";"5,3";"4,2";"4,4";"3,7"
"Curitiba (PR)";"50 a 59 anos";"6,7";"6,2";"6,2";"5,7";"6,6";"6,1";"5,5";"4,4";"5,5";"5,8"
"Curitiba (PR)";"60 anos ou mais";"5,7";"5,2";"6,0";"5,6";"5,5";"4,6";"5,1";"4,5";"5,3";"4,2"
"Curitiba (PR)";"60 a 64 anos";"10,2";"7,9";"8,8";"9,8";"7,8";"10,4";"9,4";"8,1";"8,4";"7,9"
"Curitiba (PR)";"65 anos ou mais";"6,3";"5,8";"7,6";"5,7";"6,6";"5,6";"5,9";"5,3";"6,4";"5,7"
"Florianópolis (SC)";"0 a 4 anos";"23,2";"30,2";"11,7";"12,2";"14,1";"13,4";"17,3";"14,4";"12,0";"11,8"
"Florianópolis (SC)";"5 a 13 anos";"20,3";"15,7";"12,6";"9,6";"7,3";"10,3";"8,4";"9,9";"9,4";"7,3"
"Florianópolis (SC)";"5 a 9 anos";"40,4";"20,1";"13,4";"12,6";"9,0";"15,8";"11,8";"13,7";"13,3";"9,5"
"Florianópolis (SC)";"10 a 13 anos";"26,5";"19,8";"18,1";"15,1";"13,6";"14,1";"11,9";"13,0";"12,2";"11,3"
"Florianópolis (SC)";"14 a 17 anos";"20,2";"26,1";"13,5";"12,6";"12,3";"15,4";"11,4";"12,8";"11,7";"11,5"
"Florianópolis (SC)";"14 a 15 anos";"19,8";"32,4";"20,2";"19,4";"14,6";"25,1";"19,5";"23,5";"14,2";"17,4"
"Florianópolis (SC)";"16 a 17 anos";"31,3";"33,1";"19,2";"17,9";"22,8";"16,8";"16,2";"15,8";"17,7";"14,7"
"Florianópolis (SC)";"18 a 19 anos";"25,0";"30,5";"19,0";"15,2";"26,6";"20,9";"16,7";"16,3";"16,4";"16,3"
"Florianópolis (SC)";"20 a 24 anos";"18,7";"18,1";"11,9";"10,4";"11,0";"12,8";"11,5";"9,1";"10,8";"10,6"
"Florianópolis (SC)";"25 a 29 anos";"18,5";"19,7";"10,9";"11,6";"13,1";"9,4";"9,0";"9,6";"12,7";"8,2"
"Florianópolis (SC)";"30 a 39 anos";"13,1";"11,3";"7,7";"7,1";"6,2";"7,6";"6,5";"7,4";"7,5";"5,6"
"Florianópolis (SC)";"40 a 49 anos";"10,7";"12,7";"5,9";"6,0";"5,9";"7,7";"7,6";"6,5";"7,3";"5,2"
"Florianópolis (SC)";"50 a 59 anos";"13,9";"11,2";"6,4";"7,0";"7,1";"8,6";"7,3";"7,7";"6,0";"7,1"
"Florianópolis (SC)";"60 anos ou mais";"12,0";"9,7";"6,0";"5,5";"7,7";"6,7";"6,9";"5,9";"5,3";"6,6"
"Florianópolis (SC)";"60 a 64 anos";"16,0";"17,8";"10,7";"9,1";"12,3";"11,3";"12,1";"10,9";"9,4";"9,6"
"Florianópolis (SC)";"65 anos ou mais";"14,4";"11,2";"7,9";"6,6";"10,3";"9,4";"8,1";"7,3";"7,5";"7,6"
"Porto Alegre (RS)";"0 a 4 anos";"9,4";"10,7";"10,0";"8,4";"8,3";"8,8";"9,9";"8,5";"6,8";"8,5"
"Porto Alegre (RS)";"5 a 13 anos";"6,6";"8,6";"6,2";"6,4";"6,0";"6,0";"5,9";"6,5";"5,9";"6,1"
"Porto Alegre (RS)";"5 a 9 anos";"8,0";"9,3";"8,8";"7,4";"7,7";"7,3";"7,9";"8,0";"8,3";"9,4"
"Porto Alegre (RS)";"10 a 13 anos";"11,9";"13,0";"9,4";"10,1";"9,2";"9,5";"8,4";"9,7";"7,4";"7,5"
"Porto Alegre (RS)";"14 a 17 anos";"10,0";"9,7";"8,9";"11,3";"8,0";"8,8";"9,3";"9,0";"9,1";"7,9"
"Porto Alegre (RS)";"14 a 15 anos";"15,1";"15,3";"11,9";"17,2";"12,0";"11,3";"11,3";"12,3";"12,8";"11,6"
"Porto Alegre (RS)";"16 a 17 anos";"16,9";"12,4";"12,3";"14,3";"10,3";"13,7";"12,4";"11,9";"13,5";"10,8"
"Porto Alegre (RS)";"18 a 19 anos";"12,6";"13,9";"11,0";"11,5";"10,7";"16,1";"11,3";"11,5";"13,7";"14,6"
"Porto Alegre (RS)";"20 a 24 anos";"7,8";"8,7";"7,2";"7,6";"6,5";"7,2";"8,7";"7,7";"6,7";"7,9"
"Porto Alegre (RS)";"25 a 29 anos";"9,2";"8,6";"9,1";"8,2";"7,8";"6,8";"6,8";"7,2";"7,2";"7,7"
"Porto Alegre (RS)";"30 a 39 anos";"5,4";"4,8";"4,4";"4,8";"5,2";"4,2";"5,4";"4,3";"4,6";"4,7"
"Porto Alegre (RS)";"40 a 49 anos";"6,4";"5,7";"4,8";"4,3";"4,9";"4,1";"4,7";"4,4";"4,1";"4,5"
"Porto Alegre (RS)";"50 a 59 anos";"5,6";"5,9";"5,4";"4,2";"5,6";"4,6";"5,3";"4,9";"5,1";"4,5"
"Porto Alegre (RS)";"60 anos ou mais";"5,3";"4,2";"4,3";"4,1";"4,6";"3,9";"4,4";"4,1";"4,8";"4,5"
"Porto Alegre (RS)";"60 a 64 anos";"7,6";"6,8";"6,8";"6,9";"7,3";"6,2";"9,1";"6,4";"8,5";"7,2"
"Porto Alegre (RS)";"65 anos ou mais";"6,1";"5,1";"5,4";"4,9";"5,5";"4,8";"5,3";"4,7";"5,6";"5,3"
"Vale do Rio Cuiabá (MT)";"0 a 4 anos";"11,7";"14,6";"10,0";"12,8";"10,1";"12,4";"10,9";"11,0";"10,2";"10,4"
"Vale do Rio Cuiabá (MT)";"5 a 13 anos";"11,1";"7,5";"8,7";"9,8";"6,8";"9,9";"7,4";"10,8";"9,2";"8,2"
"Vale do Rio Cuiabá (MT)";"5 a 9 anos";"17,4";"14,2";"13,2";"11,6";"10,0";"14,8";"10,2";"12,6";"9,7";"10,4"
"Vale do Rio Cuiabá (MT)";"10 a 13 anos";"15,1";"12,5";"11,4";"14,4";"10,3";"13,2";"12,0";"13,5";"14,2";"9,7"
"Vale do Rio Cuiabá (MT)";"14 a 17 anos";"14,6";"14,0";"14,7";"9,2";"13,1";"14,8";"13,1";"14,7";"11,9";"13,8"
"Vale do Rio Cuiabá (MT)";"14 a 15 anos";"18,4";"17,3";"20,7";"13,5";"19,7";"16,0";"18,1";"15,6";"16,3";"16,9"
"Vale do Rio Cuiabá (MT)";"16 a 17 anos";"23,3";"19,6";"18,5";"14,1";"15,2";"20,4";"17,0";"24,6";"18,4";"15,3"
"Vale do Rio Cuiabá (MT)";"18 a 19 anos";"19,5";"20,0";"16,6";"15,8";"18,4";"16,1";"15,8";"19,2";"18,3";"14,4"
"Vale do Rio Cuiabá (MT)";"20 a 24 anos";"12,6";"14,3";"10,5";"12,8";"15,7";"9,1";"14,2";"9,5";"10,7";"11,9"
"Vale do Rio Cuiabá (MT)";"25 a 29 anos";"16,6";"12,8";"12,4";"11,6";"10,7";"10,6";"10,8";"11,4";"9,8";"10,1"
"Vale do Rio Cuiabá (MT)";"30 a 39 anos";"11,2";"7,9";"6,1";"7,3";"7,7";"6,5";"7,4";"7,9";"6,5";"5,6"
"Vale do Rio Cuiabá (MT)";"40 a 49 anos";"9,0";"7,7";"8,0";"7,4";"6,4";"6,7";"6,5";"6,6";"6,8";"5,5"
"Vale do Rio Cuiabá (MT)";"50 a 59 anos";"14,9";"10,0";"9,2";"8,0";"9,4";"8,1";"9,2";"9,0";"9,0";"8,2"
"Vale do Rio Cuiabá (MT)";"60 anos ou mais";"12,3";"10,6";"9,1";"10,2";"7,8";"8,0";"9,2";"8,2";"7,0";"6,8"
"Vale do Rio Cuiabá (MT)";"60 a 64 anos";"18,9";"14,0";"14,9";"13,5";"14,5";"15,3";"13,2";"12,1";"15,5";"9,9"
"Vale do Rio Cuiabá (MT)";"65 anos ou mais";"14,6";"13,2";"10,8";"12,1";"8,7";"7,9";"11,5";"10,9";"7,8";"8,4"
"Goiânia (GO)";"0 a 4 anos";"11,5";"9,5";"10,1";"10,2";"9,1";"10,7";"9,4";"9,5";"10,4";"9,5"
"Goiânia (GO)";"5 a 13 anos";"8,5";"6,7";"7,9";"7,7";"9,7";"7,6";"6,9";"6,7";"6,0";"7,2"
"Goiânia (GO)";"5 a 9 anos";"12,7";"9,4";"10,6";"10,4";"10,4";"10,4";"8,6";"8,4";"9,0";"8,9"
"Goiânia (GO)";"10 a 13 anos";"9,5";"11,3";"13,6";"12,3";"12,3";"10,6";"9,2";"9,3";"10,0";"11,5"
"Goiânia (GO)";"14 a 17 anos";"9,6";"9,6";"10,6";"11,8";"10,8";"9,3";"9,6";"10,7";"10,2";"8,1"
"Goiânia (GO)";"14 a 15 anos";"14,8";"14,6";"17,5";"20,0";"15,3";"13,0";"14,4";"16,3";"18,4";"12,6"
"Goiânia (GO)";"16 a 17 anos";"15,6";"13,6";"15,4";"13,2";"15,8";"13,5";"12,1";"14,7";"12,7";"12,8"
"Goiânia (GO)";"18 a 19 anos";"13,6";"12,7";"15,6";"12,4";"11,5";"10,8";"13,6";"13,1";"13,3";"15,1"
"Goiânia (GO)";"20 a 24 anos";"8,9";"9,5";"8,0";"8,1";"9,1";"7,3";"8,8";"9,3";"8,6";"10,9"
"Goiânia (GO)";"25 a 29 anos";"9,7";"8,7";"8,3";"9,2";"8,1";"7,7";"7,4";"8,7";"8,7";"8,1"
"Goiânia (GO)";"30 a 39 anos";"6,7";"4,8";"6,3";"5,7";"5,6";"5,8";"5,5";"5,1";"6,0";"5,3"
"Goiânia (GO)";"40 a 49 anos";"5,7";"4,7";"5,7";"6,0";"6,7";"5,0";"7,4";"4,6";"5,5";"5,7"
"Goiânia (GO)";"50 a 59 anos";"6,3";"6,6";"7,1";"6,6";"7,9";"6,0";"7,5";"6,0";"5,4";"5,9"
"Goiânia (GO)";"60 anos ou mais";"6,6";"7,0";"6,1";"5,8";"7,2";"6,3";"7,2";"6,3";"6,9";"5,3"
"Goiânia (GO)";"60 a 64 anos";"11,1";"12,3";"10,8";"8,8";"10,8";"8,9";"10,9";"8,9";"12,8";"9,2"
"Goiânia (GO)";"65 anos ou mais";"8,6";"7,3";"7,0";"7,1";"7,9";"7,2";"8,0";"7,4";"7,7";"5,7"
"Fonte: IBGE. Pesquisa Nacional por Amostra de Domicílios Contínua, acumulado de primeiras visitas, exceto 2020-2021, acumulado de quintas visitas, devido à pandemia de Covid-19."

"Tabela 6407 - População residente, por sexo e grupos de idade"
"Variável - Distribuição percentual da população por sexo segundo grupos de idade (%)"
"Grande Região, Unidade da Federação, Município e Região Metropolitana até 2020";"Grupo de idade";"Ano x Sexo"
"Grande Região, Unidade da Federação, Município e Região Metropolitana até 2020";"Grupo de idade";"2021";;"2022";;"2023";;"2024";;"2025"
"Grande Região, Unidade da Federação, Município e Região Metropolitana até 2020";"Grupo de idade";"Homens";"Mulheres";"Homens";"Mulheres";"Homens";"Mulheres";"Homens";"Mulheres";"Homens";"Mulheres"
"Norte";"0 a 4 anos";"8,6";"8,1";"8,5";"7,8";"8,3";"7,4";"8,1";"7,3";"7,9";"7,3"
"Norte";"5 a 13 anos";"15,6";"14,6";"15,5";"14,2";"15,3";"14,5";"15,1";"14,2";"15,3";"14,8"
"Norte";"5 a 9 anos";"8,9";"8,1";"8,4";"8,0";"8,5";"8,1";"8,4";"7,7";"8,4";"8,4"
"Norte";"10 a 13 anos";"6,7";"6,4";"7,0";"6,2";"6,8";"6,4";"6,7";"6,4";"6,9";"6,3"
"Norte";"14 a 17 anos";"7,7";"7,0";"7,7";"7,3";"7,4";"7,0";"7,4";"6,8";"6,9";"6,4"
"Norte";"14 a 15 anos";"3,7";"3,4";"3,9";"3,7";"3,6";"3,3";"3,7";"3,2";"3,3";"3,3"
"Norte";"16 a 17 anos";"4,0";"3,6";"3,8";"3,6";"3,7";"3,6";"3,7";"3,6";"3,6";"3,1"
"Norte";"18 a 19 anos";"3,7";"3,4";"3,7";"3,9";"3,5";"3,1";"3,3";"3,5";"3,6";"3,5"
"Norte";"20 a 24 anos";"9,1";"8,8";"9,0";"9,0";"8,6";"8,9";"8,8";"9,0";"8,9";"8,5"
"Norte";"25 a 29 anos";"9,0";"9,1";"8,2";"8,4";"8,5";"8,5";"8,2";"8,4";"8,2";"8,1"
"Norte";"30 a 39 anos";"15,7";"15,7";"15,4";"15,7";"15,6";"15,9";"15,5";"15,6";"14,7";"15,7"
"Norte";"40 a 49 anos";"12,3";"13,4";"13,2";"13,5";"13,2";"13,6";"13,5";"13,6";"13,8";"14,2"
"Norte";"50 a 59 anos";"9,0";"9,3";"9,1";"9,5";"9,6";"9,8";"9,6";"9,9";"9,8";"9,8"
"Norte";"60 anos ou mais";"9,3";"10,6";"9,7";"10,7";"10,1";"11,4";"10,4";"11,9";"10,9";"11,7"
"Norte";"60 a 64 anos";"3,2";"3,5";"3,2";"3,5";"3,3";"3,7";"3,4";"4,0";"3,7";"3,6"
"Norte";"65 anos ou mais";"6,1";"7,2";"6,4";"7,2";"6,8";"7,7";"7,0";"7,9";"7,2";"8,1"
"Nordeste";"0 a 4 anos";"7,2";"6,8";"7,2";"6,7";"7,2";"6,4";"6,7";"6,1";"6,6";"5,7"
"Nordeste";"5 a 13 anos";"14,4";"13,3";"14,0";"12,6";"14,1";"12,6";"13,8";"12,3";"13,8";"12,3"
"Nordeste";"5 a 9 anos";"7,9";"7,1";"7,6";"7,0";"7,8";"7,0";"7,6";"6,8";"7,6";"6,7"
"Nordeste";"10 a 13 anos";"6,4";"6,2";"6,5";"5,7";"6,2";"5,7";"6,2";"5,5";"6,2";"5,6"
"Nordeste";"14 a 17 anos";"7,2";"6,1";"6,8";"6,0";"6,8";"6,0";"6,5";"5,8";"6,5";"5,6"
"Nordeste";"14 a 15 anos";"3,5";"3,1";"3,4";"3,0";"3,3";"3,0";"3,3";"2,7";"3,1";"2,7"
"Nordeste";"16 a 17 anos";"3,7";"3,0";"3,4";"3,0";"3,5";"3,0";"3,2";"3,1";"3,4";"2,9"
"Nordeste";"18 a 19 anos";"3,3";"3,1";"3,4";"3,0";"3,1";"2,9";"3,2";"2,8";"3,1";"3,0"
"Nordeste";"20 a 24 anos";"8,7";"7,9";"8,0";"7,7";"8,2";"7,7";"8,0";"7,6";"7,8";"7,2"
"Nordeste";"25 a 29 anos";"7,9";"8,2";"8,0";"7,7";"7,6";"7,6";"7,8";"7,5";"7,4";"7,4"
"Nordeste";"30 a 39 anos";"15,6";"15,7";"15,4";"15,7";"15,3";"15,7";"15,3";"15,2";"14,8";"15,2"
"Nordeste";"40 a 49 anos";"13,7";"13,8";"14,2";"14,1";"14,1";"14,5";"14,1";"14,6";"14,7";"14,8"
"Nordeste";"50 a 59 anos";"10,1";"11,0";"10,5";"11,0";"10,6";"11,3";"10,8";"11,8";"10,9";"11,7"
"Nordeste";"60 anos ou mais";"11,9";"14,1";"12,6";"15,3";"13,0";"15,3";"13,8";"16,3";"14,4";"17,1"
"Nordeste";"60 a 64 anos";"3,8";"4,0";"4,0";"4,5";"4,2";"4,4";"4,5";"4,9";"4,5";"4,9"
"Nordeste";"65 anos ou mais";"8,2";"10,2";"8,6";"10,8";"8,8";"10,9";"9,3";"11,4";"9,9";"12,2"
"Sudeste";"0 a 4 anos";"6,5";"5,7";"6,5";"5,6";"6,0";"5,5";"6,0";"5,3";"5,6";"5,2"
"Sudeste";"5 a 13 anos";"12,0";"10,7";"12,1";"10,8";"12,0";"10,7";"12,0";"10,6";"11,8";"10,7"
"Sudeste";"5 a 9 anos";"6,6";"6,1";"6,8";"5,9";"6,7";"6,0";"6,6";"5,9";"6,4";"5,8"
"Sudeste";"10 a 13 anos";"5,4";"4,6";"5,4";"4,9";"5,4";"4,7";"5,4";"4,8";"5,3";"4,9"
"Sudeste";"14 a 17 anos";"5,5";"5,3";"5,4";"4,9";"5,4";"4,9";"5,5";"5,0";"5,4";"4,8"
"Sudeste";"14 a 15 anos";"2,7";"2,7";"2,7";"2,3";"2,7";"2,5";"2,7";"2,6";"2,7";"2,3"
"Sudeste";"16 a 17 anos";"2,8";"2,6";"2,7";"2,6";"2,8";"2,4";"2,8";"2,4";"2,6";"2,5"
"Sudeste";"18 a 19 anos";"3,0";"2,6";"2,8";"2,6";"2,8";"2,5";"2,7";"2,4";"2,7";"2,4"
"Sudeste";"20 a 24 anos";"7,9";"7,5";"7,8";"7,2";"7,5";"6,8";"7,3";"6,7";"7,3";"6,6"
"Sudeste";"25 a 29 anos";"7,8";"7,1";"7,8";"7,5";"8,0";"7,2";"7,8";"7,2";"7,8";"7,2"
"Sudeste";"30 a 39 anos";"16,0";"15,6";"16,1";"15,3";"15,5";"15,1";"15,4";"15,0";"15,7";"14,8"
"Sudeste";"40 a 49 anos";"14,6";"14,7";"14,5";"14,9";"15,0";"15,1";"15,2";"15,4";"15,5";"15,5"
"Sudeste";"50 a 59 anos";"11,8";"12,5";"11,9";"12,7";"12,1";"12,7";"12,1";"12,7";"12,0";"12,8"
"Sudeste";"60 anos ou mais";"15,0";"18,2";"15,2";"18,6";"15,6";"19,4";"16,0";"19,8";"16,2";"20,0"
"Sudeste";"60 a 64 anos";"4,9";"5,5";"5,0";"5,4";"5,1";"5,7";"5,0";"5,5";"5,0";"5,7"
"Sudeste";"65 anos ou mais";"10,1";"12,7";"10,2";"13,2";"10,5";"13,6";"11,0";"14,3";"11,1";"14,3"
"Sul";"0 a 4 anos";"6,8";"6,3";"6,3";"6,0";"6,2";"6,1";"5,9";"5,8";"6,0";"5,6"
"Sul";"5 a 13 anos";"12,2";"11,3";"12,1";"11,6";"12,2";"11,4";"12,2";"11,7";"12,3";"10,8"
"Sul";"5 a 9 anos";"6,9";"6,4";"7,0";"6,5";"7,0";"6,4";"7,0";"6,7";"6,9";"6,0"
"Sul";"10 a 13 anos";"5,4";"4,8";"5,1";"5,0";"5,3";"5,0";"5,1";"5,0";"5,4";"4,8"
"Sul";"14 a 17 anos";"5,6";"5,1";"5,7";"4,9";"5,4";"5,0";"5,2";"4,9";"5,2";"4,8"
"Sul";"14 a 15 anos";"2,8";"2,7";"2,8";"2,3";"2,7";"2,6";"2,6";"2,4";"2,6";"2,5"
"Sul";"16 a 17 anos";"2,8";"2,5";"2,9";"2,6";"2,7";"2,4";"2,6";"2,5";"2,6";"2,4"
"Sul";"18 a 19 anos";"2,8";"2,5";"2,7";"2,6";"2,8";"2,5";"2,6";"2,5";"2,3";"2,5"
"Sul";"20 a 24 anos";"7,3";"6,9";"7,9";"7,3";"7,9";"7,1";"7,5";"6,5";"7,5";"6,5"
"Sul";"25 a 29 anos";"7,8";"7,6";"8,0";"7,4";"7,9";"7,7";"7,8";"7,6";"8,1";"7,8"
"Sul";"30 a 39 anos";"16,5";"15,9";"15,8";"15,7";"16,2";"15,4";"15,8";"15,4";"15,7";"14,8"
"Sul";"40 a 49 anos";"14,1";"14,0";"14,5";"14,2";"14,5";"14,2";"15,1";"14,5";"14,4";"14,8"
"Sul";"50 a 59 anos";"12,4";"12,7";"12,0";"12,6";"11,7";"12,4";"12,2";"12,3";"12,1";"12,5"
"Sul";"60 anos ou mais";"14,6";"17,7";"15,0";"17,8";"15,2";"18,1";"15,8";"18,8";"16,4";"19,9"
"Sul";"60 a 64 anos";"4,9";"5,5";"4,9";"5,5";"4,8";"5,4";"5,0";"5,8";"5,3";"5,8"
"Sul";"65 anos ou mais";"9,7";"12,2";"10,1";"12,3";"10,4";"12,7";"10,8";"13,1";"11,1";"14,0"
"Centro-Oeste";"0 a 4 anos";"8,0";"7,3";"7,4";"6,7";"7,3";"6,2";"7,1";"6,5";"6,6";"6,4"
"Centro-Oeste";"5 a 13 anos";"13,8";"12,3";"13,5";"12,8";"13,3";"12,0";"13,6";"12,9";"13,2";"12,4"
"Centro-Oeste";"5 a 9 anos";"7,8";"7,0";"7,9";"7,7";"7,4";"6,8";"7,6";"7,5";"7,4";"6,8"
"Centro-Oeste";"10 a 13 anos";"6,0";"5,4";"5,6";"5,1";"5,9";"5,2";"6,0";"5,4";"5,8";"5,6"
"Centro-Oeste";"14 a 17 anos";"5,8";"6,0";"6,2";"6,1";"5,8";"5,9";"6,1";"5,6";"6,2";"5,3"
"Centro-Oeste";"14 a 15 anos";"2,8";"3,2";"3,0";"2,9";"2,9";"2,8";"3,1";"2,7";"3,0";"2,6"
"Centro-Oeste";"16 a 17 anos";"3,0";"2,8";"3,1";"3,1";"2,9";"3,1";"3,0";"2,9";"3,2";"2,6"
"Centro-Oeste";"18 a 19 anos";"3,1";"3,0";"2,9";"2,8";"3,0";"3,0";"2,7";"2,8";"3,1";"2,9"
"Centro-Oeste";"20 a 24 anos";"8,4";"7,7";"8,7";"7,6";"8,3";"7,8";"8,3";"7,6";"7,8";"7,7"
"Centro-Oeste";"25 a 29 anos";"8,5";"8,1";"8,5";"8,2";"8,1";"8,5";"8,5";"8,6";"8,7";"7,6"
"Centro-Oeste";"30 a 39 anos";"16,3";"16,2";"16,4";"16,3";"16,8";"15,5";"16,5";"15,9";"15,6";"15,9"
"Centro-Oeste";"40 a 49 anos";"14,1";"14,7";"14,2";"15,2";"14,6";"15,2";"14,8";"15,1";"14,4";"15,0"
"Centro-Oeste";"50 a 59 anos";"10,5";"11,5";"10,7";"11,6";"10,7";"11,6";"10,5";"11,3";"11,6";"11,8"
"Centro-Oeste";"60 anos ou mais";"11,5";"13,2";"11,4";"12,8";"12,1";"14,2";"11,8";"13,7";"12,8";"15,0"
"Centro-Oeste";"60 a 64 anos";"3,9";"4,2";"3,9";"4,2";"4,0";"4,6";"4,1";"4,5";"4,3";"4,7"
"Centro-Oeste";"65 anos ou mais";"7,6";"9,0";"7,5";"8,6";"8,1";"9,6";"7,6";"9,2";"8,4";"10,3"
"Rondônia";"0 a 4 anos";"8,7";"7,5";"6,7";"6,9";"6,7";"5,7";"7,9";"6,6";"7,8";"6,0"
"Rondônia";"5 a 13 anos";"12,9";"13,2";"14,4";"12,6";"12,7";"12,0";"14,2";"11,9";"13,4";"13,2"
"Rondônia";"5 a 9 anos";"6,5";"7,5";"8,4";"6,8";"6,5";"7,1";"8,1";"7,1";"7,7";"8,4"
"Rondônia";"10 a 13 anos";"6,5";"5,7";"5,9";"5,7";"6,2";"4,9";"6,0";"4,8";"5,8";"4,8"
"Rondônia";"14 a 17 anos";"8,6";"6,5";"6,8";"6,5";"5,8";"6,7";"6,2";"5,9";"6,4";"6,4"
"Rondônia";"14 a 15 anos";"3,9";"3,2";"3,5";"3,3";"2,7";"3,7";"3,7";"3,0";"3,3";"3,4"
"Rondônia";"16 a 17 anos";"4,7";"3,3";"3,3";"3,2";"3,2";"3,0";"2,5";"2,8";"3,1";"3,0"
"Rondônia";"18 a 19 anos";"3,0";"3,1";"3,2";"3,5";"3,3";"2,7";"3,0";"2,7";"3,2";"3,1"
"Rondônia";"20 a 24 anos";"8,3";"9,6";"9,0";"7,9";"7,8";"7,1";"7,6";"7,9";"8,5";"7,3"
"Rondônia";"25 a 29 anos";"8,6";"9,0";"6,9";"8,1";"8,4";"8,0";"7,7";"8,8";"7,8";"7,6"
"Rondônia";"30 a 39 anos";"15,7";"15,1";"16,2";"15,1";"14,1";"15,0";"15,0";"14,8";"14,8";"16,1"
"Rondônia";"40 a 49 anos";"12,6";"15,0";"13,9";"15,3";"14,6";"14,3";"14,3";"14,5";"13,9";"15,5"
"Rondônia";"50 a 59 anos";"9,9";"10,3";"10,2";"11,6";"12,8";"13,0";"10,9";"11,7";"11,1";"11,3"
"Rondônia";"60 anos ou mais";"11,6";"10,8";"12,7";"12,5";"13,8";"15,5";"13,3";"15,1";"13,1";"13,5"
"Rondônia";"60 a 64 anos";"4,3";"3,8";"4,4";"4,2";"4,5";"5,2";"4,5";"5,1";"4,6";"4,7"
"Rondônia";"65 anos ou mais";"7,3";"7,0";"8,3";"8,3";"9,3";"10,3";"8,7";"10,0";"8,5";"8,8"
"Acre";"0 a 4 anos";"9,4";"7,7";"9,3";"7,4";"7,8";"8,2";"8,3";"7,9";"8,0";"8,0"
"Acre";"5 a 13 anos";"17,7";"15,0";"17,2";"15,8";"16,1";"16,2";"16,7";"16,0";"16,9";"15,5"
"Acre";"5 a 9 anos";"9,6";"8,4";"9,7";"8,9";"8,6";"8,0";"9,4";"8,6";"8,9";"8,9"
"Acre";"10 a 13 anos";"8,1";"6,6";"7,6";"6,9";"7,5";"8,1";"7,4";"7,4";"8,0";"6,6"
"Acre";"14 a 17 anos";"7,1";"7,1";"8,0";"7,6";"8,5";"7,8";"7,7";"6,2";"6,8";"6,6"
"Acre";"14 a 15 anos";"3,5";"3,6";"4,0";"4,1";"4,2";"3,9";"3,6";"2,8";"3,4";"3,8"
"Acre";"16 a 17 anos";"3,6";"3,5";"4,0";"3,4";"4,4";"3,9";"4,1";"3,4";"3,4";"2,8"
"Acre";"18 a 19 anos";"4,1";"3,9";"4,5";"3,9";"3,9";"3,2";"4,5";"4,1";"3,9";"4,3"
"Acre";"20 a 24 anos";"9,2";"10,5";"8,8";"9,0";"10,7";"8,9";"9,5";"8,8";"9,1";"9,6"
"Acre";"25 a 29 anos";"8,8";"8,7";"8,3";"7,3";"6,6";"8,5";"7,7";"8,6";"8,6";"7,9"
"Acre";"30 a 39 anos";"15,9";"15,3";"14,4";"16,5";"14,7";"14,7";"13,7";"14,8";"15,0";"16,0"
"Acre";"40 a 49 anos";"11,2";"13,3";"13,0";"13,3";"13,5";"14,1";"13,6";"13,6";"12,9";"12,9"
"Acre";"50 a 59 anos";"8,7";"9,4";"7,5";"8,7";"8,3";"8,9";"8,7";"9,3";"9,1";"9,3"
"Acre";"60 anos ou mais";"8,0";"9,0";"9,0";"10,5";"9,9";"9,5";"9,5";"10,6";"9,6";"10,0"
"Acre";"60 a 64 anos";"3,0";"2,8";"3,1";"3,2";"3,0";"2,8";"3,1";"3,4";"3,1";"3,3"
"Acre";"65 anos ou mais";"5,0";"6,2";"5,9";"7,3";"6,9";"6,7";"6,4";"7,2";"6,5";"6,8"
"Amazonas";"0 a 4 anos";"7,8";"8,1";"9,1";"8,7";"9,5";"7,6";"8,2";"7,3";"7,7";"8,2"
"Amazonas";"5 a 13 anos";"17,2";"15,0";"16,8";"14,9";"15,9";"15,6";"15,4";"14,3";"17,1";"14,6"
"Amazonas";"5 a 9 anos";"10,2";"8,3";"9,3";"8,3";"9,0";"8,4";"8,4";"7,5";"9,1";"8,3"
"Amazonas";"10 a 13 anos";"7,0";"6,8";"7,5";"6,6";"6,9";"7,2";"7,0";"6,8";"8,0";"6,3"
"Amazonas";"14 a 17 anos";"8,3";"7,0";"7,8";"6,8";"7,8";"7,5";"7,4";"6,8";"6,8";"6,4"
"Amazonas";"14 a 15 anos";"4,4";"3,1";"3,7";"3,4";"3,7";"3,2";"3,5";"3,0";"3,2";"3,2"
"Amazonas";"16 a 17 anos";"3,9";"3,9";"4,1";"3,4";"4,1";"4,3";"4,0";"3,8";"3,6";"3,2"
"Amazonas";"18 a 19 anos";"4,0";"3,9";"3,7";"4,0";"3,7";"3,6";"3,5";"3,6";"3,9";"3,9"
"Amazonas";"20 a 24 anos";"8,8";"9,4";"8,8";"9,2";"8,9";"10,0";"9,7";"8,7";"7,7";"8,1"
"Amazonas";"25 a 29 anos";"8,5";"8,7";"9,0";"8,1";"8,5";"8,0";"8,3";"9,0";"7,8";"8,5"
"Amazonas";"30 a 39 anos";"15,3";"15,0";"15,1";"16,2";"14,8";"15,0";"15,2";"15,3";"15,7";"15,2"
"Amazonas";"40 a 49 anos";"12,3";"13,8";"13,1";"13,5";"13,7";"13,9";"13,0";"13,6";"13,5";"14,1"
"Amazonas";"50 a 59 anos";"9,1";"9,0";"8,4";"8,9";"8,9";"8,9";"9,4";"9,7";"9,3";"9,5"
"Amazonas";"60 anos ou mais";"8,6";"10,0";"8,3";"9,8";"8,2";"9,9";"9,9";"11,7";"10,5";"11,4"
"Amazonas";"60 a 64 anos";"3,2";"3,4";"2,9";"3,2";"2,7";"3,1";"3,2";"4,2";"3,9";"3,3"
"Amazonas";"65 anos ou mais";"5,4";"6,6";"5,4";"6,6";"5,5";"6,7";"6,7";"7,5";"6,6";"8,0"
"Roraima";"0 a 4 anos";"10,6";"9,4";"10,5";"8,9";"8,5";"9,3";"7,9";"8,0";"8,7";"8,1"
"Roraima";"5 a 13 anos";"16,2";"16,3";"16,6";"14,8";"18,2";"16,1";"18,0";"16,6";"15,6";"14,4"
"Roraima";"5 a 9 anos";"9,4";"10,1";"10,0";"9,0";"9,8";"9,2";"10,6";"9,2";"9,2";"8,1"
"Roraima";"10 a 13 anos";"6,8";"6,2";"6,5";"5,7";"8,4";"6,9";"7,4";"7,4";"6,5";"6,3"
"Roraima";"14 a 17 anos";"6,1";"6,7";"6,2";"7,3";"6,2";"6,0";"7,5";"6,7";"6,7";"6,1"
"Roraima";"14 a 15 anos";"3,5";"3,4";"2,9";"3,9";"3,1";"3,4";"3,8";"4,0";"3,5";"2,9"
"Roraima";"16 a 17 anos";"2,6";"3,3";"3,4";"3,4";"3,2";"2,6";"3,7";"2,7";"3,2";"3,2"
"Roraima";"18 a 19 anos";"3,6";"3,9";"3,0";"4,0";"3,3";"3,1";"4,4";"4,7";"3,2";"3,3"
"Roraima";"20 a 24 anos";"11,2";"9,6";"9,8";"10,0";"9,3";"8,5";"8,9";"9,0";"9,1";"8,6"
"Roraima";"25 a 29 anos";"9,3";"8,6";"8,4";"10,1";"7,8";"9,9";"7,9";"8,2";"9,5";"8,5"
"Roraima";"30 a 39 anos";"17,2";"17,2";"15,5";"16,8";"16,2";"16,4";"15,6";"16,6";"15,5";"18,2"
"Roraima";"40 a 49 anos";"10,6";"12,7";"14,0";"11,9";"12,7";"13,8";"14,0";"13,4";"13,6";"11,9"
"Roraima";"50 a 59 anos";"7,1";"8,3";"8,0";"8,1";"9,8";"8,4";"8,3";"8,2";"9,0";"10,9"
"Roraima";"60 anos ou mais";"8,1";"7,3";"7,9";"8,0";"8,0";"8,4";"7,4";"8,7";"9,2";"10,2"
"Roraima";"60 a 64 anos";"3,2";"3,0";"2,5";"2,2";"2,7";"3,2";"2,5";"3,0";"2,9";"4,1"
"Roraima";"65 anos ou mais";"4,9";"4,3";"5,4";"5,9";"5,2";"5,2";"4,9";"5,7";"6,2";"6,1"
"Pará";"0 a 4 anos";"8,4";"8,2";"8,5";"7,4";"8,4";"7,5";"8,1";"7,3";"8,3";"7,1"
"Pará";"5 a 13 anos";"15,7";"14,5";"15,2";"14,2";"15,3";"14,3";"15,0";"14,2";"14,7";"15,5"
"Pará";"5 a 9 anos";"8,9";"7,9";"8,0";"8,0";"8,5";"8,1";"8,4";"7,8";"8,3";"8,8"
"Pará";"10 a 13 anos";"6,8";"6,6";"7,2";"6,1";"6,8";"6,2";"6,6";"6,5";"6,5";"6,8"
"Pará";"14 a 17 anos";"7,7";"7,1";"8,0";"7,6";"7,5";"6,8";"7,6";"7,3";"7,3";"6,4"
"Pará";"14 a 15 anos";"3,6";"3,3";"4,2";"3,9";"3,8";"3,4";"3,8";"3,5";"3,5";"3,3"
"Pará";"16 a 17 anos";"4,1";"3,8";"3,8";"3,7";"3,7";"3,4";"3,8";"3,8";"3,8";"3,2"
"Pará";"18 a 19 anos";"3,8";"3,1";"3,9";"4,1";"3,5";"2,9";"3,1";"3,5";"3,6";"3,5"
"Pará";"20 a 24 anos";"9,4";"8,2";"9,0";"9,0";"8,3";"8,8";"8,8";"9,1";"9,4";"8,7"
"Pará";"25 a 29 anos";"9,2";"9,6";"8,0";"8,6";"8,5";"8,9";"8,3";"7,8";"8,1";"8,0"
"Pará";"30 a 39 anos";"15,5";"15,9";"15,7";"15,4";"16,3";"16,6";"15,8";"16,0";"14,1";"15,6"
"Pará";"40 a 49 anos";"12,3";"13,1";"13,0";"13,4";"12,8";"13,0";"13,7";"13,4";"14,3";"14,1"
"Pará";"50 a 59 anos";"9,0";"9,3";"9,2";"9,7";"9,2";"9,6";"9,4";"9,5";"9,6";"9,5"
"Pará";"60 anos ou mais";"8,9";"11,0";"9,7";"10,8";"10,1";"11,7";"10,2";"11,8";"10,7";"11,5"
"Pará";"60 a 64 anos";"2,9";"3,6";"3,1";"3,6";"3,2";"3,9";"3,4";"3,9";"3,6";"3,3"
"Pará";"65 anos ou mais";"6,0";"7,4";"6,6";"7,2";"6,9";"7,8";"6,8";"7,9";"7,1";"8,2"
"Amapá";"0 a 4 anos";"10,9";"9,2";"10,5";"8,5";"6,0";"6,6";"8,9";"8,8";"6,4";"6,8"
"Amapá";"5 a 13 anos";"13,9";"16,1";"15,1";"14,2";"14,7";"12,9";"18,0";"16,4";"17,2";"13,9"
"Amapá";"5 a 9 anos";"8,7";"10,5";"8,6";"8,3";"9,1";"7,3";"9,9";"9,4";"8,2";"7,9"
"Amapá";"10 a 13 anos";"5,2";"5,6";"6,6";"5,8";"5,6";"5,6";"8,1";"7,0";"9,1";"6,0"
"Amapá";"14 a 17 anos";"5,9";"8,3";"7,5";"7,1";"7,5";"7,3";"6,6";"5,3";"6,7";"6,8"
"Amapá";"14 a 15 anos";"3,1";"5,7";"4,1";"3,4";"3,7";"2,9";"3,5";"2,7";"3,1";"3,5"
"Amapá";"16 a 17 anos";"2,8";"2,6";"3,5";"3,8";"3,8";"4,4";"3,1";"2,6";"3,7";"3,3"
"Amapá";"18 a 19 anos";"3,2";"3,8";"4,2";"3,3";"3,4";"3,7";"3,6";"2,8";"3,2";"2,7"
"Amapá";"20 a 24 anos";"11,2";"9,0";"9,6";"9,0";"10,4";"12,0";"8,5";"10,9";"9,6";"9,1"
"Amapá";"25 a 29 anos";"10,0";"8,2";"9,1";"10,2";"10,8";"8,6";"8,9";"8,1";"9,0";"9,2"
"Amapá";"30 a 39 anos";"18,4";"17,0";"15,0";"16,9";"15,2";"13,6";"15,3";"15,4";"14,5";"16,2"
"Amapá";"40 a 49 anos";"11,7";"11,6";"12,6";"12,2";"11,8";"14,0";"12,5";"12,4";"12,9";"14,1"
"Amapá";"50 a 59 anos";"7,2";"7,4";"8,1";"8,8";"10,5";"10,9";"9,4";"9,6";"10,8";"10,3"
"Amapá";"60 anos ou mais";"7,7";"9,4";"8,2";"9,7";"9,8";"10,4";"8,4";"10,2";"9,6";"10,8"
"Amapá";"60 a 64 anos";"3,4";"3,1";"3,2";"3,7";"3,5";"3,3";"2,2";"3,0";"2,9";"4,4"
"Amapá";"65 anos ou mais";"4,3";"6,2";"5,0";"6,0";"6,3";"7,1";"6,2";"7,2";"6,6";"6,4"
"Tocantins";"0 a 4 anos";"9,3";"7,7";"6,7";"7,6";"7,3";"8,1";"7,5";"6,6";"6,9";"7,4"
"Tocantins";"5 a 13 anos";"13,5";"13,7";"13,4";"13,1";"15,1";"14,6";"12,9";"12,8";"14,4";"12,7"
"Tocantins";"5 a 9 anos";"7,7";"7,9";"7,2";"6,9";"8,6";"8,2";"7,0";"6,9";"8,2";"6,9"
"Tocantins";"10 a 13 anos";"5,8";"5,8";"6,2";"6,2";"6,5";"6,4";"5,9";"5,9";"6,1";"5,9"
"Tocantins";"14 a 17 anos";"6,2";"6,9";"7,2";"7,5";"6,7";"6,4";"7,4";"6,0";"5,7";"5,6"
"Tocantins";"14 a 15 anos";"2,9";"3,8";"3,3";"3,7";"3,2";"2,7";"3,7";"2,8";"2,7";"3,1"
"Tocantins";"16 a 17 anos";"3,4";"3,0";"3,9";"3,9";"3,5";"3,7";"3,7";"3,2";"3,0";"2,5"
"Tocantins";"18 a 19 anos";"2,8";"3,5";"3,1";"3,4";"3,0";"3,1";"3,2";"2,9";"3,4";"3,2"
"Tocantins";"20 a 24 anos";"7,6";"7,9";"9,8";"9,1";"8,0";"6,8";"8,2";"9,3";"8,4";"9,3"
"Tocantins";"25 a 29 anos";"9,0";"8,2";"8,3";"7,7";"8,2";"7,2";"8,1";"9,1";"8,7";"7,6"
"Tocantins";"30 a 39 anos";"15,9";"15,8";"14,4";"15,8";"15,9";"16,8";"16,4";"14,9";"15,4";"15,1"
"Tocantins";"40 a 49 anos";"13,3";"13,5";"14,5";"13,7";"13,5";"14,0";"13,5";"14,0";"13,4";"15,6"
"Tocantins";"50 a 59 anos";"9,9";"10,1";"10,8";"9,7";"10,3";"10,9";"10,9";"11,9";"11,1";"10,2"
"Tocantins";"60 anos ou mais";"12,4";"12,7";"11,8";"12,4";"12,0";"12,0";"11,8";"12,4";"12,5";"13,2"
"Tocantins";"60 a 64 anos";"3,6";"3,3";"3,9";"3,6";"3,9";"3,6";"3,7";"4,4";"4,0";"3,9"
"Tocantins";"65 anos ou mais";"8,8";"9,4";"7,9";"8,8";"8,2";"8,4";"8,1";"8,0";"8,5";"9,3"
"Maranhão";"0 a 4 anos";"8,0";"7,8";"7,7";"7,3";"7,9";"7,3";"7,3";"7,5";"7,8";"6,8"
"Maranhão";"5 a 13 anos";"17,1";"15,1";"16,6";"14,1";"15,1";"14,4";"15,5";"14,6";"14,9";"13,6"
"Maranhão";"5 a 9 anos";"9,3";"7,7";"9,0";"7,6";"8,3";"7,5";"8,6";"8,0";"8,3";"7,6"
"Maranhão";"10 a 13 anos";"7,8";"7,3";"7,6";"6,6";"6,8";"6,8";"6,9";"6,6";"6,6";"5,9"
"Maranhão";"14 a 17 anos";"8,8";"7,4";"8,4";"7,4";"7,5";"7,3";"7,3";"6,9";"6,7";"6,5"
"Maranhão";"14 a 15 anos";"4,3";"3,8";"4,4";"3,8";"3,5";"3,5";"3,7";"3,5";"3,5";"3,4"
"Maranhão";"16 a 17 anos";"4,5";"3,7";"4,0";"3,7";"4,0";"3,8";"3,6";"3,5";"3,2";"3,2"
"Maranhão";"18 a 19 anos";"3,9";"3,4";"4,0";"3,5";"3,5";"3,6";"3,8";"3,1";"3,5";"3,6"
"Maranhão";"20 a 24 anos";"8,7";"8,9";"7,8";"8,5";"8,3";"8,8";"8,5";"8,0";"8,0";"8,1"
"Maranhão";"25 a 29 anos";"7,6";"7,9";"7,4";"7,5";"8,1";"7,4";"7,5";"7,6";"7,8";"7,6"
"Maranhão";"30 a 39 anos";"15,5";"15,4";"15,1";"16,1";"15,5";"15,6";"15,9";"15,8";"15,0";"15,3"
"Maranhão";"40 a 49 anos";"12,3";"13,7";"13,0";"13,3";"13,6";"14,2";"12,8";"13,0";"14,4";"14,0"
"Maranhão";"50 a 59 anos";"8,1";"8,8";"8,9";"9,5";"9,2";"9,2";"9,1";"9,9";"9,8";"10,2"
"Maranhão";"60 anos ou mais";"10,0";"11,6";"11,0";"12,8";"11,3";"12,2";"12,3";"13,6";"12,2";"14,4"
"Maranhão";"60 a 64 anos";"3,5";"3,5";"3,5";"3,9";"3,7";"3,7";"3,8";"4,2";"3,6";"4,4"
"Maranhão";"65 anos ou mais";"6,5";"8,1";"7,6";"8,9";"7,6";"8,5";"8,5";"9,4";"8,6";"10,1"
"Piauí";"0 a 4 anos";"7,3";"6,8";"7,7";"5,7";"6,9";"6,2";"7,5";"6,2";"6,3";"6,3"
"Piauí";"5 a 13 anos";"13,5";"14,0";"14,1";"13,8";"13,0";"12,2";"13,8";"12,5";"13,7";"12,2"
"Piauí";"5 a 9 anos";"7,2";"7,4";"7,4";"8,0";"6,9";"7,0";"8,0";"6,9";"7,5";"6,6"
"Piauí";"10 a 13 anos";"6,4";"6,6";"6,7";"5,8";"6,1";"5,3";"5,8";"5,6";"6,3";"5,6"
"Piauí";"14 a 17 anos";"7,3";"6,2";"7,1";"6,1";"6,4";"6,0";"6,7";"5,8";"6,3";"5,3"
"Piauí";"14 a 15 anos";"3,9";"3,3";"3,3";"3,0";"3,0";"2,9";"3,4";"2,7";"3,3";"3,0"
"Piauí";"16 a 17 anos";"3,4";"2,9";"3,8";"3,1";"3,4";"3,1";"3,3";"3,1";"3,0";"2,3"
"Piauí";"18 a 19 anos";"3,0";"2,8";"3,3";"2,5";"2,9";"3,1";"2,9";"3,3";"2,9";"3,0"
"Piauí";"20 a 24 anos";"10,0";"7,6";"7,8";"8,4";"9,0";"8,0";"6,6";"7,8";"8,2";"7,5"
"Piauí";"25 a 29 anos";"7,8";"7,4";"7,3";"7,2";"7,9";"7,0";"9,3";"8,0";"6,9";"6,1"
"Piauí";"30 a 39 anos";"14,7";"14,7";"15,6";"15,2";"15,7";"15,2";"15,4";"15,5";"14,4";"14,9"
"Piauí";"40 a 49 anos";"12,5";"13,2";"14,5";"14,7";"13,6";"14,3";"13,7";"13,9";"14,9";"15,3"
"Piauí";"50 a 59 anos";"10,4";"11,8";"10,2";"11,0";"11,2";"11,9";"10,1";"10,6";"11,4";"11,9"
"Piauí";"60 anos ou mais";"13,5";"15,6";"12,4";"15,4";"13,5";"16,1";"13,9";"16,5";"15,0";"17,3"
"Piauí";"60 a 64 anos";"4,4";"5,5";"3,7";"4,7";"4,0";"4,7";"4,1";"5,2";"4,6";"4,4"
"Piauí";"65 anos ou mais";"9,1";"10,0";"8,7";"10,7";"9,5";"11,3";"9,8";"11,2";"10,3";"12,9"
"Ceará";"0 a 4 anos";"6,9";"6,6";"6,4";"6,5";"7,2";"6,2";"6,7";"5,6";"6,8";"5,5"
"Ceará";"5 a 13 anos";"13,8";"14,0";"13,1";"11,7";"13,7";"12,0";"13,5";"11,4";"13,8";"11,5"
"Ceará";"5 a 9 anos";"7,6";"7,2";"7,0";"6,3";"7,5";"6,6";"7,3";"6,0";"7,8";"6,3"
"Ceará";"10 a 13 anos";"6,2";"6,8";"6,1";"5,4";"6,2";"5,4";"6,2";"5,4";"6,1";"5,1"
"Ceará";"14 a 17 anos";"6,8";"6,4";"6,4";"6,3";"6,4";"5,6";"6,2";"5,5";"6,4";"5,6"
"Ceará";"14 a 15 anos";"3,4";"3,0";"3,1";"3,0";"3,0";"2,9";"3,0";"2,5";"3,1";"2,8"
"Ceará";"16 a 17 anos";"3,5";"3,4";"3,3";"3,3";"3,4";"2,7";"3,2";"3,0";"3,3";"2,9"
"Ceará";"18 a 19 anos";"3,0";"2,6";"3,3";"2,7";"3,1";"2,5";"2,8";"2,7";"3,0";"2,8"
"Ceará";"20 a 24 anos";"8,9";"7,7";"8,7";"7,3";"8,2";"7,1";"8,4";"7,2";"7,7";"7,1"
"Ceará";"25 a 29 anos";"8,0";"9,0";"8,5";"7,9";"8,1";"7,8";"8,0";"7,4";"7,5";"8,0"
"Ceará";"30 a 39 anos";"15,8";"14,8";"16,2";"15,2";"15,8";"16,7";"15,3";"15,0";"15,3";"15,7"
"Ceará";"40 a 49 anos";"14,8";"13,7";"12,8";"14,0";"13,8";"13,7";"13,5";"14,7";"13,4";"14,2"
"Ceará";"50 a 59 anos";"9,5";"11,1";"11,0";"12,0";"10,5";"12,1";"10,9";"12,4";"11,0";"12,1"
"Ceará";"60 anos ou mais";"12,5";"14,2";"13,7";"16,2";"13,3";"16,1";"14,7";"18,2";"15,1";"17,7"
"Ceará";"60 a 64 anos";"3,7";"3,8";"3,9";"4,9";"4,3";"4,5";"5,1";"5,6";"4,9";"4,9"
"Ceará";"65 anos ou mais";"8,8";"10,4";"9,8";"11,3";"9,0";"11,5";"9,6";"12,7";"10,2";"12,7"
"Rio Grande do Norte";"0 a 4 anos";"6,9";"5,4";"6,9";"6,1";"7,0";"6,9";"5,4";"5,5";"7,1";"5,0"
"Rio Grande do Norte";"5 a 13 anos";"13,2";"13,4";"13,6";"11,8";"13,2";"12,3";"13,7";"11,4";"11,7";"11,1"
"Rio Grande do Norte";"5 a 9 anos";"7,3";"7,6";"7,1";"6,6";"7,7";"6,4";"7,9";"6,1";"7,0";"6,0"
"Rio Grande do Norte";"10 a 13 anos";"5,9";"5,8";"6,5";"5,2";"5,5";"5,9";"5,8";"5,3";"4,7";"5,1"
"Rio Grande do Norte";"14 a 17 anos";"6,2";"5,7";"6,0";"5,5";"7,2";"6,0";"5,6";"6,0";"6,6";"5,1"
"Rio Grande do Norte";"14 a 15 anos";"3,3";"3,0";"3,0";"2,8";"3,3";"3,5";"3,0";"2,9";"3,2";"2,3"
"Rio Grande do Norte";"16 a 17 anos";"2,9";"2,7";"3,0";"2,7";"4,0";"2,5";"2,6";"3,1";"3,4";"2,8"
"Rio Grande do Norte";"18 a 19 anos";"2,9";"3,5";"3,7";"2,9";"3,1";"2,5";"3,0";"2,4";"2,9";"2,9"
"Rio Grande do Norte";"20 a 24 anos";"8,3";"7,1";"7,2";"7,3";"7,0";"7,1";"7,5";"7,2";"7,2";"7,9"
"Rio Grande do Norte";"25 a 29 anos";"8,7";"8,7";"9,0";"8,2";"8,3";"7,7";"7,5";"6,5";"8,0";"7,0"
"Rio Grande do Norte";"30 a 39 anos";"15,3";"15,8";"16,1";"15,9";"15,8";"15,5";"16,1";"15,2";"15,1";"15,1"
"Rio Grande do Norte";"40 a 49 anos";"15,3";"14,1";"13,3";"13,6";"13,3";"13,8";"15,0";"16,4";"14,2";"14,9"
"Rio Grande do Norte";"50 a 59 anos";"11,1";"11,2";"10,7";"12,2";"11,2";"11,7";"11,3";"12,1";"11,7";"11,9"
"Rio Grande do Norte";"60 anos ou mais";"12,1";"15,1";"13,5";"16,5";"13,9";"16,5";"14,7";"17,3";"15,5";"19,1"
"Rio Grande do Norte";"60 a 64 anos";"4,2";"5,0";"4,6";"4,1";"4,2";"4,2";"5,0";"4,9";"4,9";"5,3"
"Rio Grande do Norte";"65 anos ou mais";"7,9";"10,1";"8,9";"12,4";"9,6";"12,3";"9,7";"12,3";"10,6";"13,8"
"Paraíba";"0 a 4 anos";"7,5";"7,0";"7,1";"7,2";"7,0";"6,4";"7,4";"6,3";"6,6";"6,7"
"Paraíba";"5 a 13 anos";"13,2";"13,4";"13,9";"12,9";"14,3";"13,0";"13,6";"11,9";"14,0";"12,9"
"Paraíba";"5 a 9 anos";"7,7";"6,4";"7,8";"7,0";"7,7";"7,3";"7,6";"6,5";"7,6";"6,6"
"Paraíba";"10 a 13 anos";"5,5";"7,0";"6,1";"6,0";"6,6";"5,7";"6,1";"5,4";"6,4";"6,3"
"Paraíba";"14 a 17 anos";"7,4";"5,6";"6,8";"5,9";"6,1";"5,2";"6,5";"6,1";"6,8";"5,6"
"Paraíba";"14 a 15 anos";"3,4";"3,4";"3,4";"3,0";"3,2";"2,5";"3,3";"3,1";"3,2";"2,6"
"Paraíba";"16 a 17 anos";"4,0";"2,3";"3,4";"2,9";"2,9";"2,7";"3,2";"3,1";"3,6";"2,9"
"Paraíba";"18 a 19 anos";"3,0";"2,8";"3,4";"2,8";"2,9";"2,6";"3,3";"2,4";"3,2";"3,1"
"Paraíba";"20 a 24 anos";"8,0";"8,1";"8,4";"7,6";"7,9";"7,5";"8,3";"7,6";"8,0";"7,1"
"Paraíba";"25 a 29 anos";"8,3";"8,2";"7,8";"8,1";"6,6";"7,8";"7,6";"7,7";"7,8";"7,0"
"Paraíba";"30 a 39 anos";"15,6";"15,1";"15,2";"15,0";"16,9";"15,7";"15,5";"15,2";"14,9";"15,0"
"Paraíba";"40 a 49 anos";"13,1";"13,7";"15,8";"15,0";"14,5";"14,8";"13,9";"15,3";"15,1";"14,7"
"Paraíba";"50 a 59 anos";"12,1";"11,1";"9,8";"10,3";"10,5";"11,3";"10,3";"11,2";"10,8";"11,7"
"Paraíba";"60 anos ou mais";"11,9";"15,0";"11,8";"15,2";"13,3";"15,7";"13,6";"16,3";"12,9";"16,0"
"Paraíba";"60 a 64 anos";"4,1";"4,5";"3,5";"4,2";"4,3";"4,4";"4,0";"4,8";"4,6";"4,7"
"Paraíba";"65 anos ou mais";"7,8";"10,6";"8,3";"11,0";"9,1";"11,3";"9,6";"11,4";"8,3";"11,3"
"Pernambuco";"0 a 4 anos";"7,5";"7,1";"7,3";"6,6";"7,5";"6,3";"6,4";"6,0";"6,1";"5,2"
"Pernambuco";"5 a 13 anos";"14,0";"13,1";"14,2";"11,9";"14,2";"11,8";"14,0";"12,0";"14,3";"12,5"
"Pernambuco";"5 a 9 anos";"8,0";"7,0";"7,5";"6,7";"8,0";"6,7";"7,8";"7,0";"7,5";"6,8"
"Pernambuco";"10 a 13 anos";"5,9";"6,1";"6,7";"5,1";"6,1";"5,2";"6,2";"5,1";"6,7";"5,7"
"Pernambuco";"14 a 17 anos";"6,7";"5,8";"6,3";"5,9";"6,9";"5,6";"6,5";"5,1";"6,7";"5,2"
"Pernambuco";"14 a 15 anos";"3,3";"2,8";"3,2";"2,9";"3,6";"2,8";"3,1";"2,6";"3,1";"2,4"
"Pernambuco";"16 a 17 anos";"3,4";"3,1";"3,2";"2,9";"3,3";"2,8";"3,4";"2,5";"3,6";"2,8"
"Pernambuco";"18 a 19 anos";"3,7";"3,7";"3,0";"3,0";"3,0";"3,0";"3,0";"2,8";"2,9";"2,7"
"Pernambuco";"20 a 24 anos";"9,5";"7,1";"7,9";"7,9";"8,2";"7,5";"7,9";"7,7";"7,5";"6,7"
"Pernambuco";"25 a 29 anos";"7,5";"7,8";"7,6";"7,3";"7,6";"7,5";"7,5";"7,7";"7,2";"6,6"
"Pernambuco";"30 a 39 anos";"15,7";"17,2";"14,8";"15,5";"15,4";"15,8";"15,8";"15,0";"15,1";"15,5"
"Pernambuco";"40 a 49 anos";"14,3";"13,4";"15,2";"14,9";"13,1";"14,6";"14,5";"14,4";"15,0";"15,3"
"Pernambuco";"50 a 59 anos";"9,8";"11,3";"10,6";"11,4";"10,7";"12,2";"11,2";"12,7";"10,7";"11,7"
"Pernambuco";"60 anos ou mais";"11,3";"13,5";"13,1";"15,9";"13,4";"15,6";"13,3";"16,5";"14,4";"18,6"
"Pernambuco";"60 a 64 anos";"3,6";"4,1";"4,2";"4,6";"4,3";"4,5";"4,6";"5,2";"4,5";"5,7"
"Pernambuco";"65 anos ou mais";"7,8";"9,4";"8,8";"11,2";"9,1";"11,1";"8,7";"11,3";"9,9";"12,9"
"Alagoas";"0 a 4 anos";"8,2";"8,1";"8,3";"7,7";"8,0";"7,5";"7,3";"6,4";"7,6";"6,4"
"Alagoas";"5 a 13 anos";"15,3";"13,2";"14,6";"13,1";"14,3";"12,4";"15,3";"13,5";"15,1";"13,3"
"Alagoas";"5 a 9 anos";"8,3";"7,2";"8,0";"7,2";"8,4";"6,7";"7,8";"7,4";"8,2";"7,3"
"Alagoas";"10 a 13 anos";"7,0";"6,0";"6,7";"6,0";"5,9";"5,7";"7,5";"6,1";"6,9";"6,0"
"Alagoas";"14 a 17 anos";"6,7";"6,2";"6,6";"6,5";"6,4";"6,2";"6,6";"6,4";"6,9";"5,8"
"Alagoas";"14 a 15 anos";"3,3";"2,9";"3,2";"3,7";"3,0";"3,2";"3,3";"3,1";"3,2";"2,6"
"Alagoas";"16 a 17 anos";"3,4";"3,3";"3,4";"2,8";"3,5";"3,1";"3,3";"3,3";"3,7";"3,1"
"Alagoas";"18 a 19 anos";"4,2";"3,5";"3,9";"3,2";"3,9";"3,1";"3,9";"3,0";"3,4";"3,1"
"Alagoas";"20 a 24 anos";"8,3";"8,4";"9,3";"9,1";"9,3";"8,8";"8,5";"7,8";"7,8";"7,6"
"Alagoas";"25 a 29 anos";"8,1";"8,0";"7,8";"8,4";"8,3";"8,0";"7,5";"8,0";"7,9";"7,4"
"Alagoas";"30 a 39 anos";"16,0";"15,9";"15,0";"15,0";"14,6";"15,3";"14,5";"14,7";"14,6";"15,6"
"Alagoas";"40 a 49 anos";"13,4";"13,6";"13,8";"13,6";"14,0";"15,1";"13,9";"14,3";"13,7";"14,5"
"Alagoas";"50 a 59 anos";"9,4";"10,7";"10,0";"10,0";"9,6";"10,5";"10,7";"11,5";"10,6";"11,2"
"Alagoas";"60 anos ou mais";"10,3";"12,3";"10,8";"13,3";"11,6";"13,3";"11,8";"14,3";"12,4";"15,2"
"Alagoas";"60 a 64 anos";"3,6";"3,5";"3,4";"4,3";"3,7";"4,1";"4,4";"4,7";"4,0";"4,9"
"Alagoas";"65 anos ou mais";"6,7";"8,8";"7,3";"9,1";"7,8";"9,2";"7,5";"9,6";"8,3";"10,4"
"Sergipe";"0 a 4 anos";"6,5";"7,0";"7,4";"7,6";"7,5";"6,7";"7,6";"5,7";"6,5";"5,5"
"Sergipe";"5 a 13 anos";"14,9";"13,3";"15,7";"12,7";"14,5";"13,1";"14,1";"13,7";"14,2";"12,2"
"Sergipe";"5 a 9 anos";"8,0";"6,5";"9,3";"7,2";"8,5";"7,9";"7,9";"8,0";"7,4";"6,5"
"Sergipe";"10 a 13 anos";"7,0";"6,8";"6,5";"5,5";"5,9";"5,2";"6,2";"5,8";"6,8";"5,6"
"Sergipe";"14 a 17 anos";"6,6";"6,6";"6,5";"6,5";"7,3";"6,2";"6,2";"6,1";"6,8";"5,6"
"Sergipe";"14 a 15 anos";"3,5";"3,4";"3,4";"3,3";"3,9";"3,0";"2,8";"2,5";"3,6";"2,8"
"Sergipe";"16 a 17 anos";"3,1";"3,2";"3,2";"3,3";"3,4";"3,2";"3,4";"3,6";"3,2";"2,8"
"Sergipe";"18 a 19 anos";"3,6";"2,9";"3,8";"2,9";"2,8";"2,9";"3,6";"2,6";"3,4";"3,5"
"Sergipe";"20 a 24 anos";"9,9";"9,3";"8,0";"9,2";"9,6";"7,4";"8,4";"7,9";"7,1";"6,7"
"Sergipe";"25 a 29 anos";"8,5";"9,1";"8,5";"8,1";"7,2";"8,3";"9,5";"8,3";"8,0";"7,8"
"Sergipe";"30 a 39 anos";"16,1";"15,2";"15,4";"15,0";"15,2";"15,4";"16,1";"16,7";"14,5";"16,4"
"Sergipe";"40 a 49 anos";"11,9";"14,3";"13,9";"14,1";"13,8";"14,9";"13,1";"13,8";"15,0";"15,2"
"Sergipe";"50 a 59 anos";"12,2";"11,7";"10,6";"10,6";"10,5";"11,2";"10,2";"11,6";"11,1";"11,4"
"Sergipe";"60 anos ou mais";"9,8";"10,7";"10,2";"13,3";"11,6";"13,8";"11,1";"13,6";"13,4";"15,5"
"Sergipe";"60 a 64 anos";"3,3";"3,6";"3,8";"4,4";"4,3";"4,3";"3,8";"4,4";"4,4";"5,1"
"Sergipe";"65 anos ou mais";"6,5";"7,1";"6,4";"8,9";"7,3";"9,6";"7,3";"9,2";"9,0";"10,4"
"Bahia";"0 a 4 anos";"6,8";"6,3";"7,0";"6,5";"6,8";"5,8";"6,2";"5,8";"6,0";"5,1"
"Bahia";"5 a 13 anos";"14,1";"11,9";"13,1";"12,7";"14,0";"12,8";"12,7";"11,8";"13,0";"12,0"
"Bahia";"5 a 9 anos";"7,7";"6,7";"7,1";"7,1";"7,8";"7,1";"7,0";"6,4";"7,1";"6,7"
"Bahia";"10 a 13 anos";"6,4";"5,1";"6,0";"5,7";"6,2";"5,8";"5,7";"5,4";"5,9";"5,3"
"Bahia";"14 a 17 anos";"7,2";"5,4";"6,8";"5,2";"6,9";"5,9";"6,4";"5,6";"6,0";"5,7"
"Bahia";"14 a 15 anos";"3,3";"2,8";"3,3";"2,6";"3,4";"2,9";"3,4";"2,5";"2,8";"2,7"
"Bahia";"16 a 17 anos";"3,9";"2,6";"3,4";"2,6";"3,5";"3,0";"3,0";"3,1";"3,2";"2,9"
"Bahia";"18 a 19 anos";"2,9";"3,0";"3,1";"3,2";"3,1";"2,8";"3,2";"2,9";"3,0";"2,9"
"Bahia";"20 a 24 anos";"7,9";"8,0";"7,4";"6,9";"7,7";"7,7";"7,9";"7,7";"8,1";"6,9"
"Bahia";"25 a 29 anos";"7,8";"7,9";"8,2";"7,8";"7,1";"7,4";"7,7";"7,3";"7,0";"8,0"
"Bahia";"30 a 39 anos";"15,6";"15,8";"15,4";"16,4";"14,3";"15,2";"14,5";"14,8";"14,5";"14,6"
"Bahia";"40 a 49 anos";"13,7";"14,4";"14,8";"14,0";"15,3";"15,0";"14,9";"15,3";"15,4";"15,3"
"Bahia";"50 a 59 anos";"10,7";"11,5";"11,0";"11,1";"11,1";"11,2";"11,6";"12,1";"11,4";"12,1"
"Bahia";"60 anos ou mais";"13,2";"15,9";"13,2";"16,2";"13,7";"16,1";"14,9";"16,8";"15,6";"17,5"
"Bahia";"60 a 64 anos";"3,8";"3,6";"4,3";"4,7";"4,4";"4,5";"4,6";"4,7";"4,5";"4,8"
"Bahia";"65 anos ou mais";"9,4";"12,2";"8,9";"11,5";"9,2";"11,6";"10,2";"12,2";"11,1";"12,7"
"Minas Gerais";"0 a 4 anos";"7,0";"6,3";"6,7";"6,2";"6,3";"6,3";"6,0";"6,0";"6,2";"5,6"
"Minas Gerais";"5 a 13 anos";"12,5";"11,1";"12,1";"11,5";"12,1";"11,0";"11,8";"11,1";"12,0";"11,1"
"Minas Gerais";"5 a 9 anos";"7,1";"6,2";"6,8";"6,3";"6,5";"6,4";"6,5";"6,3";"6,6";"6,4"
"Minas Gerais";"10 a 13 anos";"5,3";"4,9";"5,3";"5,2";"5,6";"4,6";"5,3";"4,8";"5,3";"4,7"
"Minas Gerais";"14 a 17 anos";"5,9";"5,5";"6,0";"5,2";"5,4";"5,0";"5,4";"5,2";"5,5";"4,7"
"Minas Gerais";"14 a 15 anos";"2,9";"2,9";"2,9";"2,4";"2,6";"2,5";"2,4";"2,7";"2,9";"2,2"
"Minas Gerais";"16 a 17 anos";"3,0";"2,6";"3,1";"2,8";"2,8";"2,5";"3,0";"2,5";"2,6";"2,5"
"Minas Gerais";"18 a 19 anos";"2,9";"2,4";"2,9";"2,4";"2,9";"2,7";"2,8";"2,7";"2,8";"2,6"
"Minas Gerais";"20 a 24 anos";"7,7";"7,5";"8,3";"7,6";"7,5";"7,3";"8,1";"7,3";"7,3";"6,8"
"Minas Gerais";"25 a 29 anos";"7,6";"7,6";"7,6";"7,1";"8,1";"7,5";"7,5";"7,8";"7,7";"7,6"
"Minas Gerais";"30 a 39 anos";"16,7";"16,1";"16,1";"15,2";"16,0";"15,4";"15,5";"14,8";"15,3";"15,2"
"Minas Gerais";"40 a 49 anos";"14,4";"14,9";"14,7";"15,3";"14,9";"14,7";"15,4";"15,1";"14,8";"15,4"
"Minas Gerais";"50 a 59 anos";"11,3";"12,1";"11,4";"12,0";"11,7";"12,5";"12,1";"11,8";"12,4";"12,1"
"Minas Gerais";"60 anos ou mais";"13,9";"16,5";"14,1";"17,4";"15,1";"17,6";"15,4";"18,2";"16,1";"18,9"
"Minas Gerais";"60 a 64 anos";"4,7";"4,9";"4,5";"5,5";"4,8";"5,2";"4,5";"5,0";"4,9";"5,2"
"Minas Gerais";"65 anos ou mais";"9,2";"11,6";"9,6";"11,9";"10,3";"12,3";"10,9";"13,3";"11,3";"13,7"
"Espírito Santo";"0 a 4 anos";"7,3";"7,9";"8,0";"6,8";"7,3";"6,6";"7,1";"5,8";"6,4";"5,7"
"Espírito Santo";"5 a 13 anos";"13,8";"12,0";"13,4";"12,1";"12,3";"12,2";"12,8";"12,2";"12,5";"11,5"
"Espírito Santo";"5 a 9 anos";"7,7";"6,7";"8,0";"7,1";"6,9";"7,2";"6,8";"7,2";"6,6";"6,2"
"Espírito Santo";"10 a 13 anos";"6,0";"5,3";"5,5";"5,0";"5,4";"4,9";"6,0";"5,0";"5,9";"5,2"
"Espírito Santo";"14 a 17 anos";"6,1";"5,7";"5,8";"5,7";"5,1";"4,9";"5,7";"5,5";"6,0";"5,4"
"Espírito Santo";"14 a 15 anos";"3,0";"2,9";"2,7";"2,9";"2,5";"2,3";"3,1";"2,9";"3,2";"3,0"
"Espírito Santo";"16 a 17 anos";"3,1";"2,8";"3,1";"2,8";"2,7";"2,6";"2,5";"2,6";"2,9";"2,4"
"Espírito Santo";"18 a 19 anos";"3,0";"2,2";"2,6";"2,7";"3,0";"2,5";"2,7";"2,7";"2,5";"2,7"
"Espírito Santo";"20 a 24 anos";"7,2";"7,3";"7,6";"6,8";"7,4";"7,4";"7,6";"6,8";"7,1";"7,1"
"Espírito Santo";"25 a 29 anos";"7,5";"7,1";"6,9";"6,5";"7,6";"7,5";"7,5";"7,0";"8,3";"7,0"
"Espírito Santo";"30 a 39 anos";"17,6";"16,9";"16,0";"16,4";"17,5";"15,6";"15,7";"16,4";"14,2";"14,1"
"Espírito Santo";"40 a 49 anos";"13,4";"14,0";"14,3";"15,8";"13,7";"14,8";"15,1";"14,3";"15,8";"16,1"
"Espírito Santo";"50 a 59 anos";"11,2";"11,9";"11,3";"11,3";"11,3";"11,9";"10,9";"11,6";"10,8";"11,8"
"Espírito Santo";"60 anos ou mais";"12,9";"15,0";"14,0";"15,9";"14,8";"16,7";"15,1";"17,7";"16,3";"18,6"
"Espírito Santo";"60 a 64 anos";"4,2";"5,0";"4,8";"4,4";"4,6";"4,9";"4,5";"5,3";"4,8";"5,2"
"Espírito Santo";"65 anos ou mais";"8,7";"9,9";"9,3";"11,5";"10,2";"11,8";"10,6";"12,3";"11,5";"13,4"
"Rio de Janeiro";"0 a 4 anos";"5,4";"4,9";"6,1";"4,8";"5,7";"5,1";"5,2";"4,5";"5,4";"4,9"
"Rio de Janeiro";"5 a 13 anos";"11,9";"10,0";"11,2";"9,6";"12,2";"9,9";"12,3";"10,3";"11,8";"9,9"
"Rio de Janeiro";"5 a 9 anos";"6,1";"5,7";"6,3";"5,3";"6,9";"5,5";"6,5";"5,6";"6,0";"5,2"
"Rio de Janeiro";"10 a 13 anos";"5,7";"4,3";"5,0";"4,3";"5,3";"4,3";"5,7";"4,7";"5,8";"4,7"
"Rio de Janeiro";"14 a 17 anos";"5,0";"5,2";"5,4";"4,7";"5,1";"4,9";"5,5";"4,7";"5,3";"4,6"
"Rio de Janeiro";"14 a 15 anos";"2,4";"2,6";"2,7";"2,1";"2,6";"2,5";"2,8";"2,2";"2,7";"2,3"
"Rio de Janeiro";"16 a 17 anos";"2,6";"2,6";"2,7";"2,6";"2,5";"2,4";"2,7";"2,5";"2,5";"2,3"
"Rio de Janeiro";"18 a 19 anos";"2,7";"2,4";"2,7";"2,5";"2,5";"2,5";"2,6";"2,4";"2,4";"2,2"
"Rio de Janeiro";"20 a 24 anos";"7,8";"6,9";"8,2";"6,9";"7,2";"5,9";"7,2";"6,4";"6,7";"5,8"
"Rio de Janeiro";"25 a 29 anos";"8,0";"6,7";"7,7";"7,0";"7,7";"7,4";"7,0";"6,9";"7,5";"7,0"
"Rio de Janeiro";"30 a 39 anos";"15,3";"15,0";"15,1";"14,7";"14,8";"14,7";"14,6";"13,6";"15,2";"13,9"
"Rio de Janeiro";"40 a 49 anos";"14,2";"14,5";"14,8";"14,7";"15,0";"15,0";"15,3";"15,6";"15,1";"15,1"
"Rio de Janeiro";"50 a 59 anos";"13,2";"12,8";"11,9";"13,4";"12,6";"13,4";"12,8";"13,3";"12,8";"13,4"
"Rio de Janeiro";"60 anos ou mais";"16,3";"21,6";"16,9";"21,6";"17,1";"21,2";"17,6";"22,3";"17,8";"23,2"
"Rio de Janeiro";"60 a 64 anos";"4,7";"6,5";"5,5";"6,0";"5,4";"5,8";"5,7";"6,3";"5,8";"6,5"
"Rio de Janeiro";"65 anos ou mais";"11,6";"15,1";"11,4";"15,5";"11,6";"15,4";"11,9";"16,0";"12,0";"16,6"
"São Paulo";"0 a 4 anos";"6,6";"5,5";"6,3";"5,6";"5,8";"5,1";"6,1";"5,2";"5,4";"5,1"
"São Paulo";"5 a 13 anos";"11,7";"10,7";"12,4";"10,8";"11,8";"10,8";"12,0";"10,4";"11,6";"10,7"
"São Paulo";"5 a 9 anos";"6,5";"6,1";"6,8";"5,8";"6,6";"5,9";"6,7";"5,6";"6,4";"5,7"
"São Paulo";"10 a 13 anos";"5,2";"4,6";"5,5";"5,0";"5,2";"5,0";"5,3";"4,8";"5,1";"4,9"
"São Paulo";"14 a 17 anos";"5,4";"5,2";"5,1";"4,7";"5,6";"4,8";"5,6";"4,9";"5,3";"4,8"
"São Paulo";"14 a 15 anos";"2,7";"2,7";"2,6";"2,3";"2,7";"2,5";"2,8";"2,7";"2,6";"2,3"
"São Paulo";"16 a 17 anos";"2,7";"2,5";"2,5";"2,4";"2,9";"2,3";"2,8";"2,2";"2,7";"2,6"
"São Paulo";"18 a 19 anos";"3,2";"2,7";"2,8";"2,6";"2,9";"2,5";"2,7";"2,2";"2,8";"2,3"
"São Paulo";"20 a 24 anos";"8,0";"7,8";"7,5";"7,1";"7,6";"6,8";"7,0";"6,5";"7,4";"6,8"
"São Paulo";"25 a 29 anos";"7,8";"7,0";"8,0";"7,9";"8,1";"7,0";"8,3";"7,1";"8,0";"7,2"
"São Paulo";"30 a 39 anos";"15,7";"15,6";"16,4";"15,4";"15,4";"15,1";"15,7";"15,6";"16,3";"15,1"
"São Paulo";"40 a 49 anos";"14,9";"14,8";"14,2";"14,7";"15,1";"15,5";"15,1";"15,6";"16,0";"15,6"
"São Paulo";"50 a 59 anos";"11,6";"12,7";"12,2";"12,8";"12,2";"12,6";"11,9";"13,0";"11,6";"13,0"
"São Paulo";"60 anos ou mais";"15,1";"18,0";"15,1";"18,3";"15,3";"19,7";"15,7";"19,6";"15,6";"19,4"
"São Paulo";"60 a 64 anos";"5,1";"5,4";"5,0";"5,3";"5,1";"6,0";"5,1";"5,4";"4,9";"5,7"
"São Paulo";"65 anos ou mais";"10,0";"12,6";"10,1";"13,0";"10,2";"13,7";"10,7";"14,2";"10,7";"13,7"
"Paraná";"0 a 4 anos";"7,2";"6,4";"6,6";"6,2";"5,8";"6,2";"6,4";"5,9";"6,1";"6,1"
"Paraná";"5 a 13 anos";"12,8";"12,2";"12,9";"11,7";"12,4";"11,8";"12,1";"12,4";"12,5";"10,8"
"Paraná";"5 a 9 anos";"7,2";"7,1";"7,3";"6,3";"7,2";"6,6";"7,1";"7,0";"6,9";"6,1"
"Paraná";"10 a 13 anos";"5,6";"5,2";"5,6";"5,3";"5,2";"5,2";"5,0";"5,3";"5,5";"4,7"
"Paraná";"14 a 17 anos";"6,1";"5,5";"5,9";"5,3";"5,6";"5,3";"5,2";"4,9";"5,2";"5,1"
"Paraná";"14 a 15 anos";"3,2";"2,8";"2,8";"2,4";"2,9";"2,7";"2,6";"2,3";"2,5";"2,6"
"Paraná";"16 a 17 anos";"2,9";"2,7";"3,1";"3,0";"2,8";"2,6";"2,6";"2,6";"2,8";"2,4"
"Paraná";"18 a 19 anos";"3,1";"2,8";"2,8";"2,7";"3,0";"2,9";"2,8";"2,6";"2,5";"2,5"
"Paraná";"20 a 24 anos";"7,6";"6,9";"8,1";"8,0";"8,3";"7,1";"7,9";"6,9";"8,3";"7,2"
"Paraná";"25 a 29 anos";"7,7";"7,7";"8,4";"7,9";"8,0";"7,9";"7,8";"7,8";"8,3";"7,8"
"Paraná";"30 a 39 anos";"16,0";"15,5";"15,7";"15,6";"16,2";"14,8";"15,5";"15,2";"15,7";"14,6"
"Paraná";"40 a 49 anos";"14,5";"14,6";"14,5";"13,9";"14,4";"14,7";"14,6";"13,8";"14,4";"15,0"
"Paraná";"50 a 59 anos";"11,9";"12,7";"11,6";"12,6";"11,7";"12,6";"12,1";"12,5";"12,1";"12,7"
"Paraná";"60 anos ou mais";"13,1";"15,6";"13,5";"16,1";"14,5";"16,8";"15,5";"18,1";"14,9";"18,4"
"Paraná";"60 a 64 anos";"4,2";"5,0";"4,2";"5,1";"4,7";"4,9";"4,5";"5,4";"4,8";"5,6"
"Paraná";"65 anos ou mais";"8,9";"10,6";"9,2";"11,0";"9,8";"11,8";"11,0";"12,7";"10,1";"12,8"
"Santa Catarina";"0 a 4 anos";"6,6";"6,8";"6,7";"6,3";"6,6";"6,6";"5,8";"5,8";"6,2";"5,4"
"Santa Catarina";"5 a 13 anos";"12,4";"11,0";"12,0";"12,0";"11,9";"11,2";"12,5";"11,1";"12,4";"11,4"
"Santa Catarina";"5 a 9 anos";"6,8";"6,4";"6,9";"7,2";"6,8";"6,4";"7,1";"6,6";"7,2";"6,4"
"Santa Catarina";"10 a 13 anos";"5,6";"4,6";"5,1";"4,8";"5,1";"4,8";"5,4";"4,5";"5,2";"5,0"
"Santa Catarina";"14 a 17 anos";"5,5";"5,2";"5,3";"5,2";"5,3";"4,9";"5,2";"4,9";"5,1";"4,8"
"Santa Catarina";"14 a 15 anos";"2,5";"2,6";"2,8";"2,4";"2,7";"2,6";"2,6";"2,4";"2,6";"2,4"
"Santa Catarina";"16 a 17 anos";"2,9";"2,6";"2,5";"2,8";"2,6";"2,3";"2,7";"2,5";"2,5";"2,4"
"Santa Catarina";"18 a 19 anos";"2,3";"2,2";"3,1";"2,8";"2,6";"2,6";"2,4";"2,5";"2,2";"2,8"
"Santa Catarina";"20 a 24 anos";"7,2";"6,9";"8,3";"7,5";"8,0";"7,5";"7,9";"7,1";"7,3";"6,4"
"Santa Catarina";"25 a 29 anos";"8,2";"8,1";"8,2";"7,6";"9,2";"8,4";"8,6";"8,4";"8,0";"7,9"
"Santa Catarina";"30 a 39 anos";"17,0";"16,4";"16,5";"16,6";"17,5";"16,9";"17,2";"16,4";"17,0";"16,1"
"Santa Catarina";"40 a 49 anos";"14,7";"14,4";"14,3";"14,5";"14,2";"13,5";"15,4";"15,1";"15,1";"15,1"
"Santa Catarina";"50 a 59 anos";"12,2";"12,4";"12,1";"12,0";"11,5";"12,1";"10,9";"11,7";"11,7";"12,5"
"Santa Catarina";"60 anos ou mais";"14,0";"16,6";"13,4";"15,7";"13,3";"16,3";"14,2";"17,0";"14,9";"17,6"
"Santa Catarina";"60 a 64 anos";"5,0";"5,5";"4,6";"4,9";"4,5";"5,2";"5,0";"5,7";"5,2";"5,2"
"Santa Catarina";"65 anos ou mais";"9,0";"11,1";"8,9";"10,8";"8,7";"11,1";"9,2";"11,3";"9,7";"12,4"
"Rio Grande do Sul";"0 a 4 anos";"6,5";"5,8";"5,7";"5,6";"6,2";"5,7";"5,5";"5,6";"5,8";"5,3"
"Rio Grande do Sul";"5 a 13 anos";"11,5";"10,5";"11,4";"11,2";"12,2";"11,2";"11,9";"11,3";"11,9";"10,3"
"Rio Grande do Sul";"5 a 9 anos";"6,6";"5,8";"6,9";"6,3";"6,8";"6,3";"6,9";"6,4";"6,5";"5,6"
"Rio Grande do Sul";"10 a 13 anos";"4,9";"4,7";"4,5";"4,9";"5,4";"5,0";"5,1";"4,9";"5,4";"4,7"
"Rio Grande do Sul";"14 a 17 anos";"5,2";"4,8";"5,6";"4,3";"5,2";"4,8";"5,1";"4,9";"5,1";"4,6"
"Rio Grande do Sul";"14 a 15 anos";"2,6";"2,5";"2,7";"2,2";"2,5";"2,5";"2,5";"2,5";"2,7";"2,3"
"Rio Grande do Sul";"16 a 17 anos";"2,6";"2,2";"2,9";"2,1";"2,7";"2,3";"2,6";"2,3";"2,4";"2,3"
"Rio Grande do Sul";"18 a 19 anos";"2,7";"2,3";"2,5";"2,5";"2,6";"2,0";"2,5";"2,3";"2,2";"2,2"
"Rio Grande do Sul";"20 a 24 anos";"7,0";"6,8";"7,3";"6,4";"7,5";"6,9";"6,9";"5,8";"6,7";"6,0"
"Rio Grande do Sul";"25 a 29 anos";"7,7";"7,3";"7,4";"6,7";"6,7";"7,1";"7,1";"6,9";"8,1";"7,7"
"Rio Grande do Sul";"30 a 39 anos";"16,6";"15,8";"15,3";"15,3";"15,3";"15,1";"15,2";"14,9";"14,9";"14,2"
"Rio Grande do Sul";"40 a 49 anos";"13,2";"13,1";"14,6";"14,2";"15,0";"14,1";"15,2";"14,9";"14,0";"14,4"
"Rio Grande do Sul";"50 a 59 anos";"13,0";"13,0";"12,4";"12,9";"11,8";"12,3";"13,2";"12,6";"12,4";"12,4"
"Rio Grande do Sul";"60 anos ou mais";"16,5";"20,6";"17,8";"20,9";"17,5";"20,7";"17,4";"20,9";"19,0";"23,1"
"Rio Grande do Sul";"60 a 64 anos";"5,5";"6,1";"5,9";"6,3";"5,1";"6,0";"5,6";"6,2";"5,8";"6,6"
"Rio Grande do Sul";"65 anos ou mais";"11,0";"14,5";"12,0";"14,7";"12,3";"14,8";"11,8";"14,6";"13,1";"16,5"
"Mato Grosso do Sul";"0 a 4 anos";"9,6";"8,6";"8,7";"7,4";"8,3";"6,4";"7,4";"7,0";"6,4";"6,3"
"Mato Grosso do Sul";"5 a 13 anos";"14,8";"13,4";"13,5";"12,5";"13,9";"13,1";"14,3";"13,3";"14,2";"13,0"
"Mato Grosso do Sul";"5 a 9 anos";"9,3";"7,8";"8,2";"7,5";"7,3";"7,7";"7,8";"7,8";"8,0";"7,2"
"Mato Grosso do Sul";"10 a 13 anos";"5,5";"5,6";"5,3";"5,0";"6,6";"5,4";"6,6";"5,5";"6,1";"5,8"
"Mato Grosso do Sul";"14 a 17 anos";"6,2";"5,6";"6,0";"6,3";"5,9";"6,0";"6,3";"6,3";"5,7";"5,6"
"Mato Grosso do Sul";"14 a 15 anos";"3,2";"2,9";"3,2";"3,2";"3,0";"2,8";"3,3";"2,8";"2,8";"2,9"
"Mato Grosso do Sul";"16 a 17 anos";"3,0";"2,7";"2,8";"3,1";"2,9";"3,2";"3,0";"3,5";"2,9";"2,7"
"Mato Grosso do Sul";"18 a 19 anos";"2,9";"2,5";"2,5";"2,6";"3,0";"3,4";"2,9";"2,8";"3,0";"2,6"
"Mato Grosso do Sul";"20 a 24 anos";"7,5";"7,5";"8,1";"7,0";"7,5";"7,3";"7,9";"7,6";"7,2";"7,1"
"Mato Grosso do Sul";"25 a 29 anos";"8,2";"8,2";"7,8";"8,3";"7,9";"8,0";"7,6";"7,0";"8,3";"7,8"
"Mato Grosso do Sul";"30 a 39 anos";"16,7";"16,8";"16,4";"16,4";"15,4";"16,5";"15,8";"16,5";"14,1";"15,2"
"Mato Grosso do Sul";"40 a 49 anos";"13,6";"13,9";"13,7";"14,0";"13,9";"14,3";"14,1";"14,2";"15,4";"14,3"
"Mato Grosso do Sul";"50 a 59 anos";"8,9";"10,4";"11,5";"12,1";"11,0";"11,4";"11,0";"10,8";"11,8";"12,2"
"Mato Grosso do Sul";"60 anos ou mais";"11,6";"13,1";"11,8";"13,5";"13,0";"13,7";"12,6";"14,5";"14,0";"15,9"
"Mato Grosso do Sul";"60 a 64 anos";"3,9";"4,6";"4,3";"4,3";"4,2";"3,9";"4,4";"4,8";"4,9";"4,9"
"Mato Grosso do Sul";"65 anos ou mais";"7,7";"8,5";"7,5";"9,2";"8,8";"9,8";"8,2";"9,7";"9,1";"11,1"
"Mato Grosso";"0 a 4 anos";"8,2";"8,3";"7,8";"7,8";"8,8";"7,2";"7,8";"7,2";"8,1";"8,0"
"Mato Grosso";"5 a 13 anos";"15,0";"13,3";"15,3";"14,2";"13,2";"12,5";"14,0";"13,8";"14,0";"12,9"
"Mato Grosso";"5 a 9 anos";"8,3";"7,1";"9,0";"9,1";"7,6";"6,9";"7,9";"7,9";"7,8";"7,3"
"Mato Grosso";"10 a 13 anos";"6,7";"6,2";"6,3";"5,1";"5,5";"5,6";"6,1";"5,9";"6,2";"5,6"
"Mato Grosso";"14 a 17 anos";"5,9";"6,0";"6,2";"6,2";"5,8";"6,8";"6,4";"5,8";"6,0";"5,8"
"Mato Grosso";"14 a 15 anos";"2,9";"3,2";"2,9";"3,1";"2,8";"3,4";"3,1";"2,8";"3,2";"2,7"
"Mato Grosso";"16 a 17 anos";"2,9";"2,7";"3,3";"3,0";"3,0";"3,4";"3,3";"3,0";"2,8";"3,1"
"Mato Grosso";"18 a 19 anos";"2,8";"2,8";"3,0";"3,0";"3,1";"2,6";"2,7";"2,7";"2,9";"2,9"
"Mato Grosso";"20 a 24 anos";"8,2";"7,9";"8,4";"7,3";"7,3";"8,2";"7,9";"8,6";"7,2";"8,1"
"Mato Grosso";"25 a 29 anos";"8,5";"8,4";"8,6";"8,1";"8,9";"9,1";"8,4";"9,9";"9,7";"7,6"
"Mato Grosso";"30 a 39 anos";"16,3";"16,3";"16,3";"17,0";"16,5";"15,6";"17,1";"15,7";"16,0";"16,9"
"Mato Grosso";"40 a 49 anos";"13,9";"15,2";"13,3";"14,3";"14,7";"14,6";"15,5";"14,8";"13,7";"14,8"
"Mato Grosso";"50 a 59 anos";"10,4";"10,1";"10,2";"10,3";"10,6";"10,6";"10,4";"10,5";"10,5";"10,4"
"Mato Grosso";"60 anos ou mais";"10,8";"11,7";"10,9";"11,7";"11,2";"12,8";"9,8";"11,0";"11,7";"12,6"
"Mato Grosso";"60 a 64 anos";"4,3";"3,8";"3,7";"4,1";"3,6";"3,8";"3,4";"3,9";"3,7";"3,8"
"Mato Grosso";"65 anos ou mais";"6,5";"7,9";"7,2";"7,7";"7,5";"9,0";"6,4";"7,0";"8,0";"8,9"
"Goiás";"0 a 4 anos";"7,5";"6,8";"6,5";"6,3";"6,7";"5,8";"7,1";"6,4";"6,3";"6,0"
"Goiás";"5 a 13 anos";"13,3";"11,5";"12,8";"12,6";"13,3";"11,8";"13,3";"12,7";"12,8";"12,4"
"Goiás";"5 a 9 anos";"7,2";"6,3";"7,4";"7,4";"7,5";"6,6";"7,5";"7,3";"7,1";"6,8"
"Goiás";"10 a 13 anos";"6,1";"5,2";"5,4";"5,2";"5,8";"5,2";"5,9";"5,3";"5,7";"5,6"
"Goiás";"14 a 17 anos";"5,5";"6,2";"6,2";"5,9";"6,0";"5,8";"5,8";"5,1";"6,0";"4,9"
"Goiás";"14 a 15 anos";"2,6";"3,2";"3,1";"2,8";"3,0";"2,8";"2,9";"2,4";"2,7";"2,5"
"Goiás";"16 a 17 anos";"2,9";"3,0";"3,0";"3,1";"3,0";"3,0";"2,9";"2,7";"3,2";"2,5"
"Goiás";"18 a 19 anos";"3,2";"2,9";"3,0";"2,8";"3,0";"2,8";"2,7";"2,9";"3,2";"2,8"
"Goiás";"20 a 24 anos";"8,4";"7,7";"8,7";"7,4";"8,9";"8,0";"8,5";"7,2";"8,1";"8,0"
"Goiás";"25 a 29 anos";"8,3";"7,7";"8,8";"8,3";"7,8";"8,7";"8,5";"8,9";"8,3";"7,7"
"Goiás";"30 a 39 anos";"15,7";"15,9";"16,7";"15,5";"17,1";"15,2";"17,2";"15,8";"16,1";"16,1"
"Goiás";"40 a 49 anos";"14,4";"14,5";"14,4";"15,6";"14,1";"14,8";"14,3";"15,1";"14,1";"14,5"
"Goiás";"50 a 59 anos";"10,9";"12,3";"11,0";"12,1";"10,6";"11,9";"10,2";"11,5";"12,0";"11,8"
"Goiás";"60 anos ou mais";"12,8";"14,5";"11,9";"13,4";"12,4";"15,2";"12,4";"14,4";"13,1";"15,7"
"Goiás";"60 a 64 anos";"4,0";"4,6";"3,8";"4,4";"4,2";"5,2";"4,4";"4,9";"4,5";"5,2"
"Goiás";"65 anos ou mais";"8,8";"9,9";"8,1";"9,0";"8,3";"10,0";"8,0";"9,5";"8,6";"10,4"
"Distrito Federal";"0 a 4 anos";"7,4";"6,1";"7,5";"5,7";"5,7";"5,6";"6,2";"5,5";"5,5";"5,3"
"Distrito Federal";"5 a 13 anos";"12,4";"12,2";"13,1";"11,9";"12,9";"11,0";"13,1";"11,8";"12,1";"11,3"
"Distrito Federal";"5 a 9 anos";"7,3";"7,6";"7,7";"6,8";"6,9";"6,6";"7,4";"6,9";"6,7";"6,0"
"Distrito Federal";"10 a 13 anos";"5,1";"4,6";"5,4";"5,1";"6,0";"4,3";"5,8";"4,9";"5,4";"5,3"
"Distrito Federal";"14 a 17 anos";"6,2";"5,9";"6,5";"6,1";"5,2";"5,0";"6,3";"6,0";"7,6";"5,2"
"Distrito Federal";"14 a 15 anos";"2,7";"3,4";"2,9";"2,9";"2,8";"2,2";"3,4";"3,1";"3,6";"2,7"
"Distrito Federal";"16 a 17 anos";"3,5";"2,6";"3,6";"3,2";"2,4";"2,8";"3,0";"2,9";"4,0";"2,5"
"Distrito Federal";"18 a 19 anos";"3,5";"3,5";"3,0";"2,8";"2,8";"3,6";"2,6";"2,6";"3,2";"3,3"
"Distrito Federal";"20 a 24 anos";"9,3";"7,6";"9,6";"8,8";"8,9";"7,2";"8,6";"7,4";"8,7";"7,3"
"Distrito Federal";"25 a 29 anos";"9,0";"8,7";"8,2";"7,9";"7,9";"8,1";"9,6";"7,8";"8,8";"7,4"
"Distrito Federal";"30 a 39 anos";"17,2";"16,2";"15,8";"17,1";"17,7";"15,5";"14,7";"15,7";"15,6";"14,7"
"Distrito Federal";"40 a 49 anos";"14,3";"15,3";"15,5";"16,6";"16,4";"17,9";"16,0";"16,3";"14,8";"16,9"
"Distrito Federal";"50 a 59 anos";"11,4";"12,4";"10,0";"11,3";"10,8";"12,1";"10,9";"12,2";"11,5";"13,2"
"Distrito Federal";"60 anos ou mais";"9,3";"12,1";"10,6";"11,7";"11,6";"14,1";"12,0";"14,7";"12,1";"15,6"
"Distrito Federal";"60 a 64 anos";"3,0";"3,5";"4,2";"3,6";"3,9";"4,7";"4,2";"4,1";"4,2";"4,4"
"Distrito Federal";"65 anos ou mais";"6,3";"8,6";"6,4";"8,1";"7,6";"9,4";"7,7";"10,7";"7,9";"11,2"
"Porto Velho (RO)";"0 a 4 anos";"7,5";"7,1";"6,7";"7,7";"6,1";"3,9";"5,7";"4,9";"6,4";"4,4"
"Porto Velho (RO)";"5 a 13 anos";"16,2";"13,3";"15,1";"13,1";"9,6";"11,9";"13,5";"10,1";"14,5";"14,3"
"Porto Velho (RO)";"5 a 9 anos";"8,9";"6,6";"8,8";"6,7";"5,9";"6,2";"7,6";"6,5";"7,9";"8,4"
"Porto Velho (RO)";"10 a 13 anos";"7,3";"6,6";"6,3";"6,4";"3,8";"5,7";"5,8";"3,6";"6,5";"6,0"
"Porto Velho (RO)";"14 a 17 anos";"6,5";"7,3";"7,6";"4,9";"6,5";"6,9";"7,9";"4,7";"5,3";"6,1"
"Porto Velho (RO)";"14 a 15 anos";"3,1";"4,1";"3,5";"2,4";"2,8";"4,1";"4,8";"2,1";"2,3";"3,6"
"Porto Velho (RO)";"16 a 17 anos";"3,4";"3,2";"4,2";"2,5";"3,7";"2,8";"3,1";"2,6";"2,9";"2,5"
"Porto Velho (RO)";"18 a 19 anos";"2,3";"3,3";"2,7";"3,1";"3,5";"2,0";"2,8";"3,4";"3,1";"2,7"
"Porto Velho (RO)";"20 a 24 anos";"9,4";"8,5";"9,4";"10,0";"8,0";"6,7";"7,2";"8,1";"9,0";"7,0"
"Porto Velho (RO)";"25 a 29 anos";"9,6";"7,2";"6,7";"7,8";"9,6";"8,5";"8,5";"9,3";"8,0";"6,0"
"Porto Velho (RO)";"30 a 39 anos";"17,1";"16,8";"18,6";"15,1";"17,0";"14,9";"16,5";"14,6";"15,7";"16,8"
"Porto Velho (RO)";"40 a 49 anos";"12,6";"15,9";"14,0";"15,1";"14,2";"12,6";"14,7";"14,3";"15,2";"17,1"
"Porto Velho (RO)";"50 a 59 anos";"8,5";"10,4";"8,6";"10,9";"12,0";"13,5";"10,1";"12,8";"9,9";"11,9"
"Porto Velho (RO)";"60 anos ou mais";"10,4";"10,2";"10,6";"12,2";"13,5";"19,1";"13,1";"17,7";"12,8";"13,7"
"Porto Velho (RO)";"60 a 64 anos";"4,2";"3,5";"4,5";"4,0";"3,8";"6,7";"5,2";"6,1";"5,1";"5,4"
"Porto Velho (RO)";"65 anos ou mais";"6,1";"6,7";"6,1";"8,2";"9,7";"12,4";"8,0";"11,6";"7,7";"8,4"
"Rio Branco (AC)";"0 a 4 anos";"9,0";"6,2";"8,3";"6,5";"7,3";"7,8";"7,6";"7,1";"8,2";"6,6"
"Rio Branco (AC)";"5 a 13 anos";"16,6";"13,5";"16,2";"14,2";"15,2";"14,9";"14,3";"14,8";"15,2";"14,2"
"Rio Branco (AC)";"5 a 9 anos";"9,6";"7,2";"9,1";"7,9";"8,4";"7,8";"7,9";"8,0";"8,4";"7,7"
"Rio Branco (AC)";"10 a 13 anos";"7,0";"6,3";"7,1";"6,3";"6,7";"7,1";"6,4";"6,8";"6,8";"6,5"
"Rio Branco (AC)";"14 a 17 anos";"7,1";"6,8";"7,2";"6,5";"7,2";"6,7";"7,3";"5,3";"6,1";"5,8"
"Rio Branco (AC)";"14 a 15 anos";"3,9";"2,7";"3,9";"3,7";"3,6";"3,2";"3,2";"2,5";"2,9";"3,3"
"Rio Branco (AC)";"16 a 17 anos";"3,2";"4,1";"3,3";"2,8";"3,7";"3,6";"4,1";"2,8";"3,2";"2,5"
"Rio Branco (AC)";"18 a 19 anos";"4,3";"3,4";"4,0";"3,0";"3,9";"3,6";"4,6";"4,0";"3,5";"3,4"
"Rio Branco (AC)";"20 a 24 anos";"10,0";"9,6";"8,8";"9,0";"10,1";"8,2";"9,6";"8,2";"9,3";"9,5"
"Rio Branco (AC)";"25 a 29 anos";"9,0";"9,3";"9,2";"8,1";"6,8";"8,3";"9,4";"8,2";"8,6";"7,9"
"Rio Branco (AC)";"30 a 39 anos";"14,6";"16,7";"16,2";"17,7";"15,3";"15,3";"13,7";"15,0";"15,2";"16,6"
"Rio Branco (AC)";"40 a 49 anos";"12,7";"14,2";"12,9";"13,8";"14,6";"15,6";"14,3";"14,2";"14,4";"14,2"
"Rio Branco (AC)";"50 a 59 anos";"8,7";"9,9";"8,2";"9,6";"8,6";"9,5";"8,7";"10,5";"9,7";"11,3"
"Rio Branco (AC)";"60 anos ou mais";"7,9";"10,3";"8,9";"11,4";"10,9";"10,1";"10,5";"12,7";"9,9";"10,6"
"Rio Branco (AC)";"60 a 64 anos";"2,5";"2,9";"2,7";"3,3";"3,5";"2,8";"3,2";"4,0";"3,4";"3,5"
"Rio Branco (AC)";"65 anos ou mais";"5,4";"7,3";"6,2";"8,1";"7,4";"7,3";"7,3";"8,7";"6,5";"7,1"
"Manaus (AM)";"0 a 4 anos";"6,3";"6,5";"8,2";"7,4";"8,2";"6,1";"7,9";"5,7";"6,1";"7,2"
"Manaus (AM)";"5 a 13 anos";"15,9";"12,7";"15,7";"13,6";"14,9";"13,5";"13,6";"12,9";"16,3";"12,7"
"Manaus (AM)";"5 a 9 anos";"10,3";"7,3";"8,9";"7,5";"8,0";"7,4";"7,0";"6,4";"8,6";"7,3"
"Manaus (AM)";"10 a 13 anos";"5,6";"5,4";"6,9";"6,2";"6,9";"6,1";"6,6";"6,4";"7,7";"5,4"
"Manaus (AM)";"14 a 17 anos";"8,1";"5,5";"6,2";"4,8";"7,2";"7,2";"6,6";"5,7";"6,6";"5,6"
"Manaus (AM)";"14 a 15 anos";"4,4";"2,2";"2,9";"2,2";"3,6";"2,5";"2,9";"2,5";"3,1";"2,8"
"Manaus (AM)";"16 a 17 anos";"3,7";"3,3";"3,3";"2,7";"3,6";"4,7";"3,7";"3,2";"3,5";"2,8"
"Manaus (AM)";"18 a 19 anos";"3,6";"3,2";"3,8";"3,6";"3,5";"3,0";"3,2";"3,2";"3,6";"3,6"
"Manaus (AM)";"20 a 24 anos";"8,3";"9,2";"9,0";"8,6";"9,0";"9,4";"9,2";"8,3";"7,9";"7,6"
"Manaus (AM)";"25 a 29 anos";"9,5";"8,7";"9,3";"8,4";"8,9";"8,2";"8,3";"9,5";"8,0";"8,4"
"Manaus (AM)";"30 a 39 anos";"16,1";"16,6";"16,1";"17,7";"15,5";"15,8";"17,0";"16,2";"17,2";"16,4"
"Manaus (AM)";"40 a 49 anos";"12,8";"15,5";"14,7";"15,1";"14,9";"16,0";"13,6";"14,1";"14,3";"15,1"
"Manaus (AM)";"50 a 59 anos";"10,6";"10,3";"9,0";"10,2";"9,8";"9,6";"10,3";"11,2";"9,7";"10,6"
"Manaus (AM)";"60 anos ou mais";"8,8";"11,7";"7,9";"10,4";"8,1";"11,3";"10,2";"13,2";"10,2";"12,9"
"Manaus (AM)";"60 a 64 anos";"3,5";"3,9";"2,8";"3,5";"2,8";"3,6";"3,4";"5,3";"4,1";"3,9"
"Manaus (AM)";"65 anos ou mais";"5,3";"7,8";"5,1";"6,9";"5,4";"7,6";"6,8";"7,9";"6,0";"9,0"
"Boa Vista (RR)";"0 a 4 anos";"11,3";"8,7";"10,5";"8,1";"8,3";"9,3";"8,5";"7,2";"8,0";"7,5"
"Boa Vista (RR)";"5 a 13 anos";"15,5";"15,3";"16,4";"14,0";"17,1";"14,6";"18,1";"16,2";"14,3";"14,1"
"Boa Vista (RR)";"5 a 9 anos";"9,1";"9,8";"9,9";"8,8";"9,5";"8,6";"10,5";"8,8";"8,5";"7,5"
"Boa Vista (RR)";"10 a 13 anos";"6,3";"5,5";"6,5";"5,2";"7,6";"6,0";"7,6";"7,4";"5,8";"6,6"
"Boa Vista (RR)";"14 a 17 anos";"5,2";"7,0";"6,3";"6,9";"5,8";"5,9";"7,4";"6,2";"6,9";"5,3"
"Boa Vista (RR)";"14 a 15 anos";"3,0";"3,3";"2,9";"3,7";"3,2";"3,2";"3,9";"3,8";"3,7";"2,3"
"Boa Vista (RR)";"16 a 17 anos";"2,2";"3,7";"3,3";"3,2";"2,6";"2,7";"3,6";"2,4";"3,3";"3,0"
"Boa Vista (RR)";"18 a 19 anos";"4,0";"3,9";"3,1";"4,6";"3,4";"3,0";"4,7";"5,0";"3,2";"3,2"
"Boa Vista (RR)";"20 a 24 anos";"11,9";"9,8";"10,4";"10,0";"10,1";"8,5";"9,6";"9,3";"9,3";"8,6"
"Boa Vista (RR)";"25 a 29 anos";"9,5";"9,2";"8,9";"10,8";"8,4";"10,1";"8,0";"8,3";"10,2";"8,9"
"Boa Vista (RR)";"30 a 39 anos";"18,4";"17,5";"15,9";"17,0";"17,5";"17,3";"16,3";"17,5";"17,0";"18,8"
"Boa Vista (RR)";"40 a 49 anos";"10,4";"13,1";"14,3";"12,3";"12,3";"13,3";"13,8";"13,7";"14,0";"12,1"
"Boa Vista (RR)";"50 a 59 anos";"6,7";"8,5";"7,8";"8,4";"9,9";"9,4";"7,7";"8,2";"8,9";"11,3"
"Boa Vista (RR)";"60 anos ou mais";"7,0";"6,9";"6,4";"7,9";"7,3";"8,6";"5,9";"8,3";"8,2";"10,1"
"Boa Vista (RR)";"60 a 64 anos";"3,0";"3,2";"1,9";"2,0";"2,7";"3,2";"2,1";"2,8";"2,4";"4,2"
"Boa Vista (RR)";"65 anos ou mais";"4,0";"3,8";"4,5";"5,8";"4,6";"5,3";"3,8";"5,6";"5,9";"6,0"
"Belém (PA)";"0 a 4 anos";"6,4";"5,8";"6,2";"5,1";"6,0";"5,8";"5,0";"3,9";"5,0";"4,2"
"Belém (PA)";"5 a 13 anos";"12,4";"10,9";"13,3";"9,2";"12,2";"9,9";"10,8";"10,2";"13,4";"10,9"
"Belém (PA)";"5 a 9 anos";"7,4";"6,6";"7,5";"6,3";"6,5";"5,7";"5,6";"5,5";"7,6";"6,0"
"Belém (PA)";"10 a 13 anos";"5,0";"4,3";"5,8";"2,9";"5,7";"4,2";"5,2";"4,6";"5,8";"4,9"
"Belém (PA)";"14 a 17 anos";"6,4";"5,2";"5,4";"5,1";"5,3";"4,3";"7,3";"5,2";"7,0";"3,9"
"Belém (PA)";"14 a 15 anos";"2,6";"2,2";"3,2";"2,4";"2,6";"2,3";"3,8";"2,3";"3,2";"1,7"
"Belém (PA)";"16 a 17 anos";"3,8";"3,0";"2,3";"2,6";"2,7";"2,0";"3,6";"2,9";"3,7";"2,2"
"Belém (PA)";"18 a 19 anos";"4,4";"2,3";"3,0";"2,2";"3,5";"2,9";"3,3";"3,3";"3,1";"2,7"
"Belém (PA)";"20 a 24 anos";"8,0";"7,0";"9,9";"9,0";"8,2";"7,8";"8,9";"7,4";"8,7";"6,4"
"Belém (PA)";"25 a 29 anos";"7,1";"8,2";"7,5";"7,9";"8,3";"7,5";"7,4";"5,9";"9,1";"7,3"
"Belém (PA)";"30 a 39 anos";"14,8";"17,0";"16,3";"14,6";"16,0";"16,2";"14,8";"13,7";"13,5";"14,8"
"Belém (PA)";"40 a 49 anos";"15,4";"14,6";"13,3";"14,7";"13,2";"14,4";"14,4";"16,9";"15,2";"17,3"
"Belém (PA)";"50 a 59 anos";"12,3";"11,9";"12,9";"13,5";"13,0";"13,4";"14,6";"14,0";"13,2";"12,6"
"Belém (PA)";"60 anos ou mais";"12,7";"17,1";"12,1";"18,8";"14,2";"17,8";"13,4";"19,5";"11,9";"19,8"
"Belém (PA)";"60 a 64 anos";"4,7";"5,7";"3,9";"5,1";"4,5";"5,4";"5,1";"6,2";"5,0";"5,6"
"Belém (PA)";"65 anos ou mais";"8,1";"11,5";"8,2";"13,7";"9,8";"12,4";"8,4";"13,3";"7,0";"14,3"
"Macapá (AP)";"0 a 4 anos";"8,0";"10,6";"9,5";"8,6";"3,7";"5,5";"8,7";"8,5";"5,1";"6,7"
"Macapá (AP)";"5 a 13 anos";"13,5";"12,7";"13,5";"13,0";"14,1";"10,9";"16,3";"15,0";"15,4";"13,3"
"Macapá (AP)";"5 a 9 anos";"8,9";"7,8";"8,1";"8,4";"9,2";"5,5";"8,9";"9,1";"7,2";"7,8"
"Macapá (AP)";"10 a 13 anos";"4,6";"4,9";"5,4";"4,6";"4,9";"5,4";"7,4";"5,9";"8,2";"5,4"
"Macapá (AP)";"14 a 17 anos";"6,2";"5,6";"7,7";"5,9";"7,3";"6,4";"5,5";"5,4";"6,0";"6,5"
"Macapá (AP)";"14 a 15 anos";"3,1";"3,2";"3,7";"3,2";"4,0";"2,2";"2,8";"2,8";"2,6";"3,4"
"Macapá (AP)";"16 a 17 anos";"3,1";"2,5";"4,0";"2,7";"3,4";"4,2";"2,6";"2,7";"3,5";"3,1"
"Macapá (AP)";"18 a 19 anos";"3,8";"3,8";"5,1";"3,0";"2,2";"3,8";"4,1";"3,2";"3,8";"2,4"
"Macapá (AP)";"20 a 24 anos";"12,4";"11,2";"10,5";"9,6";"12,1";"13,0";"8,9";"11,0";"9,8";"8,7"
"Macapá (AP)";"25 a 29 anos";"10,5";"8,6";"10,0";"9,6";"12,2";"9,0";"9,7";"8,1";"9,6";"9,8"
"Macapá (AP)";"30 a 39 anos";"15,2";"14,0";"13,9";"16,6";"15,7";"12,6";"15,3";"14,9";"16,4";"16,5"
"Macapá (AP)";"40 a 49 anos";"13,6";"13,3";"13,0";"13,3";"11,3";"15,4";"13,1";"13,1";"12,8";"13,8"
"Macapá (AP)";"50 a 59 anos";"8,6";"8,9";"8,6";"9,7";"11,7";"11,3";"10,0";"10,6";"11,7";"11,4"
"Macapá (AP)";"60 anos ou mais";"8,2";"11,2";"8,4";"10,7";"9,6";"12,1";"8,4";"10,1";"9,2";"11,0"
"Macapá (AP)";"60 a 64 anos";"3,4";"3,5";"3,2";"4,3";"3,3";"3,7";"2,7";"3,5";"3,6";"4,2"
"Macapá (AP)";"65 anos ou mais";"4,8";"7,7";"5,2";"6,4";"6,4";"8,3";"5,8";"6,6";"5,7";"6,8"
"Palmas (TO)";"0 a 4 anos";"12,3";"10,4";"7,8";"8,6";"6,0";"7,4";"7,8";"4,5";"7,3";"7,4"
"Palmas (TO)";"5 a 13 anos";"17,8";"10,6";"12,8";"9,9";"12,5";"12,4";"9,4";"10,7";"12,7";"11,8"
"Palmas (TO)";"5 a 9 anos";"10,1";"7,2";"7,8";"6,0";"7,4";"7,5";"5,3";"6,0";"7,9";"5,5"
"Palmas (TO)";"10 a 13 anos";"7,7";"3,3";"5,0";"3,9";"5,1";"4,8";"4,2";"4,7";"4,8";"6,2"
"Palmas (TO)";"14 a 17 anos";"4,9";"7,2";"4,9";"6,4";"6,0";"6,0";"7,3";"5,2";"5,6";"5,6"
"Palmas (TO)";"14 a 15 anos";"0,9";"4,2";"2,1";"4,6";"3,0";"3,1";"3,3";"2,3";"2,6";"2,9"
"Palmas (TO)";"16 a 17 anos";"4,0";"3,0";"2,8";"1,8";"3,0";"2,8";"3,9";"2,9";"3,0";"2,6"
"Palmas (TO)";"18 a 19 anos";"1,7";"3,7";"2,4";"1,8";"4,5";"3,5";"5,2";"3,8";"4,9";"3,8"
"Palmas (TO)";"20 a 24 anos";"6,6";"11,1";"10,5";"11,4";"9,6";"8,3";"10,4";"11,1";"10,8";"11,5"
"Palmas (TO)";"25 a 29 anos";"13,3";"10,1";"11,7";"11,1";"13,3";"9,9";"8,8";"11,9";"10,1";"8,0"
"Palmas (TO)";"30 a 39 anos";"18,9";"16,5";"17,2";"16,1";"18,9";"21,2";"19,2";"15,3";"17,9";"19,0"
"Palmas (TO)";"40 a 49 anos";"10,2";"12,7";"12,6";"16,3";"11,7";"12,3";"13,3";"15,8";"11,6";"16,4"
"Palmas (TO)";"50 a 59 anos";"6,6";"8,7";"12,4";"10,6";"8,9";"10,6";"10,8";"11,4";"9,6";"7,2"
"Palmas (TO)";"60 anos ou mais";"7,5";"9,1";"7,7";"7,7";"8,6";"8,5";"7,8";"10,2";"9,5";"9,5"
"Palmas (TO)";"60 a 64 anos";"2,0";"2,4";"2,3";"2,7";"2,6";"2,6";"2,9";"3,7";"3,0";"3,1"
"Palmas (TO)";"65 anos ou mais";"5,6";"6,7";"5,4";"5,0";"5,9";"5,8";"4,9";"6,5";"6,4";"6,3"
"São Luís (MA)";"0 a 4 anos";"5,6";"6,7";"6,0";"5,7";"5,1";"6,8";"6,4";"5,8";"6,4";"5,7"
"São Luís (MA)";"5 a 13 anos";"13,7";"12,4";"13,1";"8,1";"12,1";"10,9";"12,9";"11,5";"12,8";"10,2"
"São Luís (MA)";"5 a 9 anos";"8,8";"6,4";"7,3";"4,4";"6,9";"5,3";"7,3";"6,1";"7,1";"6,4"
"São Luís (MA)";"10 a 13 anos";"4,9";"6,0";"5,8";"3,7";"5,2";"5,6";"5,6";"5,4";"5,8";"3,8"
"São Luís (MA)";"14 a 17 anos";"8,7";"6,2";"6,8";"5,8";"6,4";"4,3";"6,0";"6,1";"6,5";"5,5"
"São Luís (MA)";"14 a 15 anos";"4,4";"2,4";"3,6";"2,7";"3,2";"2,0";"2,9";"2,7";"3,6";"2,8"
"São Luís (MA)";"16 a 17 anos";"4,3";"3,8";"3,2";"3,2";"3,2";"2,4";"3,2";"3,4";"2,9";"2,7"
"São Luís (MA)";"18 a 19 anos";"2,8";"2,5";"3,7";"2,2";"2,9";"3,2";"3,7";"3,4";"3,0";"4,0"
"São Luís (MA)";"20 a 24 anos";"8,9";"7,4";"8,1";"9,6";"9,7";"11,6";"9,5";"8,3";"9,8";"9,1"
"São Luís (MA)";"25 a 29 anos";"7,9";"7,4";"9,2";"8,3";"10,9";"6,7";"8,7";"7,9";"7,7";"7,4"
"São Luís (MA)";"30 a 39 anos";"17,7";"16,4";"17,6";"17,3";"16,9";"14,9";"18,7";"16,6";"15,5";"16,2"
"São Luís (MA)";"40 a 49 anos";"14,5";"15,6";"13,3";"15,1";"14,2";"16,4";"12,4";"14,3";"16,5";"14,4"
"São Luís (MA)";"50 a 59 anos";"10,7";"13,0";"9,8";"11,4";"9,5";"10,2";"9,6";"11,7";"9,4";"11,4"
"São Luís (MA)";"60 anos ou mais";"9,4";"12,3";"12,4";"16,4";"12,2";"15,0";"12,1";"14,4";"12,4";"16,1"
"São Luís (MA)";"60 a 64 anos";"3,8";"3,9";"4,0";"4,8";"4,4";"5,0";"4,6";"4,7";"3,6";"5,3"
"São Luís (MA)";"65 anos ou mais";"5,6";"8,3";"8,4";"11,6";"7,8";"10,0";"7,5";"9,7";"8,8";"10,7"
"Teresina (PI)";"0 a 4 anos";"7,3";"5,7";"7,3";"3,9";"6,6";"5,2";"6,5";"5,2";"6,3";"4,9"
"Teresina (PI)";"5 a 13 anos";"12,2";"10,8";"12,5";"10,9";"11,2";"11,4";"12,0";"10,8";"14,4";"11,4"
"Teresina (PI)";"5 a 9 anos";"6,4";"5,9";"6,1";"6,9";"5,5";"6,8";"6,3";"5,3";"7,4";"6,3"
"Teresina (PI)";"10 a 13 anos";"5,8";"4,9";"6,3";"4,0";"5,7";"4,5";"5,7";"5,5";"7,0";"5,1"
"Teresina (PI)";"14 a 17 anos";"6,9";"6,3";"5,6";"6,3";"6,2";"5,9";"6,0";"6,6";"6,1";"4,8"
"Teresina (PI)";"14 a 15 anos";"3,3";"4,1";"3,0";"3,2";"2,6";"3,3";"2,5";"2,7";"3,6";"2,6"
"Teresina (PI)";"16 a 17 anos";"3,6";"2,1";"2,6";"3,1";"3,6";"2,6";"3,4";"3,9";"2,6";"2,2"
"Teresina (PI)";"18 a 19 anos";"2,7";"2,0";"2,6";"2,3";"2,7";"2,7";"2,2";"3,2";"2,2";"3,2"
"Teresina (PI)";"20 a 24 anos";"12,0";"7,6";"10,1";"8,2";"8,7";"7,6";"7,0";"6,5";"7,3";"6,9"
"Teresina (PI)";"25 a 29 anos";"9,8";"7,3";"8,8";"6,4";"6,0";"7,4";"9,5";"7,0";"7,9";"7,1"
"Teresina (PI)";"30 a 39 anos";"13,8";"13,4";"15,9";"14,2";"17,7";"15,7";"15,9";"15,6";"15,0";"13,9"
"Teresina (PI)";"40 a 49 anos";"9,4";"13,1";"13,2";"16,2";"15,3";"13,9";"14,0";"14,9";"16,5";"17,6"
"Teresina (PI)";"50 a 59 anos";"12,6";"15,7";"11,4";"14,2";"12,1";"13,3";"11,8";"11,9";"11,3";"13,0"
"Teresina (PI)";"60 anos ou mais";"13,4";"18,1";"12,5";"17,5";"13,5";"17,0";"15,1";"18,2";"13,1";"17,3"
"Teresina (PI)";"60 a 64 anos";"4,7";"8,3";"4,4";"7,2";"4,7";"5,8";"4,7";"5,7";"4,9";"4,7"
"Teresina (PI)";"65 anos ou mais";"8,7";"9,8";"8,2";"10,3";"8,8";"11,3";"10,5";"12,5";"8,2";"12,6"
"Fortaleza (CE)";"0 a 4 anos";"6,3";"5,5";"6,2";"6,2";"7,4";"4,7";"5,8";"4,9";"6,5";"4,2"
"Fortaleza (CE)";"5 a 13 anos";"12,5";"13,6";"12,4";"11,3";"12,4";"10,0";"11,8";"9,2";"11,2";"10,1"
"Fortaleza (CE)";"5 a 9 anos";"7,1";"7,0";"6,9";"5,7";"6,5";"5,7";"5,6";"4,6";"5,7";"5,7"
"Fortaleza (CE)";"10 a 13 anos";"5,4";"6,6";"5,5";"5,7";"5,9";"4,4";"6,2";"4,6";"5,5";"4,4"
"Fortaleza (CE)";"14 a 17 anos";"6,1";"5,9";"4,7";"5,3";"5,6";"5,2";"6,1";"4,1";"6,1";"5,1"
"Fortaleza (CE)";"14 a 15 anos";"2,5";"3,0";"2,2";"2,4";"2,9";"2,6";"2,6";"2,1";"3,5";"2,2"
"Fortaleza (CE)";"16 a 17 anos";"3,6";"3,0";"2,5";"2,9";"2,7";"2,5";"3,5";"2,0";"2,6";"2,9"
"Fortaleza (CE)";"18 a 19 anos";"2,4";"1,7";"3,5";"2,7";"2,5";"2,3";"2,7";"2,0";"3,4";"2,4"
"Fortaleza (CE)";"20 a 24 anos";"9,8";"7,1";"9,6";"7,7";"7,9";"5,8";"10,1";"6,7";"7,5";"6,5"
"Fortaleza (CE)";"25 a 29 anos";"8,5";"9,4";"9,8";"6,9";"8,1";"8,6";"7,5";"7,3";"8,6";"8,8"
"Fortaleza (CE)";"30 a 39 anos";"15,9";"13,4";"16,7";"15,7";"16,1";"15,8";"14,6";"14,2";"15,6";"15,1"
"Fortaleza (CE)";"40 a 49 anos";"15,4";"14,6";"12,1";"14,8";"14,4";"14,1";"13,3";"15,6";"14,8";"14,6"
"Fortaleza (CE)";"50 a 59 anos";"10,0";"13,2";"12,3";"13,7";"11,6";"14,7";"11,4";"14,1";"12,2";"13,3"
"Fortaleza (CE)";"60 anos ou mais";"13,1";"15,5";"12,5";"15,7";"13,8";"18,9";"16,6";"21,9";"14,2";"19,9"
"Fortaleza (CE)";"60 a 64 anos";"4,2";"4,6";"4,1";"4,9";"5,0";"5,4";"5,8";"6,6";"4,5";"6,0"
"Fortaleza (CE)";"65 anos ou mais";"8,9";"10,9";"8,4";"10,8";"8,8";"13,5";"10,7";"15,3";"9,7";"14,0"
"Natal (RN)";"0 a 4 anos";"4,1";"5,5";"5,0";"3,0";"6,0";"5,9";"4,5";"4,3";"5,6";"3,7"
"Natal (RN)";"5 a 13 anos";"12,3";"10,5";"11,2";"10,0";"12,3";"11,2";"13,9";"9,1";"11,2";"10,1"
"Natal (RN)";"5 a 9 anos";"6,9";"4,8";"5,0";"5,3";"7,3";"6,1";"7,8";"5,2";"6,2";"5,0"
"Natal (RN)";"10 a 13 anos";"5,4";"5,6";"6,2";"4,7";"5,0";"5,2";"6,1";"3,9";"5,0";"5,1"
"Natal (RN)";"14 a 17 anos";"3,6";"5,1";"4,9";"3,4";"6,8";"5,4";"5,8";"6,8";"5,2";"4,6"
"Natal (RN)";"14 a 15 anos";"2,1";"2,3";"2,4";"1,0";"3,6";"2,3";"2,0";"3,5";"2,3";"2,9"
"Natal (RN)";"16 a 17 anos";"1,6";"2,8";"2,5";"2,4";"3,2";"3,2";"3,8";"3,3";"2,9";"1,8"
"Natal (RN)";"18 a 19 anos";"3,5";"2,6";"3,2";"2,9";"3,7";"1,8";"1,8";"2,8";"2,4";"2,4"
"Natal (RN)";"20 a 24 anos";"12,1";"8,6";"8,4";"6,6";"6,6";"5,5";"8,2";"6,9";"6,8";"6,8"
"Natal (RN)";"25 a 29 anos";"8,5";"7,3";"10,2";"8,7";"8,6";"7,4";"5,8";"6,1";"8,1";"6,7"
"Natal (RN)";"30 a 39 anos";"15,0";"12,5";"13,1";"13,2";"15,9";"14,1";"17,8";"14,6";"14,1";"13,0"
"Natal (RN)";"40 a 49 anos";"13,0";"13,6";"13,7";"13,9";"13,0";"12,5";"15,6";"18,2";"15,7";"15,2"
"Natal (RN)";"50 a 59 anos";"11,8";"13,2";"11,6";"15,3";"11,1";"14,4";"10,3";"11,6";"12,5";"14,0"
"Natal (RN)";"60 anos ou mais";"16,1";"21,2";"18,7";"22,9";"15,9";"21,8";"16,4";"19,7";"18,4";"23,5"
"Natal (RN)";"60 a 64 anos";"5,1";"7,5";"7,2";"5,5";"4,7";"4,6";"6,6";"5,3";"6,9";"5,6"
"Natal (RN)";"65 anos ou mais";"11,0";"13,7";"11,5";"17,4";"11,3";"17,2";"9,8";"14,3";"11,5";"18,0"
"João Pessoa (PB)";"0 a 4 anos";"8,2";"6,4";"6,7";"5,4";"6,5";"7,6";"5,3";"5,1";"5,9";"6,5"
"João Pessoa (PB)";"5 a 13 anos";"12,8";"10,3";"13,1";"12,7";"14,0";"10,5";"13,1";"11,6";"14,8";"11,4"
"João Pessoa (PB)";"5 a 9 anos";"8,1";"5,6";"7,0";"7,3";"8,3";"5,1";"7,7";"6,2";"8,7";"5,8"
"João Pessoa (PB)";"10 a 13 anos";"4,7";"4,7";"6,1";"5,4";"5,7";"5,4";"5,4";"5,4";"6,0";"5,6"
"João Pessoa (PB)";"14 a 17 anos";"7,6";"4,5";"5,7";"4,9";"6,2";"4,6";"6,4";"5,3";"6,1";"4,7"
"João Pessoa (PB)";"14 a 15 anos";"2,9";"2,5";"2,7";"2,1";"3,4";"1,9";"2,4";"2,6";"2,3";"2,0"
"João Pessoa (PB)";"16 a 17 anos";"4,8";"2,0";"3,0";"2,8";"2,8";"2,7";"4,0";"2,7";"3,8";"2,7"
"João Pessoa (PB)";"18 a 19 anos";"2,2";"3,7";"2,9";"2,0";"3,1";"2,5";"3,2";"2,0";"3,1";"3,0"
"João Pessoa (PB)";"20 a 24 anos";"10,3";"8,3";"8,9";"7,7";"8,6";"7,1";"7,2";"6,5";"8,0";"7,7"
"João Pessoa (PB)";"25 a 29 anos";"7,1";"9,9";"7,4";"6,8";"6,7";"8,3";"7,6";"7,2";"7,7";"7,7"
"João Pessoa (PB)";"30 a 39 anos";"15,6";"15,0";"14,5";"15,0";"16,5";"16,4";"18,9";"16,1";"16,4";"15,8"
"João Pessoa (PB)";"40 a 49 anos";"12,2";"16,0";"16,2";"16,1";"15,2";"14,7";"14,3";"16,2";"15,4";"14,9"
"João Pessoa (PB)";"50 a 59 anos";"12,8";"12,2";"11,2";"12,0";"11,3";"11,7";"10,9";"11,5";"9,3";"11,6"
"João Pessoa (PB)";"60 anos ou mais";"11,1";"13,9";"13,4";"17,4";"11,9";"16,5";"13,2";"18,4";"13,4";"16,7"
"João Pessoa (PB)";"60 a 64 anos";"4,2";"4,3";"4,2";"4,9";"3,7";"5,0";"4,0";"4,7";"5,4";"5,0"
"João Pessoa (PB)";"65 anos ou mais";"7,0";"9,6";"9,1";"12,5";"8,2";"11,5";"9,2";"13,6";"8,0";"11,6"
"Recife (PE)";"0 a 4 anos";"7,5";"6,0";"8,2";"5,4";"5,6";"5,7";"4,9";"4,2";"5,5";"3,8"
"Recife (PE)";"5 a 13 anos";"12,9";"13,3";"13,7";"10,2";"12,9";"9,7";"13,1";"11,1";"14,4";"10,8"
"Recife (PE)";"5 a 9 anos";"8,0";"7,2";"8,9";"5,6";"8,0";"5,0";"7,7";"6,5";"7,7";"5,9"
"Recife (PE)";"10 a 13 anos";"5,0";"6,1";"4,8";"4,5";"4,9";"4,7";"5,3";"4,6";"6,8";"4,9"
"Recife (PE)";"14 a 17 anos";"6,5";"4,6";"5,1";"4,6";"6,4";"3,3";"5,7";"4,8";"6,1";"3,2"
"Recife (PE)";"14 a 15 anos";"3,4";"2,3";"2,5";"2,2";"3,7";"1,3";"1,9";"2,3";"3,7";"1,5"
"Recife (PE)";"16 a 17 anos";"3,1";"2,3";"2,6";"2,3";"2,7";"2,1";"3,8";"2,5";"2,5";"1,7"
"Recife (PE)";"18 a 19 anos";"3,1";"3,4";"2,3";"2,6";"2,5";"3,5";"2,5";"2,6";"2,9";"2,2"
"Recife (PE)";"20 a 24 anos";"9,0";"6,8";"9,4";"7,4";"7,9";"6,2";"8,6";"6,8";"6,5";"5,7"
"Recife (PE)";"25 a 29 anos";"6,1";"6,7";"6,4";"7,1";"7,9";"7,5";"6,0";"8,5";"7,4";"6,8"
"Recife (PE)";"30 a 39 anos";"16,5";"18,1";"17,4";"15,6";"15,5";"15,1";"18,2";"14,0";"17,5";"15,3"
"Recife (PE)";"40 a 49 anos";"16,1";"13,9";"10,8";"14,2";"13,6";"15,4";"14,7";"15,1";"15,3";"16,4"
"Recife (PE)";"50 a 59 anos";"11,5";"11,5";"11,3";"12,8";"13,1";"14,9";"12,2";"14,3";"10,7";"13,3"
"Recife (PE)";"60 anos ou mais";"10,7";"15,8";"15,5";"20,0";"14,6";"18,7";"14,2";"18,6";"13,6";"22,5"
"Recife (PE)";"60 a 64 anos";"4,3";"4,3";"5,5";"5,3";"5,6";"5,0";"4,8";"5,3";"4,4";"5,9"
"Recife (PE)";"65 anos ou mais";"6,4";"11,5";"10,0";"14,7";"8,9";"13,7";"9,4";"13,3";"9,2";"16,6"
"Maceió (AL)";"0 a 4 anos";"6,7";"7,8";"8,0";"6,7";"6,2";"6,3";"6,1";"5,3";"7,3";"5,3"
"Maceió (AL)";"5 a 13 anos";"15,3";"10,6";"13,2";"11,8";"12,2";"10,2";"13,2";"12,2";"12,9";"12,8"
"Maceió (AL)";"5 a 9 anos";"8,0";"5,5";"7,9";"6,1";"7,1";"5,4";"6,9";"7,2";"7,1";"6,5"
"Maceió (AL)";"10 a 13 anos";"7,3";"5,1";"5,3";"5,6";"5,1";"4,8";"6,3";"5,0";"5,8";"6,3"
"Maceió (AL)";"14 a 17 anos";"5,8";"5,5";"5,3";"5,5";"6,2";"5,5";"6,0";"5,2";"6,0";"4,9"
"Maceió (AL)";"14 a 15 anos";"2,9";"2,7";"2,3";"2,9";"3,1";"3,0";"3,0";"3,1";"2,9";"2,1"
"Maceió (AL)";"16 a 17 anos";"2,8";"2,8";"3,0";"2,6";"3,1";"2,5";"3,1";"2,1";"3,2";"2,8"
"Maceió (AL)";"18 a 19 anos";"3,7";"2,5";"3,3";"2,6";"4,2";"2,5";"3,8";"3,2";"3,6";"2,9"
"Maceió (AL)";"20 a 24 anos";"8,5";"7,0";"10,3";"10,1";"10,8";"9,8";"8,1";"7,7";"8,1";"7,0"
"Maceió (AL)";"25 a 29 anos";"9,9";"9,7";"7,2";"8,4";"9,6";"8,4";"8,3";"7,1";"9,7";"7,4"
"Maceió (AL)";"30 a 39 anos";"16,2";"16,5";"16,5";"15,4";"14,1";"14,8";"15,0";"15,0";"15,0";"15,1"
"Maceió (AL)";"40 a 49 anos";"13,6";"15,1";"14,7";"14,4";"14,9";"16,3";"15,3";"15,7";"13,9";"15,1"
"Maceió (AL)";"50 a 59 anos";"10,2";"12,6";"10,0";"10,9";"10,0";"12,6";"12,8";"13,7";"11,1";"12,9"
"Maceió (AL)";"60 anos ou mais";"10,1";"12,6";"11,5";"14,3";"12,0";"13,6";"11,3";"15,0";"12,3";"16,5"
"Maceió (AL)";"60 a 64 anos";"3,7";"4,0";"4,5";"4,3";"4,5";"4,4";"4,8";"5,0";"3,9";"5,6"
"Maceió (AL)";"65 anos ou mais";"6,4";"8,7";"7,0";"10,0";"7,5";"9,3";"6,6";"10,0";"8,4";"10,9"
"Aracaju (SE)";"0 a 4 anos";"6,9";"5,5";"7,2";"5,4";"6,5";"6,0";"6,5";"5,5";"5,2";"4,3"
"Aracaju (SE)";"5 a 13 anos";"13,8";"12,6";"14,0";"10,7";"12,8";"9,4";"13,0";"11,0";"13,0";"10,5"
"Aracaju (SE)";"5 a 9 anos";"7,0";"5,6";"7,7";"5,3";"7,3";"5,6";"7,6";"6,1";"6,4";"5,2"
"Aracaju (SE)";"10 a 13 anos";"6,8";"7,1";"6,3";"5,4";"5,5";"3,8";"5,4";"5,0";"6,5";"5,2"
"Aracaju (SE)";"14 a 17 anos";"4,9";"6,7";"5,4";"6,2";"6,5";"4,5";"4,8";"4,8";"6,7";"4,9"
"Aracaju (SE)";"14 a 15 anos";"2,5";"3,4";"2,7";"3,4";"3,5";"2,4";"2,1";"1,6";"4,0";"2,4"
"Aracaju (SE)";"16 a 17 anos";"2,4";"3,4";"2,7";"2,8";"3,0";"2,0";"2,8";"3,2";"2,6";"2,5"
"Aracaju (SE)";"18 a 19 anos";"2,0";"2,4";"3,8";"3,1";"3,5";"2,1";"3,0";"2,2";"3,1";"3,3"
"Aracaju (SE)";"20 a 24 anos";"8,7";"7,3";"9,0";"8,8";"10,2";"7,8";"9,2";"6,8";"7,3";"6,8"
"Aracaju (SE)";"25 a 29 anos";"7,3";"8,6";"8,1";"7,6";"7,3";"9,0";"8,9";"8,3";"8,6";"5,8"
"Aracaju (SE)";"30 a 39 anos";"18,4";"14,9";"15,8";"15,9";"17,1";"15,1";"16,3";"16,6";"14,5";"17,2"
"Aracaju (SE)";"40 a 49 anos";"14,8";"15,0";"13,7";"13,9";"12,9";"15,2";"16,1";"14,5";"16,2";"17,6"
"Aracaju (SE)";"50 a 59 anos";"12,0";"15,3";"11,5";"12,3";"10,8";"13,2";"10,7";"13,4";"11,8";"11,8"
"Aracaju (SE)";"60 anos ou mais";"11,2";"11,7";"11,4";"16,1";"12,6";"17,9";"11,4";"16,8";"13,7";"18,0"
"Aracaju (SE)";"60 a 64 anos";"4,0";"3,9";"4,8";"5,9";"5,0";"5,8";"4,6";"4,5";"5,5";"5,0"
"Aracaju (SE)";"65 anos ou mais";"7,2";"7,8";"6,7";"10,2";"7,5";"12,1";"6,8";"12,3";"8,3";"12,9"
"Salvador (BA)";"0 a 4 anos";"5,6";"4,6";"6,3";"5,3";"5,4";"3,5";"5,1";"4,5";"3,9";"3,6"
"Salvador (BA)";"5 a 13 anos";"13,2";"10,3";"12,3";"9,4";"11,1";"12,2";"11,5";"8,7";"10,0";"11,3"
"Salvador (BA)";"5 a 9 anos";"8,0";"6,2";"7,6";"5,4";"6,3";"6,9";"6,2";"4,8";"5,4";"5,5"
"Salvador (BA)";"10 a 13 anos";"5,2";"4,1";"4,7";"4,0";"4,8";"5,3";"5,3";"3,9";"4,6";"5,9"
"Salvador (BA)";"14 a 17 anos";"6,5";"4,6";"6,2";"2,7";"5,2";"3,7";"6,1";"5,1";"5,1";"3,9"
"Salvador (BA)";"14 a 15 anos";"2,8";"2,6";"2,8";"1,6";"2,4";"1,8";"2,8";"2,0";"2,6";"1,9"
"Salvador (BA)";"16 a 17 anos";"3,7";"2,0";"3,4";"1,2";"2,8";"1,9";"3,3";"3,1";"2,5";"2,0"
"Salvador (BA)";"18 a 19 anos";"2,8";"2,3";"2,6";"3,0";"3,7";"3,0";"3,0";"2,1";"2,5";"2,5"
"Salvador (BA)";"20 a 24 anos";"8,7";"6,5";"8,6";"6,9";"7,5";"7,9";"8,4";"7,5";"9,4";"7,0"
"Salvador (BA)";"25 a 29 anos";"7,7";"8,8";"7,9";"8,1";"8,8";"7,3";"9,0";"5,8";"6,9";"8,0"
"Salvador (BA)";"30 a 39 anos";"14,2";"14,2";"16,5";"17,4";"15,3";"13,4";"13,4";"14,5";"15,5";"13,8"
"Salvador (BA)";"40 a 49 anos";"14,6";"17,9";"14,2";"14,2";"17,2";"16,1";"17,0";"16,7";"17,4";"16,1"
"Salvador (BA)";"50 a 59 anos";"13,2";"13,8";"11,6";"12,9";"12,7";"14,0";"12,2";"15,1";"11,9";"14,6"
"Salvador (BA)";"60 anos ou mais";"13,5";"17,2";"13,8";"19,9";"13,2";"18,9";"14,3";"19,9";"17,3";"19,3"
"Salvador (BA)";"60 a 64 anos";"4,4";"4,3";"4,6";"6,5";"4,4";"5,5";"4,9";"5,8";"5,8";"5,0"
"Salvador (BA)";"65 anos ou mais";"9,1";"12,9";"9,2";"13,4";"8,8";"13,4";"9,4";"14,2";"11,5";"14,3"
"Belo Horizonte (MG)";"0 a 4 anos";"6,3";"5,6";"6,7";"4,6";"5,5";"5,7";"5,7";"5,0";"4,6";"4,7"
"Belo Horizonte (MG)";"5 a 13 anos";"10,8";"9,8";"11,2";"7,9";"11,0";"8,8";"12,1";"7,9";"10,6";"9,8"
"Belo Horizonte (MG)";"5 a 9 anos";"7,0";"4,9";"6,0";"4,8";"5,5";"5,3";"6,7";"4,7";"5,8";"5,6"
"Belo Horizonte (MG)";"10 a 13 anos";"3,9";"4,9";"5,2";"3,1";"5,5";"3,6";"5,3";"3,2";"4,8";"4,2"
"Belo Horizonte (MG)";"14 a 17 anos";"4,7";"4,4";"3,9";"3,9";"4,3";"4,4";"5,0";"4,6";"5,3";"3,8"
"Belo Horizonte (MG)";"14 a 15 anos";"2,3";"2,2";"1,8";"2,2";"2,5";"2,4";"2,1";"2,8";"3,2";"1,6"
"Belo Horizonte (MG)";"16 a 17 anos";"2,3";"2,2";"2,1";"1,8";"1,8";"1,9";"2,9";"1,8";"2,1";"2,2"
"Belo Horizonte (MG)";"18 a 19 anos";"2,6";"1,8";"2,4";"2,4";"2,2";"2,6";"2,4";"1,9";"2,4";"3,1"
"Belo Horizonte (MG)";"20 a 24 anos";"7,8";"7,3";"6,7";"7,7";"8,6";"7,0";"7,8";"7,7";"7,2";"5,8"
"Belo Horizonte (MG)";"25 a 29 anos";"8,3";"8,2";"8,2";"6,5";"11,2";"8,8";"8,7";"8,3";"8,7";"6,9"
"Belo Horizonte (MG)";"30 a 39 anos";"19,9";"17,7";"20,5";"15,9";"17,4";"15,4";"16,5";"15,2";"16,3";"15,9"
"Belo Horizonte (MG)";"40 a 49 anos";"15,0";"14,4";"13,8";"15,6";"15,1";"14,7";"15,0";"15,0";"16,7";"16,8"
"Belo Horizonte (MG)";"50 a 59 anos";"10,4";"12,6";"11,6";"12,1";"10,7";"13,0";"11,3";"13,6";"11,8";"11,7"
"Belo Horizonte (MG)";"60 anos ou mais";"14,0";"18,3";"15,0";"23,4";"14,0";"19,6";"15,5";"20,7";"16,4";"21,5"
"Belo Horizonte (MG)";"60 a 64 anos";"4,7";"5,6";"4,4";"6,7";"4,4";"6,0";"4,8";"5,1";"5,1";"5,6"
"Belo Horizonte (MG)";"65 anos ou mais";"9,3";"12,6";"10,6";"16,7";"9,6";"13,7";"10,8";"15,6";"11,3";"15,9"
"Vitória (ES)";"0 a 4 anos";"6,5";"6,5";"4,9";"3,7";"6,2";"3,8";"6,5";"4,4";"4,6";"4,7"
"Vitória (ES)";"5 a 13 anos";"11,7";"9,9";"10,3";"9,0";"10,2";"9,2";"11,7";"8,7";"13,3";"8,4"
"Vitória (ES)";"5 a 9 anos";"6,2";"5,7";"5,9";"5,7";"5,7";"4,5";"6,5";"4,3";"6,8";"4,8"
"Vitória (ES)";"10 a 13 anos";"5,6";"4,2";"4,4";"3,3";"4,5";"4,6";"5,2";"4,4";"6,5";"3,6"
"Vitória (ES)";"14 a 17 anos";"3,8";"5,0";"4,5";"4,1";"3,2";"3,8";"4,3";"4,5";"4,6";"5,0"
"Vitória (ES)";"14 a 15 anos";"1,4";"2,1";"1,9";"1,6";"2,0";"2,2";"2,3";"1,8";"3,2";"2,9"
"Vitória (ES)";"16 a 17 anos";"2,4";"2,9";"2,6";"2,5";"1,2";"1,6";"2,0";"2,8";"1,4";"2,1"
"Vitória (ES)";"18 a 19 anos";"2,0";"2,0";"2,4";"3,6";"3,5";"1,8";"3,3";"2,7";"2,8";"2,4"
"Vitória (ES)";"20 a 24 anos";"7,1";"6,7";"7,6";"9,4";"6,5";"7,0";"7,5";"6,4";"8,0";"7,3"
"Vitória (ES)";"25 a 29 anos";"8,2";"6,7";"7,1";"6,5";"8,1";"7,8";"5,6";"8,2";"8,6";"7,8"
"Vitória (ES)";"30 a 39 anos";"19,6";"15,9";"17,7";"13,0";"19,1";"16,2";"17,9";"13,0";"16,4";"15,1"
"Vitória (ES)";"40 a 49 anos";"14,5";"14,0";"14,2";"14,9";"13,8";"14,2";"12,8";"15,1";"14,5";"16,0"
"Vitória (ES)";"50 a 59 anos";"9,7";"15,1";"10,7";"11,7";"10,1";"12,1";"10,9";"12,7";"9,7";"10,9"
"Vitória (ES)";"60 anos ou mais";"16,8";"18,3";"20,5";"23,9";"19,2";"24,0";"19,6";"24,2";"17,5";"22,5"
"Vitória (ES)";"60 a 64 anos";"4,4";"5,2";"5,0";"5,8";"5,6";"5,9";"7,4";"6,9";"3,9";"6,5"
"Vitória (ES)";"65 anos ou mais";"12,5";"13,0";"15,5";"18,2";"13,6";"18,1";"12,2";"17,3";"13,7";"16,0"
"Rio de Janeiro (RJ)";"0 a 4 anos";"5,1";"3,8";"6,3";"4,4";"4,6";"4,7";"4,5";"3,9";"5,1";"4,3"
"Rio de Janeiro (RJ)";"5 a 13 anos";"10,6";"10,1";"9,4";"8,8";"11,0";"9,2";"11,6";"9,2";"11,0";"8,6"
"Rio de Janeiro (RJ)";"5 a 9 anos";"5,2";"6,1";"5,3";"4,9";"6,1";"5,4";"5,9";"5,0";"5,3";"4,5"
"Rio de Janeiro (RJ)";"10 a 13 anos";"5,4";"3,9";"4,1";"3,9";"4,9";"3,8";"5,7";"4,2";"5,6";"4,1"
"Rio de Janeiro (RJ)";"14 a 17 anos";"4,3";"5,2";"4,5";"3,9";"4,3";"4,1";"5,2";"4,8";"4,6";"4,3"
"Rio de Janeiro (RJ)";"14 a 15 anos";"1,9";"2,7";"2,1";"1,6";"2,3";"1,8";"2,9";"2,3";"2,5";"1,9"
"Rio de Janeiro (RJ)";"16 a 17 anos";"2,3";"2,5";"2,4";"2,3";"2,1";"2,3";"2,3";"2,5";"2,1";"2,4"
"Rio de Janeiro (RJ)";"18 a 19 anos";"2,6";"1,7";"2,5";"2,2";"2,2";"2,5";"2,2";"2,0";"2,4";"2,0"
"Rio de Janeiro (RJ)";"20 a 24 anos";"8,5";"6,7";"7,7";"6,7";"7,1";"5,4";"7,0";"5,6";"7,0";"5,6"
"Rio de Janeiro (RJ)";"25 a 29 anos";"8,3";"6,6";"8,2";"7,3";"7,6";"6,7";"7,0";"7,2";"7,5";"6,8"
"Rio de Janeiro (RJ)";"30 a 39 anos";"15,9";"15,1";"16,2";"15,0";"15,6";"14,5";"15,1";"13,6";"14,8";"13,5"
"Rio de Janeiro (RJ)";"40 a 49 anos";"14,3";"13,6";"15,6";"14,8";"16,5";"15,6";"15,6";"16,6";"15,6";"16,0"
"Rio de Janeiro (RJ)";"50 a 59 anos";"13,8";"13,2";"12,2";"13,6";"12,7";"13,4";"13,3";"13,2";"13,1";"13,6"
"Rio de Janeiro (RJ)";"60 anos ou mais";"16,7";"24,1";"17,4";"23,2";"18,3";"23,8";"18,5";"24,1";"19,0";"25,2"
"Rio de Janeiro (RJ)";"60 a 64 anos";"4,2";"6,9";"5,4";"6,0";"5,5";"6,4";"6,1";"6,2";"6,0";"6,5"
"Rio de Janeiro (RJ)";"65 anos ou mais";"12,6";"17,2";"12,0";"17,3";"12,8";"17,4";"12,4";"17,9";"13,0";"18,6"
"São Paulo (SP)";"0 a 4 anos";"6,5";"4,3";"5,7";"5,5";"5,5";"4,8";"5,4";"4,1";"5,0";"3,9"
"São Paulo (SP)";"5 a 13 anos";"11,2";"10,0";"11,9";"9,7";"11,7";"10,0";"11,1";"9,3";"11,2";"10,9"
"São Paulo (SP)";"5 a 9 anos";"6,0";"5,9";"6,6";"5,4";"6,8";"5,6";"6,3";"4,9";"5,8";"5,6"
"São Paulo (SP)";"10 a 13 anos";"5,2";"4,2";"5,3";"4,2";"4,8";"4,4";"4,8";"4,4";"5,3";"5,3"
"São Paulo (SP)";"14 a 17 anos";"6,0";"5,3";"4,8";"4,4";"5,6";"5,1";"5,8";"5,4";"5,4";"4,4"
"São Paulo (SP)";"14 a 15 anos";"2,8";"2,7";"2,8";"2,0";"2,8";"2,5";"2,9";"2,9";"2,3";"1,9"
"São Paulo (SP)";"16 a 17 anos";"3,2";"2,6";"2,0";"2,5";"2,8";"2,6";"2,9";"2,5";"3,1";"2,6"
"São Paulo (SP)";"18 a 19 anos";"2,5";"2,2";"2,3";"2,5";"3,0";"2,8";"3,3";"1,8";"2,2";"2,4"
"São Paulo (SP)";"20 a 24 anos";"8,3";"8,3";"7,9";"6,9";"8,4";"7,2";"7,0";"6,5";"7,3";"7,1"
"São Paulo (SP)";"25 a 29 anos";"8,8";"7,2";"9,1";"8,8";"9,2";"6,8";"8,1";"7,4";"9,0";"6,9"
"São Paulo (SP)";"30 a 39 anos";"16,7";"15,9";"17,5";"15,4";"15,2";"14,6";"15,7";"15,2";"17,0";"14,3"
"São Paulo (SP)";"40 a 49 anos";"13,3";"14,2";"13,5";"14,5";"14,8";"15,7";"15,5";"15,6";"16,7";"16,2"
"São Paulo (SP)";"50 a 59 anos";"12,1";"13,5";"12,6";"13,0";"11,5";"12,3";"12,3";"13,2";"12,2";"13,5"
"São Paulo (SP)";"60 anos ou mais";"14,6";"19,1";"14,8";"19,4";"15,1";"20,7";"15,6";"21,5";"13,9";"20,3"
"São Paulo (SP)";"60 a 64 anos";"4,9";"5,7";"4,2";"5,5";"4,7";"5,8";"5,2";"5,5";"4,3";"5,6"
"São Paulo (SP)";"65 anos ou mais";"9,8";"13,4";"10,6";"14,0";"10,4";"14,9";"10,4";"15,9";"9,7";"14,7"
"Curitiba (PR)";"0 a 4 anos";"5,4";"5,9";"4,5";"4,6";"4,1";"4,5";"4,4";"5,3";"4,5";"3,6"
"Curitiba (PR)";"5 a 13 anos";"12,3";"11,7";"11,1";"10,1";"11,2";"10,4";"9,5";"10,4";"11,0";"10,1"
"Curitiba (PR)";"5 a 9 anos";"5,9";"6,3";"5,6";"5,7";"6,2";"5,9";"5,4";"6,3";"5,7";"4,8"
"Curitiba (PR)";"10 a 13 anos";"6,4";"5,3";"5,5";"4,4";"5,0";"4,5";"4,1";"4,2";"5,3";"5,3"
"Curitiba (PR)";"14 a 17 anos";"5,2";"4,8";"6,1";"5,1";"4,6";"4,9";"5,2";"4,8";"5,7";"4,4"
"Curitiba (PR)";"14 a 15 anos";"2,5";"2,4";"3,0";"2,7";"2,1";"2,8";"2,9";"1,9";"2,1";"2,7"
"Curitiba (PR)";"16 a 17 anos";"2,7";"2,4";"3,1";"2,4";"2,5";"2,1";"2,3";"2,9";"3,5";"1,7"
"Curitiba (PR)";"18 a 19 anos";"4,2";"2,1";"3,1";"3,0";"3,9";"2,4";"2,4";"2,2";"2,9";"3,1"
"Curitiba (PR)";"20 a 24 anos";"7,2";"6,4";"9,0";"6,9";"8,9";"6,9";"9,1";"6,2";"7,5";"6,6"
"Curitiba (PR)";"25 a 29 anos";"8,5";"7,1";"9,3";"7,5";"8,5";"8,4";"8,2";"7,0";"8,2";"6,8"
"Curitiba (PR)";"30 a 39 anos";"18,2";"16,5";"16,0";"16,1";"17,3";"15,4";"17,1";"15,1";"16,6";"14,2"
"Curitiba (PR)";"40 a 49 anos";"14,6";"15,7";"15,1";"15,1";"15,2";"16,7";"16,0";"16,1";"16,5";"17,7"
"Curitiba (PR)";"50 a 59 anos";"11,6";"12,0";"12,5";"13,8";"11,4";"12,4";"12,5";"13,3";"11,4";"13,3"
"Curitiba (PR)";"60 anos ou mais";"12,7";"17,8";"13,2";"17,7";"15,0";"18,1";"15,6";"19,6";"15,5";"20,2"
"Curitiba (PR)";"60 a 64 anos";"4,3";"6,5";"4,4";"5,8";"4,7";"5,3";"4,0";"5,4";"5,4";"5,6"
"Curitiba (PR)";"65 anos ou mais";"8,4";"11,3";"8,8";"11,9";"10,3";"12,8";"11,5";"14,2";"10,1";"14,6"
"Florianópolis (SC)";"0 a 4 anos";"5,7";"6,4";"5,9";"4,7";"5,5";"4,5";"3,5";"3,6";"3,6";"2,5"
"Florianópolis (SC)";"5 a 13 anos";"10,0";"8,8";"9,2";"8,9";"11,1";"8,1";"9,4";"8,3";"8,9";"7,8"
"Florianópolis (SC)";"5 a 9 anos";"5,6";"6,3";"5,3";"5,2";"6,2";"3,8";"5,5";"4,3";"6,0";"5,0"
"Florianópolis (SC)";"10 a 13 anos";"4,3";"2,5";"4,0";"3,7";"4,8";"4,4";"3,8";"4,0";"2,9";"2,7"
"Florianópolis (SC)";"14 a 17 anos";"5,7";"4,3";"4,2";"3,6";"3,8";"3,5";"3,9";"3,5";"4,1";"3,7"
"Florianópolis (SC)";"14 a 15 anos";"3,6";"1,8";"1,7";"1,6";"1,8";"1,5";"2,0";"1,2";"2,2";"1,6"
"Florianópolis (SC)";"16 a 17 anos";"2,1";"2,5";"2,5";"2,0";"2,0";"2,1";"1,9";"2,4";"1,9";"2,0"
"Florianópolis (SC)";"18 a 19 anos";"1,5";"1,6";"2,2";"2,3";"1,5";"2,3";"1,9";"2,5";"2,6";"2,4"
"Florianópolis (SC)";"20 a 24 anos";"6,7";"6,5";"8,0";"8,2";"7,7";"7,1";"9,0";"7,3";"7,6";"5,9"
"Florianópolis (SC)";"25 a 29 anos";"7,9";"6,2";"7,1";"7,3";"10,3";"10,1";"10,5";"8,0";"9,7";"9,0"
"Florianópolis (SC)";"30 a 39 anos";"21,2";"18,3";"18,9";"15,0";"17,7";"18,2";"17,7";"16,8";"16,7";"18,3"
"Florianópolis (SC)";"40 a 49 anos";"13,4";"15,4";"14,2";"17,6";"16,7";"15,3";"14,7";"15,8";"17,1";"15,5"
"Florianópolis (SC)";"50 a 59 anos";"12,0";"13,9";"14,0";"12,3";"11,4";"11,7";"9,9";"11,3";"12,9";"13,9"
"Florianópolis (SC)";"60 anos ou mais";"16,0";"18,7";"16,3";"20,3";"14,3";"19,1";"19,6";"22,9";"16,7";"21,0"
"Florianópolis (SC)";"60 a 64 anos";"5,4";"6,1";"5,0";"6,1";"4,9";"5,7";"5,3";"7,5";"6,5";"6,3"
"Florianópolis (SC)";"65 anos ou mais";"10,6";"12,6";"11,3";"14,3";"9,5";"13,4";"14,3";"15,4";"10,1";"14,7"
"Porto Alegre (RS)";"0 a 4 anos";"6,2";"3,9";"4,7";"4,6";"5,4";"4,5";"4,4";"4,5";"5,1";"3,9"
"Porto Alegre (RS)";"5 a 13 anos";"10,6";"9,7";"10,0";"9,7";"9,5";"10,2";"11,2";"9,0";"9,3";"8,6"
"Porto Alegre (RS)";"5 a 9 anos";"5,9";"4,6";"5,8";"5,7";"4,8";"5,3";"5,8";"4,6";"4,7";"4,2"
"Porto Alegre (RS)";"10 a 13 anos";"4,7";"5,1";"4,3";"4,0";"4,7";"5,0";"5,3";"4,4";"4,6";"4,4"
"Porto Alegre (RS)";"14 a 17 anos";"3,9";"5,4";"5,3";"3,2";"4,9";"5,2";"3,5";"4,4";"4,9";"4,0"
"Porto Alegre (RS)";"14 a 15 anos";"2,3";"2,8";"2,8";"1,9";"2,1";"2,4";"2,0";"2,7";"2,7";"2,0"
"Porto Alegre (RS)";"16 a 17 anos";"1,6";"2,6";"2,5";"1,3";"2,7";"2,8";"1,5";"1,7";"2,2";"2,0"
"Porto Alegre (RS)";"18 a 19 anos";"2,9";"2,5";"2,2";"2,7";"2,8";"1,8";"2,4";"2,4";"2,2";"1,5"
"Porto Alegre (RS)";"20 a 24 anos";"8,7";"7,3";"7,3";"6,6";"8,5";"6,8";"7,6";"6,9";"7,3";"7,1"
"Porto Alegre (RS)";"25 a 29 anos";"8,0";"7,8";"7,8";"6,4";"8,0";"7,7";"8,5";"7,1";"9,3";"7,1"
"Porto Alegre (RS)";"30 a 39 anos";"15,6";"14,4";"16,6";"14,6";"15,1";"14,0";"15,6";"12,4";"14,8";"13,1"
"Porto Alegre (RS)";"40 a 49 anos";"15,4";"12,9";"15,6";"14,8";"16,4";"13,3";"15,9";"16,0";"15,3";"15,3"
"Porto Alegre (RS)";"50 a 59 anos";"10,7";"12,4";"10,4";"12,9";"11,3";"12,6";"11,6";"12,0";"11,6";"13,2"
"Porto Alegre (RS)";"60 anos ou mais";"18,1";"23,8";"20,0";"24,6";"18,1";"23,8";"19,4";"25,4";"20,3";"26,2"
"Porto Alegre (RS)";"60 a 64 anos";"6,5";"7,2";"6,1";"6,6";"5,9";"6,0";"5,3";"6,8";"5,5";"7,3"
"Porto Alegre (RS)";"65 anos ou mais";"11,5";"16,6";"13,9";"18,0";"12,2";"17,8";"14,1";"18,6";"14,8";"18,9"
"Campo Grande (MS)";"0 a 4 anos";"7,9";"7,7";"9,1";"7,4";"7,5";"6,0";"8,2";"7,1";"5,7";"5,5"
"Campo Grande (MS)";"5 a 13 anos";"14,9";"11,8";"12,1";"9,7";"14,8";"13,1";"14,3";"13,6";"14,4";"11,8"
"Campo Grande (MS)";"5 a 9 anos";"9,8";"7,2";"8,0";"5,8";"8,0";"7,7";"7,7";"7,4";"8,4";"6,7"
"Campo Grande (MS)";"10 a 13 anos";"5,0";"4,6";"4,1";"3,9";"6,8";"5,4";"6,6";"6,1";"6,0";"5,1"
"Campo Grande (MS)";"14 a 17 anos";"5,6";"5,3";"5,0";"5,2";"6,0";"5,0";"5,7";"6,0";"5,6";"5,5"
"Campo Grande (MS)";"14 a 15 anos";"2,7";"2,9";"2,7";"2,9";"2,9";"2,5";"3,4";"2,2";"2,7";"3,1"
"Campo Grande (MS)";"16 a 17 anos";"2,9";"2,4";"2,3";"2,3";"3,1";"2,5";"2,3";"3,8";"2,8";"2,4"
"Campo Grande (MS)";"18 a 19 anos";"3,1";"2,5";"2,5";"2,8";"3,7";"3,2";"2,7";"3,0";"2,7";"2,9"
"Campo Grande (MS)";"20 a 24 anos";"7,3";"7,8";"9,2";"7,8";"6,9";"6,0";"7,6";"6,8";"7,8";"7,1"
"Campo Grande (MS)";"25 a 29 anos";"8,4";"6,7";"7,4";"8,8";"7,8";"9,0";"7,9";"7,2";"9,2";"7,0"
"Campo Grande (MS)";"30 a 39 anos";"15,4";"16,3";"15,6";"16,4";"15,1";"16,3";"15,6";"16,1";"14,1";"15,5"
"Campo Grande (MS)";"40 a 49 anos";"14,7";"15,3";"15,2";"15,4";"14,5";"14,5";"15,4";"14,5";"16,1";"15,9"
"Campo Grande (MS)";"50 a 59 anos";"10,3";"12,5";"12,9";"12,2";"11,0";"12,3";"10,2";"10,5";"11,8";"12,4"
"Campo Grande (MS)";"60 anos ou mais";"12,3";"14,3";"11,0";"14,3";"12,7";"14,7";"12,5";"15,2";"12,7";"16,2"
"Campo Grande (MS)";"60 a 64 anos";"4,4";"4,8";"4,1";"4,2";"3,5";"3,7";"4,6";"5,2";"4,6";"4,5"
"Campo Grande (MS)";"65 anos ou mais";"8,0";"9,4";"6,9";"10,2";"9,2";"10,9";"8,0";"10,0";"8,1";"11,7"
"Cuiabá (MT)";"0 a 4 anos";"7,9";"7,5";"9,9";"7,7";"7,1";"6,7";"7,6";"6,7";"7,2";"8,1"
"Cuiabá (MT)";"5 a 13 anos";"11,8";"10,6";"13,9";"11,9";"13,3";"10,6";"10,6";"10,5";"11,2";"12,6"
"Cuiabá (MT)";"5 a 9 anos";"6,4";"5,4";"7,5";"6,7";"7,4";"4,2";"6,4";"5,8";"6,3";"6,1"
"Cuiabá (MT)";"10 a 13 anos";"5,5";"5,2";"6,4";"5,3";"5,9";"6,3";"4,2";"4,7";"4,9";"6,5"
"Cuiabá (MT)";"14 a 17 anos";"4,3";"8,1";"5,9";"7,0";"4,9";"7,3";"4,8";"7,0";"5,3";"4,9"
"Cuiabá (MT)";"14 a 15 anos";"2,0";"4,4";"3,1";"3,8";"2,0";"3,4";"1,8";"3,1";"3,4";"2,6"
"Cuiabá (MT)";"16 a 17 anos";"2,3";"3,7";"2,8";"3,2";"2,9";"4,0";"3,1";"3,8";"2,0";"2,4"
"Cuiabá (MT)";"18 a 19 anos";"2,7";"3,3";"1,7";"3,0";"3,8";"1,8";"2,7";"3,6";"2,3";"2,9"
"Cuiabá (MT)";"20 a 24 anos";"8,0";"7,4";"11,3";"8,4";"8,4";"7,5";"10,0";"9,2";"7,3";"7,4"
"Cuiabá (MT)";"25 a 29 anos";"10,4";"6,1";"7,2";"7,5";"6,8";"8,4";"7,0";"6,2";"8,7";"6,4"
"Cuiabá (MT)";"30 a 39 anos";"18,8";"14,4";"15,7";"16,9";"15,1";"15,5";"16,4";"13,4";"17,2";"15,1"
"Cuiabá (MT)";"40 a 49 anos";"12,5";"16,6";"12,9";"12,2";"16,6";"14,7";"16,1";"14,6";"15,3";"15,2"
"Cuiabá (MT)";"50 a 59 anos";"11,2";"10,1";"9,2";"12,0";"11,5";"11,5";"10,9";"12,7";"11,9";"10,4"
"Cuiabá (MT)";"60 anos ou mais";"12,4";"16,0";"12,4";"13,5";"12,5";"16,1";"13,7";"16,0";"13,4";"16,9"
"Cuiabá (MT)";"60 a 64 anos";"6,2";"5,3";"4,3";"5,2";"4,0";"4,0";"3,7";"4,5";"4,0";"4,4"
"Cuiabá (MT)";"65 anos ou mais";"6,2";"10,6";"8,1";"8,4";"8,6";"12,1";"10,0";"11,5";"9,4";"12,5"
"Goiânia (GO)";"0 a 4 anos";"6,3";"6,2";"5,7";"4,7";"6,0";"5,3";"6,5";"4,7";"5,2";"4,2"
"Goiânia (GO)";"5 a 13 anos";"9,7";"11,8";"10,4";"10,7";"10,7";"8,1";"12,8";"10,9";"9,8";"9,7"
"Goiânia (GO)";"5 a 9 anos";"4,8";"7,2";"6,0";"6,4";"6,0";"4,3";"7,3";"6,1";"4,8";"5,4"
"Goiânia (GO)";"10 a 13 anos";"4,9";"4,6";"4,3";"4,3";"4,6";"3,7";"5,5";"4,7";"4,9";"4,4"
"Goiânia (GO)";"14 a 17 anos";"4,9";"4,0";"5,7";"4,6";"5,4";"5,2";"5,1";"4,0";"4,7";"5,1"
"Goiânia (GO)";"14 a 15 anos";"2,4";"1,6";"3,1";"2,1";"2,8";"2,2";"2,4";"2,1";"2,2";"2,5"
"Goiânia (GO)";"16 a 17 anos";"2,5";"2,5";"2,7";"2,5";"2,6";"2,9";"2,7";"1,8";"2,6";"2,5"
"Goiânia (GO)";"18 a 19 anos";"3,1";"2,6";"3,0";"2,4";"2,7";"3,5";"2,2";"3,2";"2,4";"2,5"
"Goiânia (GO)";"20 a 24 anos";"10,5";"6,7";"9,4";"7,3";"8,9";"8,9";"9,5";"7,3";"8,2";"7,6"
"Goiânia (GO)";"25 a 29 anos";"8,6";"8,0";"9,0";"8,6";"9,4";"8,2";"10,8";"9,9";"10,0";"8,4"
"Goiânia (GO)";"30 a 39 anos";"16,8";"16,6";"15,0";"14,6";"16,1";"13,6";"17,4";"16,4";"17,7";"16,6"
"Goiânia (GO)";"40 a 49 anos";"13,5";"13,3";"14,1";"14,5";"13,9";"15,3";"13,9";"14,9";"14,5";"12,9"
"Goiânia (GO)";"50 a 59 anos";"12,3";"13,3";"13,0";"13,7";"11,2";"12,1";"10,7";"11,6";"13,8";"13,9"
"Goiânia (GO)";"60 anos ou mais";"14,4";"17,6";"14,8";"18,9";"15,7";"20,0";"11,0";"17,1";"13,7";"19,2"
"Goiânia (GO)";"60 a 64 anos";"4,7";"5,2";"4,4";"5,9";"5,6";"7,1";"3,3";"5,5";"4,6";"5,6"
"Goiânia (GO)";"65 anos ou mais";"9,7";"12,4";"10,4";"12,9";"10,2";"12,9";"7,7";"11,6";"9,1";"13,6"
"Brasília (DF)";"0 a 4 anos";"7,4";"6,1";"7,5";"5,7";"5,7";"5,6";"6,2";"5,5";"5,5";"5,3"
"Brasília (DF)";"5 a 13 anos";"12,4";"12,2";"13,1";"11,9";"12,9";"11,0";"13,1";"11,8";"12,1";"11,3"
"Brasília (DF)";"5 a 9 anos";"7,3";"7,6";"7,7";"6,8";"6,9";"6,6";"7,4";"6,9";"6,7";"6,0"
"Brasília (DF)";"10 a 13 anos";"5,1";"4,6";"5,4";"5,1";"6,0";"4,3";"5,8";"4,9";"5,4";"5,3"
"Brasília (DF)";"14 a 17 anos";"6,2";"5,9";"6,5";"6,1";"5,2";"5,0";"6,3";"6,0";"7,6";"5,2"
"Brasília (DF)";"14 a 15 anos";"2,7";"3,4";"2,9";"2,9";"2,8";"2,2";"3,4";"3,1";"3,6";"2,7"
"Brasília (DF)";"16 a 17 anos";"3,5";"2,6";"3,6";"3,2";"2,4";"2,8";"3,0";"2,9";"4,0";"2,5"
"Brasília (DF)";"18 a 19 anos";"3,5";"3,5";"3,0";"2,8";"2,8";"3,6";"2,6";"2,6";"3,2";"3,3"
"Brasília (DF)";"20 a 24 anos";"9,3";"7,6";"9,6";"8,8";"8,9";"7,2";"8,6";"7,4";"8,7";"7,3"
"Brasília (DF)";"25 a 29 anos";"9,0";"8,7";"8,2";"7,9";"7,9";"8,1";"9,6";"7,8";"8,8";"7,4"
"Brasília (DF)";"30 a 39 anos";"17,2";"16,2";"15,8";"17,1";"17,7";"15,5";"14,7";"15,7";"15,6";"14,7"
"Brasília (DF)";"40 a 49 anos";"14,3";"15,3";"15,5";"16,6";"16,4";"17,9";"16,0";"16,3";"14,8";"16,9"
"Brasília (DF)";"50 a 59 anos";"11,4";"12,4";"10,0";"11,3";"10,8";"12,1";"10,9";"12,2";"11,5";"13,2"
"Brasília (DF)";"60 anos ou mais";"9,3";"12,1";"10,6";"11,7";"11,6";"14,1";"12,0";"14,7";"12,1";"15,6"
"Brasília (DF)";"60 a 64 anos";"3,0";"3,5";"4,2";"3,6";"3,9";"4,7";"4,2";"4,1";"4,2";"4,4"
"Brasília (DF)";"65 anos ou mais";"6,3";"8,6";"6,4";"8,1";"7,6";"9,4";"7,7";"10,7";"7,9";"11,2"
"Manaus (AM)";"0 a 4 anos";"6,8";"7,1";"8,7";"7,5";"8,6";"6,5";"7,9";"6,0";"6,5";"7,4"
"Manaus (AM)";"5 a 13 anos";"16,6";"13,4";"15,6";"14,3";"15,4";"13,9";"14,0";"13,0";"16,6";"13,3"
"Manaus (AM)";"5 a 9 anos";"10,6";"7,5";"8,9";"7,9";"8,3";"7,7";"7,4";"6,7";"8,7";"7,6"
"Manaus (AM)";"10 a 13 anos";"6,0";"5,9";"6,6";"6,4";"7,2";"6,3";"6,6";"6,3";"7,9";"5,7"
"Manaus (AM)";"14 a 17 anos";"7,7";"6,0";"6,6";"5,7";"7,5";"7,5";"6,7";"6,0";"6,7";"5,5"
"Manaus (AM)";"14 a 15 anos";"4,1";"2,5";"3,1";"2,8";"3,5";"2,8";"3,0";"2,6";"3,1";"2,7"
"Manaus (AM)";"16 a 17 anos";"3,6";"3,5";"3,5";"2,9";"4,0";"4,7";"3,7";"3,4";"3,5";"2,9"
"Manaus (AM)";"18 a 19 anos";"3,7";"3,2";"3,9";"3,5";"3,4";"3,2";"3,1";"3,4";"3,6";"3,7"
"Manaus (AM)";"20 a 24 anos";"8,6";"9,4";"8,7";"8,7";"8,8";"9,4";"9,5";"8,5";"7,8";"7,6"
"Manaus (AM)";"25 a 29 anos";"9,2";"8,7";"9,2";"8,5";"8,6";"8,0";"8,3";"9,3";"7,9";"8,3"
"Manaus (AM)";"30 a 39 anos";"15,8";"16,1";"15,6";"17,1";"15,1";"16,0";"16,1";"15,9";"16,5";"16,1"
"Manaus (AM)";"40 a 49 anos";"12,6";"14,8";"14,5";"14,6";"14,8";"15,4";"14,0";"13,9";"14,1";"15,0"
"Manaus (AM)";"50 a 59 anos";"10,1";"10,1";"9,1";"9,9";"9,4";"9,2";"9,9";"11,0";"9,8";"10,4"
"Manaus (AM)";"60 anos ou mais";"8,9";"11,2";"8,1";"10,2";"8,4";"10,9";"10,5";"12,9";"10,6";"12,7"
"Manaus (AM)";"60 a 64 anos";"3,5";"3,8";"2,9";"3,4";"2,8";"3,6";"3,8";"5,0";"4,0";"3,8"
"Manaus (AM)";"65 anos ou mais";"5,4";"7,3";"5,2";"6,8";"5,6";"7,2";"6,8";"7,9";"6,6";"8,9"
"Belém (PA)";"0 a 4 anos";"7,4";"7,9";"6,8";"5,6";"5,9";"5,3";"6,3";"5,2";"5,2";"4,7"
"Belém (PA)";"5 a 13 anos";"15,0";"12,2";"13,5";"10,3";"12,1";"10,6";"11,8";"10,5";"13,5";"10,7"
"Belém (PA)";"5 a 9 anos";"8,5";"7,1";"7,4";"6,5";"6,8";"6,1";"6,4";"5,2";"7,7";"5,8"
"Belém (PA)";"10 a 13 anos";"6,4";"5,1";"6,1";"3,8";"5,3";"4,5";"5,3";"5,3";"5,8";"5,0"
"Belém (PA)";"14 a 17 anos";"7,2";"5,2";"6,4";"5,6";"5,9";"5,4";"6,9";"5,9";"6,2";"4,4"
"Belém (PA)";"14 a 15 anos";"3,0";"2,4";"3,9";"2,6";"2,4";"2,8";"3,5";"2,6";"2,8";"2,3"
"Belém (PA)";"16 a 17 anos";"4,3";"2,8";"2,5";"3,0";"3,6";"2,5";"3,4";"3,3";"3,4";"2,2"
"Belém (PA)";"18 a 19 anos";"3,7";"2,8";"3,8";"2,9";"3,8";"3,1";"3,3";"3,4";"2,9";"3,3"
"Belém (PA)";"20 a 24 anos";"7,3";"7,1";"10,0";"8,8";"8,3";"7,7";"8,9";"8,2";"8,9";"7,2"
"Belém (PA)";"25 a 29 anos";"6,8";"8,9";"7,6";"7,3";"8,7";"8,0";"7,3";"6,9";"8,2";"7,2"
"Belém (PA)";"30 a 39 anos";"17,1";"17,6";"15,6";"14,8";"16,5";"16,7";"15,8";"14,2";"13,7";"14,7"
"Belém (PA)";"40 a 49 anos";"14,6";"13,3";"14,3";"16,8";"13,8";"14,4";"14,8";"16,2";"15,1";"17,1"
"Belém (PA)";"50 a 59 anos";"10,5";"10,9";"11,6";"11,9";"12,1";"12,9";"13,2";"12,8";"12,5";"13,2"
"Belém (PA)";"60 anos ou mais";"10,4";"14,1";"10,4";"15,9";"12,9";"15,9";"11,8";"16,6";"13,8";"17,5"
"Belém (PA)";"60 a 64 anos";"3,5";"4,6";"3,3";"4,6";"4,4";"5,2";"4,4";"5,3";"5,3";"5,1"
"Belém (PA)";"65 anos ou mais";"6,9";"9,6";"7,1";"11,3";"8,4";"10,8";"7,4";"11,3";"8,5";"12,4"
"Macapá (AP)";"0 a 4 anos";"8,3";"9,9";"9,6";"8,3";"4,8";"5,8";"8,8";"8,2";"6,4";"6,3"
"Macapá (AP)";"5 a 13 anos";"14,4";"12,9";"14,3";"13,0";"14,6";"11,9";"16,7";"14,6";"15,6";"14,0"
"Macapá (AP)";"5 a 9 anos";"9,3";"7,5";"8,3";"8,4";"9,3";"6,4";"9,1";"8,8";"7,5";"8,1"
"Macapá (AP)";"10 a 13 anos";"5,1";"5,4";"5,9";"4,7";"5,3";"5,5";"7,6";"5,8";"8,0";"5,9"
"Macapá (AP)";"14 a 17 anos";"6,3";"6,0";"7,3";"6,5";"7,4";"6,6";"6,2";"5,4";"6,7";"6,5"
"Macapá (AP)";"14 a 15 anos";"3,4";"3,2";"3,6";"3,3";"3,5";"2,5";"3,1";"2,7";"3,1";"3,2"
"Macapá (AP)";"16 a 17 anos";"2,9";"2,8";"3,7";"3,1";"3,8";"4,1";"3,2";"2,6";"3,6";"3,3"
"Macapá (AP)";"18 a 19 anos";"3,6";"3,9";"4,7";"3,3";"2,3";"3,8";"3,7";"3,1";"3,5";"2,8"
"Macapá (AP)";"20 a 24 anos";"11,9";"10,7";"9,9";"9,2";"11,7";"12,8";"9,5";"11,0";"10,0";"9,3"
"Macapá (AP)";"25 a 29 anos";"10,7";"8,7";"10,1";"9,6";"11,7";"8,6";"9,2";"8,4";"9,4";"9,6"
"Macapá (AP)";"30 a 39 anos";"15,3";"14,9";"14,9";"17,6";"15,2";"13,1";"15,4";"14,6";"15,2";"16,3"
"Macapá (AP)";"40 a 49 anos";"13,6";"13,2";"12,8";"12,4";"11,8";"15,0";"12,6";"13,3";"13,4";"13,8"
"Macapá (AP)";"50 a 59 anos";"8,0";"8,7";"8,3";"9,7";"10,8";"10,8";"9,3";"10,5";"11,1";"10,9"
"Macapá (AP)";"60 anos ou mais";"8,0";"11,1";"8,0";"10,4";"9,7";"11,7";"8,5";"11,0";"8,8";"10,4"
"Macapá (AP)";"60 a 64 anos";"3,3";"3,5";"3,0";"4,3";"3,5";"3,5";"2,4";"3,5";"3,3";"4,1"
"Macapá (AP)";"65 anos ou mais";"4,7";"7,7";"5,0";"6,1";"6,2";"8,3";"6,1";"7,5";"5,5";"6,4"
"Grande São Luís (MA)";"0 a 4 anos";"6,4";"7,5";"6,5";"6,4";"5,7";"6,5";"6,4";"6,4";"7,9";"5,7"
"Grande São Luís (MA)";"5 a 13 anos";"14,1";"13,0";"14,3";"9,1";"13,2";"11,8";"14,6";"12,6";"12,7";"10,5"
"Grande São Luís (MA)";"5 a 9 anos";"8,9";"6,7";"9,0";"4,7";"7,0";"5,9";"7,9";"6,8";"6,7";"6,7"
"Grande São Luís (MA)";"10 a 13 anos";"5,1";"6,3";"5,3";"4,4";"6,3";"5,9";"6,7";"5,7";"6,0";"3,7"
"Grande São Luís (MA)";"14 a 17 anos";"8,4";"6,0";"7,6";"6,1";"6,0";"4,9";"6,0";"6,1";"5,6";"5,1"
"Grande São Luís (MA)";"14 a 15 anos";"4,4";"2,7";"4,2";"3,2";"2,6";"2,2";"3,1";"2,9";"3,1";"2,5"
"Grande São Luís (MA)";"16 a 17 anos";"4,0";"3,3";"3,3";"2,9";"3,4";"2,7";"2,9";"3,2";"2,6";"2,6"
"Grande São Luís (MA)";"18 a 19 anos";"2,9";"2,6";"3,6";"2,6";"3,6";"3,6";"3,8";"3,4";"3,0";"4,2"
"Grande São Luís (MA)";"20 a 24 anos";"9,2";"8,1";"8,3";"10,3";"9,4";"10,9";"9,5";"8,4";"9,8";"8,1"
"Grande São Luís (MA)";"25 a 29 anos";"7,3";"8,4";"8,9";"8,0";"9,9";"6,4";"7,6";"7,3";"7,7";"7,0"
"Grande São Luís (MA)";"30 a 39 anos";"18,5";"16,3";"16,6";"16,4";"16,2";"15,3";"18,5";"17,1";"15,9";"16,5"
"Grande São Luís (MA)";"40 a 49 anos";"13,5";"15,2";"13,8";"16,1";"14,6";"17,0";"12,3";"14,0";"15,7";"15,5"
"Grande São Luís (MA)";"50 a 59 anos";"10,6";"11,8";"9,7";"10,0";"10,3";"9,5";"9,6";"11,5";"10,1";"12,0"
"Grande São Luís (MA)";"60 anos ou mais";"9,2";"11,0";"10,6";"14,8";"11,0";"14,0";"11,9";"13,3";"11,6";"15,4"
"Grande São Luís (MA)";"60 a 64 anos";"3,8";"3,4";"3,3";"4,4";"4,0";"4,7";"4,1";"4,3";"3,7";"4,9"
"Grande São Luís (MA)";"65 anos ou mais";"5,4";"7,6";"7,3";"10,4";"7,0";"9,3";"7,7";"9,0";"7,9";"10,5"
"Fortaleza (CE)";"0 a 4 anos";"7,0";"5,6";"6,6";"6,3";"7,5";"5,6";"6,5";"4,9";"7,0";"5,0"
"Fortaleza (CE)";"5 a 13 anos";"12,5";"13,9";"12,5";"11,9";"13,2";"11,0";"12,3";"9,7";"12,7";"10,8"
"Fortaleza (CE)";"5 a 9 anos";"6,8";"7,7";"6,8";"6,5";"6,9";"6,2";"6,3";"4,8";"6,8";"5,9"
"Fortaleza (CE)";"10 a 13 anos";"5,7";"6,2";"5,7";"5,4";"6,3";"4,8";"6,0";"4,9";"5,8";"4,9"
"Fortaleza (CE)";"14 a 17 anos";"6,4";"6,4";"5,0";"6,1";"5,9";"5,4";"6,3";"5,1";"6,3";"5,0"
"Fortaleza (CE)";"14 a 15 anos";"2,9";"3,3";"2,4";"3,0";"2,8";"2,7";"2,8";"2,1";"3,3";"2,3"
"Fortaleza (CE)";"16 a 17 anos";"3,6";"3,2";"2,6";"3,2";"3,0";"2,7";"3,6";"3,0";"3,0";"2,7"
"Fortaleza (CE)";"18 a 19 anos";"2,4";"2,1";"3,6";"2,5";"3,1";"2,3";"2,7";"1,9";"3,4";"2,4"
"Fortaleza (CE)";"20 a 24 anos";"9,3";"7,4";"8,7";"7,5";"7,8";"6,3";"9,0";"6,8";"7,7";"6,8"
"Fortaleza (CE)";"25 a 29 anos";"7,8";"9,3";"9,5";"8,1";"8,3";"8,5";"7,4";"7,3";"7,7";"8,3"
"Fortaleza (CE)";"30 a 39 anos";"17,2";"14,9";"17,8";"15,4";"16,9";"16,8";"15,3";"14,0";"15,7";"16,2"
"Fortaleza (CE)";"40 a 49 anos";"16,0";"14,0";"12,5";"14,8";"13,7";"13,9";"13,7";"15,5";"14,4";"14,6"
"Fortaleza (CE)";"50 a 59 anos";"9,3";"12,1";"11,1";"12,7";"11,0";"13,4";"11,0";"14,1";"11,7";"13,1"
"Fortaleza (CE)";"60 anos ou mais";"11,9";"14,1";"12,7";"14,6";"12,6";"16,9";"15,8";"20,6";"13,6";"17,7"
"Fortaleza (CE)";"60 a 64 anos";"3,9";"4,0";"3,9";"4,7";"4,4";"4,9";"5,3";"6,2";"4,4";"5,2"
"Fortaleza (CE)";"65 anos ou mais";"8,0";"10,1";"8,8";"9,9";"8,2";"12,0";"10,5";"14,5";"9,2";"12,5"
"Natal (RN)";"0 a 4 anos";"6,2";"5,7";"6,2";"5,4";"7,9";"7,4";"5,1";"4,7";"7,4";"3,6"
"Natal (RN)";"5 a 13 anos";"12,1";"12,1";"13,8";"11,3";"12,8";"12,8";"14,3";"11,5";"12,2";"10,3"
"Natal (RN)";"5 a 9 anos";"6,9";"7,1";"6,8";"6,7";"8,3";"6,2";"8,3";"6,6";"6,7";"5,5"
"Natal (RN)";"10 a 13 anos";"5,2";"5,0";"7,0";"4,6";"4,6";"6,6";"5,9";"4,9";"5,5";"4,8"
"Natal (RN)";"14 a 17 anos";"4,7";"4,9";"5,8";"4,9";"8,6";"6,5";"5,8";"5,8";"5,4";"4,5"
"Natal (RN)";"14 a 15 anos";"2,8";"2,3";"3,1";"2,0";"4,4";"3,5";"3,0";"3,1";"2,4";"2,5"
"Natal (RN)";"16 a 17 anos";"1,9";"2,6";"2,7";"2,9";"4,2";"3,0";"2,8";"2,7";"3,1";"2,0"
"Natal (RN)";"18 a 19 anos";"2,6";"3,3";"3,4";"2,6";"3,0";"2,4";"2,3";"2,3";"2,9";"2,8"
"Natal (RN)";"20 a 24 anos";"8,5";"7,3";"7,2";"7,0";"6,9";"7,0";"8,1";"7,4";"7,1";"7,7"
"Natal (RN)";"25 a 29 anos";"10,3";"8,5";"10,2";"8,6";"8,0";"7,1";"7,0";"6,1";"7,7";"7,2"
"Natal (RN)";"30 a 39 anos";"17,2";"15,6";"15,3";"14,8";"16,0";"15,6";"17,1";"15,2";"15,0";"15,4"
"Natal (RN)";"40 a 49 anos";"14,9";"14,8";"14,5";"15,3";"13,6";"13,4";"15,5";"17,9";"15,5";"15,8"
"Natal (RN)";"50 a 59 anos";"11,4";"11,4";"10,3";"12,4";"10,4";"12,0";"10,4";"11,8";"11,4";"13,1"
"Natal (RN)";"60 anos ou mais";"12,1";"16,4";"13,5";"17,7";"12,9";"15,9";"14,6";"17,4";"15,4";"19,7"
"Natal (RN)";"60 a 64 anos";"4,3";"6,0";"5,2";"4,4";"4,1";"3,8";"5,2";"5,0";"5,2";"5,2"
"Natal (RN)";"65 anos ou mais";"7,7";"10,4";"8,2";"13,3";"8,7";"12,0";"9,4";"12,4";"10,2";"14,5"
"João Pessoa (PB)";"0 a 4 anos";"9,2";"7,0";"5,9";"6,9";"7,0";"6,7";"6,5";"5,0";"5,9";"6,6"
"João Pessoa (PB)";"5 a 13 anos";"12,0";"12,1";"13,4";"12,1";"14,4";"12,0";"13,9";"12,7";"15,5";"11,8"
"João Pessoa (PB)";"5 a 9 anos";"7,3";"5,5";"7,5";"7,0";"8,1";"5,9";"8,5";"7,0";"9,2";"5,6"
"João Pessoa (PB)";"10 a 13 anos";"4,8";"6,6";"5,9";"5,0";"6,2";"6,1";"5,5";"5,7";"6,3";"6,1"
"João Pessoa (PB)";"14 a 17 anos";"7,8";"5,0";"6,5";"4,8";"6,0";"5,0";"6,0";"5,3";"6,3";"5,1"
"João Pessoa (PB)";"14 a 15 anos";"3,2";"3,1";"3,2";"2,2";"3,5";"2,2";"2,2";"2,5";"2,6";"2,2"
"João Pessoa (PB)";"16 a 17 anos";"4,6";"1,9";"3,4";"2,5";"2,5";"2,7";"3,8";"2,8";"3,7";"2,9"
"João Pessoa (PB)";"18 a 19 anos";"2,6";"3,0";"3,3";"2,3";"3,7";"2,5";"3,0";"1,9";"2,8";"3,2"
"João Pessoa (PB)";"20 a 24 anos";"8,9";"8,5";"8,2";"7,6";"8,2";"8,0";"8,1";"7,0";"7,9";"7,9"
"João Pessoa (PB)";"25 a 29 anos";"7,3";"8,9";"7,4";"7,2";"6,6";"7,9";"7,6";"7,8";"7,2";"7,2"
"João Pessoa (PB)";"30 a 39 anos";"14,1";"14,5";"15,5";"15,3";"16,4";"16,1";"17,3";"16,4";"15,0";"15,6"
"João Pessoa (PB)";"40 a 49 anos";"14,0";"15,3";"15,5";"15,7";"14,7";"15,4";"14,2";"15,8";"15,3";"15,0"
"João Pessoa (PB)";"50 a 59 anos";"13,9";"12,0";"11,4";"11,4";"11,0";"12,1";"10,9";"12,0";"11,1";"11,9"
"João Pessoa (PB)";"60 anos ou mais";"10,3";"13,8";"12,7";"16,7";"11,9";"14,4";"12,6";"16,1";"13,0";"15,8"
"João Pessoa (PB)";"60 a 64 anos";"4,0";"3,8";"3,8";"4,7";"3,8";"4,3";"4,2";"4,4";"5,2";"4,8"
"João Pessoa (PB)";"65 anos ou mais";"6,3";"9,9";"9,0";"12,1";"8,1";"10,0";"8,4";"11,7";"7,8";"11,1"
"Recife (PE)";"0 a 4 anos";"6,8";"6,4";"6,3";"6,5";"6,4";"5,8";"6,3";"4,6";"6,2";"4,7"
"Recife (PE)";"5 a 13 anos";"13,1";"12,5";"13,0";"10,3";"13,9";"10,0";"13,6";"11,5";"15,2";"11,5"
"Recife (PE)";"5 a 9 anos";"7,9";"6,6";"7,4";"6,1";"8,0";"5,6";"7,4";"6,5";"7,6";"6,7"
"Recife (PE)";"10 a 13 anos";"5,3";"5,9";"5,6";"4,2";"5,9";"4,4";"6,1";"5,0";"7,6";"4,7"
"Recife (PE)";"14 a 17 anos";"6,7";"5,1";"5,8";"5,2";"6,2";"4,4";"6,0";"4,9";"5,7";"4,6"
"Recife (PE)";"14 a 15 anos";"3,2";"2,4";"3,0";"2,7";"3,4";"2,2";"2,5";"2,4";"2,9";"2,0"
"Recife (PE)";"16 a 17 anos";"3,5";"2,7";"2,8";"2,5";"2,8";"2,2";"3,5";"2,4";"2,8";"2,5"
"Recife (PE)";"18 a 19 anos";"3,6";"3,5";"3,1";"2,8";"2,9";"3,3";"2,0";"2,4";"2,9";"2,2"
"Recife (PE)";"20 a 24 anos";"9,1";"7,2";"8,9";"7,1";"8,0";"7,2";"7,8";"7,3";"6,9";"6,7"
"Recife (PE)";"25 a 29 anos";"7,5";"6,9";"6,9";"7,2";"7,5";"7,7";"7,2";"7,4";"7,4";"6,6"
"Recife (PE)";"30 a 39 anos";"15,5";"17,7";"15,7";"15,7";"15,5";"16,0";"16,1";"14,6";"16,2";"15,6"
"Recife (PE)";"40 a 49 anos";"15,5";"14,3";"15,3";"14,6";"14,1";"15,5";"15,3";"15,4";"14,9";"16,5"
"Recife (PE)";"50 a 59 anos";"10,3";"12,0";"11,2";"12,6";"11,5";"13,3";"12,4";"14,5";"10,9";"12,3"
"Recife (PE)";"60 anos ou mais";"11,8";"14,5";"13,8";"18,1";"14,0";"16,7";"13,3";"17,3";"13,8";"19,4"
"Recife (PE)";"60 a 64 anos";"3,7";"4,4";"4,9";"5,4";"5,1";"5,0";"4,8";"5,3";"4,3";"5,8"
"Recife (PE)";"65 anos ou mais";"8,1";"10,0";"8,9";"12,7";"8,9";"11,7";"8,6";"12,0";"9,5";"13,5"
"Maceió (AL)";"0 a 4 anos";"6,7";"8,3";"8,6";"7,1";"6,7";"6,7";"6,3";"5,5";"7,1";"5,7"
"Maceió (AL)";"5 a 13 anos";"14,4";"11,3";"13,1";"12,3";"12,8";"10,6";"15,2";"13,1";"13,9";"13,2"
"Maceió (AL)";"5 a 9 anos";"7,7";"6,1";"7,7";"6,6";"7,6";"5,4";"7,5";"7,5";"7,4";"7,1"
"Maceió (AL)";"10 a 13 anos";"6,7";"5,2";"5,5";"5,8";"5,2";"5,2";"7,7";"5,6";"6,5";"6,1"
"Maceió (AL)";"14 a 17 anos";"5,6";"5,1";"5,5";"5,7";"5,9";"5,4";"6,3";"5,6";"6,0";"5,0"
"Maceió (AL)";"14 a 15 anos";"2,6";"2,4";"2,4";"3,3";"3,0";"2,9";"3,1";"3,2";"3,0";"2,2"
"Maceió (AL)";"16 a 17 anos";"2,9";"2,7";"3,1";"2,3";"2,9";"2,5";"3,2";"2,4";"3,1";"2,8"
"Maceió (AL)";"18 a 19 anos";"4,5";"3,3";"3,7";"2,7";"3,9";"2,6";"3,4";"3,0";"3,3";"3,3"
"Maceió (AL)";"20 a 24 anos";"9,5";"7,1";"10,0";"9,7";"10,2";"9,5";"8,1";"7,3";"7,9";"7,2"
"Maceió (AL)";"25 a 29 anos";"9,0";"9,1";"7,5";"8,4";"9,3";"8,1";"7,9";"7,6";"8,9";"7,0"
"Maceió (AL)";"30 a 39 anos";"16,9";"16,3";"16,1";"15,3";"15,0";"15,0";"14,6";"15,1";"15,0";"15,8"
"Maceió (AL)";"40 a 49 anos";"13,5";"15,0";"14,6";"14,6";"14,7";"16,3";"15,0";"15,5";"14,4";"14,5"
"Maceió (AL)";"50 a 59 anos";"10,0";"11,7";"10,2";"10,7";"9,6";"12,4";"11,8";"12,5";"11,2";"12,5"
"Maceió (AL)";"60 anos ou mais";"9,9";"12,9";"10,7";"13,5";"11,9";"13,5";"11,3";"14,7";"12,3";"15,8"
"Maceió (AL)";"60 a 64 anos";"4,0";"3,4";"4,0";"4,4";"4,6";"4,3";"4,7";"5,1";"4,1";"5,3"
"Maceió (AL)";"65 anos ou mais";"6,0";"9,5";"6,7";"9,1";"7,3";"9,2";"6,7";"9,5";"8,2";"10,4"
"Aracaju (SE)";"0 a 4 anos";"6,0";"7,1";"7,5";"6,0";"6,7";"6,9";"7,8";"5,5";"5,6";"4,8"
"Aracaju (SE)";"5 a 13 anos";"15,7";"13,2";"14,5";"12,4";"12,7";"11,1";"14,1";"13,0";"13,9";"11,0"
"Aracaju (SE)";"5 a 9 anos";"8,9";"6,5";"8,8";"6,7";"7,2";"7,1";"8,5";"7,3";"6,7";"5,3"
"Aracaju (SE)";"10 a 13 anos";"6,8";"6,8";"5,7";"5,7";"5,5";"4,0";"5,6";"5,7";"7,2";"5,7"
"Aracaju (SE)";"14 a 17 anos";"4,9";"6,5";"5,7";"6,1";"6,3";"4,6";"5,5";"5,6";"6,4";"5,4"
"Aracaju (SE)";"14 a 15 anos";"2,3";"3,4";"3,1";"3,1";"3,4";"2,2";"2,7";"2,7";"3,8";"2,8"
"Aracaju (SE)";"16 a 17 anos";"2,5";"3,1";"2,6";"3,0";"3,0";"2,5";"2,8";"2,9";"2,6";"2,6"
"Aracaju (SE)";"18 a 19 anos";"2,8";"2,2";"3,4";"3,2";"3,4";"2,5";"3,7";"2,2";"3,2";"3,2"
"Aracaju (SE)";"20 a 24 anos";"8,8";"8,3";"8,5";"9,2";"10,5";"7,9";"8,6";"7,8";"6,7";"6,0"
"Aracaju (SE)";"25 a 29 anos";"8,7";"9,6";"9,3";"7,7";"7,9";"9,0";"8,5";"8,8";"8,1";"7,1"
"Aracaju (SE)";"30 a 39 anos";"18,3";"14,2";"15,5";"15,3";"16,6";"14,6";"18,2";"17,2";"15,4";"17,2"
"Aracaju (SE)";"40 a 49 anos";"12,7";"14,9";"13,8";"13,6";"13,5";"15,3";"14,1";"13,4";"17,1";"17,0"
"Aracaju (SE)";"50 a 59 anos";"12,2";"13,3";"11,1";"11,6";"10,6";"12,2";"10,0";"12,3";"10,4";"11,7"
"Aracaju (SE)";"60 anos ou mais";"10,0";"10,7";"10,5";"14,8";"11,7";"15,8";"9,5";"14,1";"13,3";"16,6"
"Aracaju (SE)";"60 a 64 anos";"4,0";"4,0";"4,2";"5,0";"5,0";"5,1";"3,8";"4,0";"5,0";"4,9"
"Aracaju (SE)";"65 anos ou mais";"6,0";"6,7";"6,3";"9,8";"6,8";"10,7";"5,7";"10,2";"8,3";"11,7"
"Salvador (BA)";"0 a 4 anos";"6,0";"4,5";"6,7";"6,7";"5,5";"4,6";"5,9";"4,2";"4,9";"3,8"
"Salvador (BA)";"5 a 13 anos";"13,5";"10,4";"13,1";"10,6";"12,0";"12,3";"11,5";"9,4";"11,0";"11,9"
"Salvador (BA)";"5 a 9 anos";"8,1";"6,1";"7,5";"6,3";"6,7";"7,0";"6,3";"5,5";"5,8";"6,2"
"Salvador (BA)";"10 a 13 anos";"5,4";"4,3";"5,5";"4,3";"5,3";"5,4";"5,2";"3,9";"5,3";"5,7"
"Salvador (BA)";"14 a 17 anos";"6,2";"4,6";"6,7";"3,5";"5,6";"4,4";"6,1";"5,0";"5,6";"5,0"
"Salvador (BA)";"14 a 15 anos";"2,6";"2,7";"3,4";"2,2";"2,8";"2,2";"3,1";"2,1";"2,3";"2,2"
"Salvador (BA)";"16 a 17 anos";"3,6";"1,9";"3,3";"1,4";"2,9";"2,3";"3,0";"2,9";"3,2";"2,8"
"Salvador (BA)";"18 a 19 anos";"2,6";"2,1";"2,7";"2,8";"3,3";"2,6";"2,8";"2,3";"2,6";"2,6"
"Salvador (BA)";"20 a 24 anos";"9,1";"7,9";"7,9";"6,8";"7,7";"7,9";"8,8";"8,0";"9,0";"6,6"
"Salvador (BA)";"25 a 29 anos";"7,6";"8,5";"8,7";"8,1";"7,8";"7,9";"8,4";"6,5";"6,9";"8,3"
"Salvador (BA)";"30 a 39 anos";"15,7";"15,1";"18,2";"19,0";"14,7";"13,5";"14,2";"15,5";"15,0";"14,4"
"Salvador (BA)";"40 a 49 anos";"14,3";"17,2";"13,4";"13,7";"18,1";"16,4";"16,4";"16,6";"17,3";"15,9"
"Salvador (BA)";"50 a 59 anos";"12,4";"13,3";"10,7";"12,1";"11,7";"13,1";"11,5";"14,5";"11,7";"14,0"
"Salvador (BA)";"60 anos ou mais";"12,6";"16,3";"11,8";"16,6";"13,6";"17,4";"14,4";"18,1";"16,0";"17,5"
"Salvador (BA)";"60 a 64 anos";"3,8";"4,2";"4,0";"5,4";"4,8";"4,9";"4,8";"5,5";"5,2";"5,1"
"Salvador (BA)";"65 anos ou mais";"8,8";"12,0";"7,8";"11,2";"8,8";"12,5";"9,6";"12,6";"10,8";"12,4"
"Belo Horizonte (MG)";"0 a 4 anos";"7,2";"5,8";"7,1";"5,9";"6,2";"6,4";"5,9";"5,7";"6,1";"5,4"
"Belo Horizonte (MG)";"5 a 13 anos";"12,3";"10,9";"11,6";"11,2";"11,9";"9,9";"12,6";"9,5";"11,3";"9,6"
"Belo Horizonte (MG)";"5 a 9 anos";"7,8";"5,9";"6,4";"6,6";"6,4";"5,9";"6,9";"5,7";"6,3";"5,3"
"Belo Horizonte (MG)";"10 a 13 anos";"4,6";"5,0";"5,2";"4,6";"5,5";"4,0";"5,7";"3,8";"5,0";"4,2"
"Belo Horizonte (MG)";"14 a 17 anos";"5,1";"5,4";"4,7";"4,4";"5,4";"4,5";"5,7";"5,1";"5,0";"3,8"
"Belo Horizonte (MG)";"14 a 15 anos";"2,7";"2,8";"2,3";"2,3";"2,7";"2,4";"2,4";"2,8";"2,9";"1,7"
"Belo Horizonte (MG)";"16 a 17 anos";"2,4";"2,5";"2,5";"2,2";"2,7";"2,0";"3,2";"2,3";"2,1";"2,2"
"Belo Horizonte (MG)";"18 a 19 anos";"3,2";"2,1";"2,8";"2,2";"2,4";"3,1";"2,8";"2,5";"2,5";"2,8"
"Belo Horizonte (MG)";"20 a 24 anos";"8,2";"8,1";"8,0";"7,5";"8,1";"6,8";"8,2";"6,9";"7,5";"6,4"
"Belo Horizonte (MG)";"25 a 29 anos";"8,3";"8,0";"8,2";"6,6";"9,6";"8,0";"7,6";"7,5";"8,6";"7,6"
"Belo Horizonte (MG)";"30 a 39 anos";"18,1";"16,5";"18,4";"15,6";"17,7";"16,0";"16,5";"15,6";"16,6";"16,4"
"Belo Horizonte (MG)";"40 a 49 anos";"15,2";"15,7";"15,6";"17,0";"15,1";"15,8";"15,6";"15,7";"16,0";"17,0"
"Belo Horizonte (MG)";"50 a 59 anos";"9,9";"11,2";"10,7";"11,3";"10,5";"12,8";"11,4";"13,5";"11,8";"11,9"
"Belo Horizonte (MG)";"60 anos ou mais";"12,7";"16,4";"12,9";"18,3";"13,1";"16,8";"13,6";"18,0";"14,6";"19,0"
"Belo Horizonte (MG)";"60 a 64 anos";"4,1";"5,6";"4,1";"5,6";"4,7";"5,1";"4,3";"4,6";"4,8";"5,4"
"Belo Horizonte (MG)";"65 anos ou mais";"8,6";"10,8";"8,8";"12,7";"8,4";"11,7";"9,3";"13,4";"9,9";"13,6"
"Grande Vitória (ES)";"0 a 4 anos";"7,9";"8,3";"7,7";"7,4";"7,7";"6,3";"6,8";"5,3";"6,1";"5,4"
"Grande Vitória (ES)";"5 a 13 anos";"14,5";"12,9";"12,7";"12,3";"12,4";"12,5";"12,9";"11,3";"12,5";"11,6"
"Grande Vitória (ES)";"5 a 9 anos";"8,8";"6,8";"7,9";"7,3";"6,9";"7,1";"7,1";"6,4";"6,6";"6,0"
"Grande Vitória (ES)";"10 a 13 anos";"5,7";"6,1";"4,8";"5,0";"5,5";"5,4";"5,8";"4,9";"5,9";"5,6"
"Grande Vitória (ES)";"14 a 17 anos";"5,7";"5,0";"5,6";"5,5";"4,8";"4,8";"5,4";"5,4";"6,6";"5,4"
"Grande Vitória (ES)";"14 a 15 anos";"2,5";"2,3";"2,4";"3,0";"2,3";"2,4";"3,1";"2,7";"3,7";"3,0"
"Grande Vitória (ES)";"16 a 17 anos";"3,2";"2,6";"3,2";"2,5";"2,5";"2,4";"2,3";"2,8";"2,9";"2,4"
"Grande Vitória (ES)";"18 a 19 anos";"2,7";"2,5";"2,6";"3,2";"3,2";"2,4";"2,7";"3,0";"2,7";"2,6"
"Grande Vitória (ES)";"20 a 24 anos";"6,9";"7,9";"9,1";"6,6";"7,6";"7,8";"7,9";"6,2";"7,6";"7,7"
"Grande Vitória (ES)";"25 a 29 anos";"8,4";"7,1";"7,8";"6,5";"7,6";"7,5";"7,1";"7,3";"8,8";"7,3"
"Grande Vitória (ES)";"30 a 39 anos";"18,6";"16,7";"16,4";"16,9";"17,5";"15,9";"16,7";"17,5";"15,1";"14,4"
"Grande Vitória (ES)";"40 a 49 anos";"13,5";"13,7";"14,9";"15,9";"13,5";"14,6";"15,1";"14,4";"15,5";"17,1"
"Grande Vitória (ES)";"50 a 59 anos";"10,2";"11,8";"10,5";"10,6";"10,4";"11,2";"10,5";"11,5";"10,5";"11,1"
"Grande Vitória (ES)";"60 anos ou mais";"11,5";"14,2";"12,8";"15,0";"15,2";"17,1";"14,8";"18,0";"14,6";"17,4"
"Grande Vitória (ES)";"60 a 64 anos";"3,5";"4,9";"4,6";"4,3";"4,4";"4,7";"4,6";"5,3";"4,6";"4,8"
"Grande Vitória (ES)";"65 anos ou mais";"8,0";"9,3";"8,2";"10,7";"10,8";"12,4";"10,3";"12,7";"10,0";"12,5"
"Rio de Janeiro (RJ)";"0 a 4 anos";"5,1";"4,4";"6,1";"4,6";"5,3";"4,8";"5,0";"4,3";"5,4";"4,5"
"Rio de Janeiro (RJ)";"5 a 13 anos";"11,7";"9,7";"10,7";"9,4";"12,1";"9,7";"11,9";"10,0";"11,4";"9,4"
"Rio de Janeiro (RJ)";"5 a 9 anos";"6,2";"5,5";"6,0";"5,1";"6,7";"5,6";"6,3";"5,3";"5,7";"4,8"
"Rio de Janeiro (RJ)";"10 a 13 anos";"5,5";"4,2";"4,7";"4,2";"5,4";"4,2";"5,6";"4,7";"5,7";"4,5"
"Rio de Janeiro (RJ)";"14 a 17 anos";"4,7";"5,0";"5,1";"4,4";"4,8";"4,8";"5,5";"4,8";"5,2";"4,6"
"Rio de Janeiro (RJ)";"14 a 15 anos";"2,2";"2,6";"2,5";"1,8";"2,5";"2,4";"2,8";"2,4";"2,6";"2,4"
"Rio de Janeiro (RJ)";"16 a 17 anos";"2,5";"2,4";"2,6";"2,6";"2,3";"2,4";"2,7";"2,4";"2,7";"2,3"
"Rio de Janeiro (RJ)";"18 a 19 anos";"2,8";"2,3";"2,7";"2,4";"2,4";"2,5";"2,4";"2,3";"2,5";"2,2"
"Rio de Janeiro (RJ)";"20 a 24 anos";"8,0";"6,7";"8,4";"7,0";"7,5";"5,7";"7,3";"6,2";"6,7";"5,7"
"Rio de Janeiro (RJ)";"25 a 29 anos";"8,2";"6,9";"7,9";"7,3";"7,7";"7,6";"7,0";"6,8";"7,2";"7,0"
"Rio de Janeiro (RJ)";"30 a 39 anos";"15,6";"15,2";"15,5";"14,7";"14,9";"14,6";"14,9";"13,6";"15,5";"14,1"
"Rio de Janeiro (RJ)";"40 a 49 anos";"14,3";"14,0";"15,2";"14,7";"15,5";"15,2";"15,4";"15,7";"15,2";"15,0"
"Rio de Janeiro (RJ)";"50 a 59 anos";"13,3";"13,3";"11,8";"13,5";"12,6";"13,5";"13,0";"13,5";"12,7";"13,3"
"Rio de Janeiro (RJ)";"60 anos ou mais";"16,4";"22,4";"16,6";"22,0";"17,2";"21,6";"17,6";"22,9";"18,1";"24,1"
"Rio de Janeiro (RJ)";"60 a 64 anos";"4,6";"6,4";"5,4";"6,2";"5,4";"5,9";"5,7";"6,2";"5,9";"7,0"
"Rio de Janeiro (RJ)";"65 anos ou mais";"11,8";"15,9";"11,2";"15,8";"11,8";"15,7";"11,9";"16,7";"12,2";"17,1"
"São Paulo (SP)";"0 a 4 anos";"6,2";"5,0";"6,1";"6,1";"5,8";"5,0";"5,8";"4,7";"5,3";"4,7"
"São Paulo (SP)";"5 a 13 anos";"11,7";"10,5";"13,1";"10,3";"11,9";"10,6";"11,8";"10,2";"11,7";"10,8"
"São Paulo (SP)";"5 a 9 anos";"6,5";"6,0";"7,2";"5,6";"6,6";"5,7";"6,4";"5,5";"6,5";"5,6"
"São Paulo (SP)";"10 a 13 anos";"5,2";"4,5";"5,9";"4,7";"5,2";"4,9";"5,3";"4,8";"5,2";"5,1"
"São Paulo (SP)";"14 a 17 anos";"6,0";"5,5";"5,2";"4,8";"5,6";"5,0";"5,9";"5,4";"5,7";"5,3"
"São Paulo (SP)";"14 a 15 anos";"3,0";"2,7";"2,8";"2,3";"2,8";"2,5";"2,9";"3,0";"2,6";"2,3"
"São Paulo (SP)";"16 a 17 anos";"3,0";"2,8";"2,4";"2,5";"2,8";"2,5";"3,0";"2,5";"3,1";"3,0"
"São Paulo (SP)";"18 a 19 anos";"3,5";"2,7";"2,7";"2,6";"3,0";"2,7";"3,0";"2,0";"2,7";"2,4"
"São Paulo (SP)";"20 a 24 anos";"8,2";"8,5";"7,4";"7,0";"8,3";"7,0";"7,3";"6,6";"8,0";"6,8"
"São Paulo (SP)";"25 a 29 anos";"8,2";"7,1";"8,4";"8,5";"9,0";"7,0";"8,1";"7,4";"8,5";"7,4"
"São Paulo (SP)";"30 a 39 anos";"15,4";"15,6";"17,3";"16,0";"14,7";"15,1";"15,8";"15,0";"16,5";"15,1"
"São Paulo (SP)";"40 a 49 anos";"15,3";"15,3";"14,1";"14,8";"15,2";"15,6";"15,3";"15,8";"16,2";"16,0"
"São Paulo (SP)";"50 a 59 anos";"11,5";"12,7";"11,6";"12,3";"11,9";"12,9";"11,9";"13,4";"11,5";"12,9"
"São Paulo (SP)";"60 anos ou mais";"13,9";"17,1";"14,1";"17,8";"14,7";"19,2";"15,2";"19,4";"13,9";"18,8"
"São Paulo (SP)";"60 a 64 anos";"5,2";"5,3";"4,3";"5,1";"4,8";"5,8";"5,1";"5,4";"4,5";"5,4"
"São Paulo (SP)";"65 anos ou mais";"8,8";"11,7";"9,8";"12,6";"9,9";"13,3";"10,0";"14,0";"9,4";"13,4"
"Curitiba (PR)";"0 a 4 anos";"6,5";"6,6";"5,3";"5,5";"4,9";"5,6";"4,9";"5,3";"4,9";"5,2"
"Curitiba (PR)";"5 a 13 anos";"12,7";"11,5";"12,7";"10,9";"12,6";"10,6";"10,4";"11,8";"12,3";"11,0"
"Curitiba (PR)";"5 a 9 anos";"6,6";"6,6";"6,9";"5,6";"6,9";"6,0";"5,9";"6,9";"6,6";"6,0"
"Curitiba (PR)";"10 a 13 anos";"6,1";"4,8";"5,8";"5,3";"5,8";"4,6";"4,5";"4,9";"5,6";"5,0"
"Curitiba (PR)";"14 a 17 anos";"5,9";"4,8";"5,7";"4,9";"5,6";"5,2";"5,2";"5,3";"5,7";"4,7"
"Curitiba (PR)";"14 a 15 anos";"2,9";"2,5";"2,5";"2,3";"2,6";"2,8";"2,9";"2,3";"2,8";"2,9"
"Curitiba (PR)";"16 a 17 anos";"3,0";"2,4";"3,3";"2,7";"3,0";"2,4";"2,3";"3,0";"2,9";"1,8"
"Curitiba (PR)";"18 a 19 anos";"3,7";"2,4";"2,7";"2,6";"3,6";"2,6";"2,7";"2,5";"2,8";"2,8"
"Curitiba (PR)";"20 a 24 anos";"8,6";"6,8";"9,1";"8,1";"9,4";"7,2";"8,5";"7,5";"8,4";"6,8"
"Curitiba (PR)";"25 a 29 anos";"7,7";"7,6";"9,1";"8,4";"9,1";"8,1";"9,1";"7,7";"8,4";"8,4"
"Curitiba (PR)";"30 a 39 anos";"16,9";"15,8";"15,8";"16,0";"16,5";"15,8";"17,1";"14,8";"17,2";"14,5"
"Curitiba (PR)";"40 a 49 anos";"14,5";"16,4";"15,1";"15,2";"14,3";"15,3";"15,2";"15,2";"15,2";"16,3"
"Curitiba (PR)";"50 a 59 anos";"11,4";"11,3";"11,5";"12,4";"10,6";"12,5";"11,8";"12,5";"11,6";"13,1"
"Curitiba (PR)";"60 anos ou mais";"12,2";"16,7";"12,9";"15,8";"13,5";"17,0";"15,0";"17,4";"13,5";"17,2"
"Curitiba (PR)";"60 a 64 anos";"3,6";"6,4";"4,5";"5,2";"4,3";"5,4";"4,5";"5,0";"4,7";"5,1"
"Curitiba (PR)";"65 anos ou mais";"8,6";"10,4";"8,4";"10,7";"9,3";"11,7";"10,5";"12,4";"8,8";"12,1"
"Florianópolis (SC)";"0 a 4 anos";"6,1";"9,4";"6,0";"4,4";"5,8";"7,3";"4,0";"4,9";"4,6";"4,0"
"Florianópolis (SC)";"5 a 13 anos";"15,3";"8,2";"9,0";"10,3";"13,1";"9,1";"10,8";"9,2";"11,0";"11,0"
"Florianópolis (SC)";"5 a 9 anos";"7,8";"5,2";"4,2";"6,0";"7,5";"4,5";"6,4";"5,5";"6,4";"6,2"
"Florianópolis (SC)";"10 a 13 anos";"7,4";"3,0";"4,7";"4,4";"5,7";"4,7";"4,5";"3,7";"4,7";"4,7"
"Florianópolis (SC)";"14 a 17 anos";"5,3";"5,6";"4,4";"4,5";"5,3";"4,2";"4,3";"3,7";"4,8";"4,4"
"Florianópolis (SC)";"14 a 15 anos";"2,3";"3,4";"2,3";"1,9";"3,1";"1,9";"2,1";"1,7";"2,9";"1,7"
"Florianópolis (SC)";"16 a 17 anos";"3,1";"2,3";"2,0";"2,6";"2,2";"2,3";"2,2";"2,0";"1,9";"2,7"
"Florianópolis (SC)";"18 a 19 anos";"1,4";"1,0";"2,7";"3,0";"1,9";"1,5";"2,5";"2,6";"2,1";"2,1"
"Florianópolis (SC)";"20 a 24 anos";"5,7";"5,7";"7,9";"8,6";"6,8";"6,7";"8,3";"7,8";"7,2";"6,5"
"Florianópolis (SC)";"25 a 29 anos";"7,0";"7,3";"7,2";"6,0";"9,1";"8,8";"10,7";"9,6";"8,1";"8,4"
"Florianópolis (SC)";"30 a 39 anos";"18,5";"18,3";"18,9";"16,7";"18,7";"20,6";"18,3";"16,0";"17,9";"17,7"
"Florianópolis (SC)";"40 a 49 anos";"15,3";"16,2";"15,3";"15,5";"15,7";"13,3";"14,2";"14,8";"16,3";"14,6"
"Florianópolis (SC)";"50 a 59 anos";"11,7";"11,1";"12,9";"12,3";"11,3";"11,3";"10,6";"10,9";"12,5";"13,1"
"Florianópolis (SC)";"60 anos ou mais";"13,7";"17,1";"15,8";"18,7";"12,3";"17,2";"16,4";"20,5";"15,5";"18,2"
"Florianópolis (SC)";"60 a 64 anos";"4,9";"6,0";"5,0";"5,7";"3,9";"5,6";"4,8";"7,7";"6,3";"5,3"
"Florianópolis (SC)";"65 anos ou mais";"8,8";"11,1";"10,8";"13,0";"8,4";"11,6";"11,6";"12,9";"9,2";"13,0"
"Porto Alegre (RS)";"0 a 4 anos";"6,3";"5,4";"5,7";"5,2";"6,0";"4,4";"5,4";"5,1";"5,9";"4,9"
"Porto Alegre (RS)";"5 a 13 anos";"11,7";"10,6";"11,2";"11,1";"11,2";"11,9";"11,3";"10,3";"11,2";"10,5"
"Porto Alegre (RS)";"5 a 9 anos";"7,3";"5,6";"6,8";"6,5";"6,3";"6,7";"6,5";"5,6";"5,4";"5,4"
"Porto Alegre (RS)";"10 a 13 anos";"4,4";"5,0";"4,4";"4,6";"4,9";"5,2";"4,8";"4,7";"5,8";"5,0"
"Porto Alegre (RS)";"14 a 17 anos";"5,0";"4,8";"5,3";"3,4";"5,5";"4,7";"5,0";"4,7";"5,4";"5,3"
"Porto Alegre (RS)";"14 a 15 anos";"2,3";"2,5";"2,6";"1,8";"2,5";"2,3";"2,5";"2,7";"2,8";"2,5"
"Porto Alegre (RS)";"16 a 17 anos";"2,7";"2,2";"2,7";"1,6";"3,0";"2,4";"2,5";"2,0";"2,6";"2,7"
"Porto Alegre (RS)";"18 a 19 anos";"3,5";"2,5";"2,5";"3,0";"2,5";"1,9";"2,2";"2,8";"2,3";"1,9"
"Porto Alegre (RS)";"20 a 24 anos";"7,6";"6,9";"7,6";"6,7";"8,3";"6,7";"6,9";"6,6";"8,5";"6,5"
"Porto Alegre (RS)";"25 a 29 anos";"7,3";"6,9";"7,3";"6,4";"7,0";"7,6";"7,4";"6,3";"8,3";"6,9"
"Porto Alegre (RS)";"30 a 39 anos";"17,4";"16,8";"15,7";"15,2";"16,3";"15,0";"15,7";"15,1";"14,4";"13,9"
"Porto Alegre (RS)";"40 a 49 anos";"13,8";"13,1";"15,0";"14,4";"15,9";"14,7";"16,8";"15,4";"14,3";"15,4"
"Porto Alegre (RS)";"50 a 59 anos";"11,5";"12,0";"12,0";"13,3";"11,3";"12,3";"12,0";"12,3";"12,6";"12,1"
"Porto Alegre (RS)";"60 anos ou mais";"16,1";"21,0";"17,6";"21,3";"15,8";"20,8";"17,2";"21,4";"17,3";"22,5"
"Porto Alegre (RS)";"60 a 64 anos";"5,6";"6,8";"6,0";"6,4";"5,0";"5,8";"5,3";"6,6";"5,2";"6,4"
"Porto Alegre (RS)";"65 anos ou mais";"10,5";"14,2";"11,5";"14,9";"10,9";"15,0";"11,9";"14,9";"12,1";"16,1"
"Vale do Rio Cuiabá (MT)";"0 a 4 anos";"7,4";"8,1";"10,1";"7,7";"8,3";"7,2";"7,8";"7,3";"7,6";"7,3"
"Vale do Rio Cuiabá (MT)";"5 a 13 anos";"14,4";"11,7";"14,7";"13,4";"13,5";"12,0";"11,4";"12,5";"11,9";"13,4"
"Vale do Rio Cuiabá (MT)";"5 a 9 anos";"8,3";"6,2";"8,4";"7,7";"7,2";"5,6";"6,7";"6,9";"6,8";"7,0"
"Vale do Rio Cuiabá (MT)";"10 a 13 anos";"6,1";"5,4";"6,3";"5,7";"6,3";"6,5";"4,7";"5,6";"5,1";"6,4"
"Vale do Rio Cuiabá (MT)";"14 a 17 anos";"4,8";"7,2";"5,6";"6,8";"4,9";"7,4";"5,1";"6,5";"5,5";"4,9"
"Vale do Rio Cuiabá (MT)";"14 a 15 anos";"2,5";"4,1";"3,1";"3,6";"1,9";"3,3";"2,1";"3,4";"2,7";"2,5"
"Vale do Rio Cuiabá (MT)";"16 a 17 anos";"2,3";"3,1";"2,5";"3,2";"3,1";"4,1";"3,0";"3,2";"2,8";"2,4"
"Vale do Rio Cuiabá (MT)";"18 a 19 anos";"2,8";"2,4";"2,2";"2,6";"4,0";"2,3";"2,7";"3,1";"2,7";"3,3"
"Vale do Rio Cuiabá (MT)";"20 a 24 anos";"7,8";"6,9";"10,1";"7,2";"8,2";"7,9";"9,8";"9,3";"7,4";"7,5"
"Vale do Rio Cuiabá (MT)";"25 a 29 anos";"10,3";"7,4";"7,6";"7,6";"6,9";"7,0";"7,4";"7,1";"8,6";"6,2"
"Vale do Rio Cuiabá (MT)";"30 a 39 anos";"18,4";"14,6";"17,0";"17,0";"16,2";"16,7";"16,2";"14,0";"16,5";"15,3"
"Vale do Rio Cuiabá (MT)";"40 a 49 anos";"12,3";"16,3";"12,1";"13,5";"16,6";"14,4";"16,9";"15,0";"15,3";"15,5"
"Vale do Rio Cuiabá (MT)";"50 a 59 anos";"10,3";"10,4";"9,1";"11,3";"10,4";"10,9";"11,0";"11,6";"12,0";"10,9"
"Vale do Rio Cuiabá (MT)";"60 anos ou mais";"11,5";"15,0";"11,6";"12,9";"11,0";"14,2";"11,6";"13,6";"12,5";"15,8"
"Vale do Rio Cuiabá (MT)";"60 a 64 anos";"5,7";"4,9";"3,7";"4,6";"3,3";"4,2";"3,4";"3,8";"4,0";"4,3"
"Vale do Rio Cuiabá (MT)";"65 anos ou mais";"5,7";"10,1";"7,9";"8,2";"7,7";"10,0";"8,2";"9,8";"8,5";"11,4"
"Goiânia (GO)";"0 a 4 anos";"7,1";"6,9";"5,9";"4,8";"6,6";"5,3";"6,3";"5,9";"5,5";"5,3"
"Goiânia (GO)";"5 a 13 anos";"11,3";"11,8";"11,3";"11,9";"12,7";"10,5";"13,8";"12,1";"11,2";"11,2"
"Goiânia (GO)";"5 a 9 anos";"5,5";"6,2";"6,7";"7,3";"7,6";"5,4";"8,2";"7,0";"6,0";"6,2"
"Goiânia (GO)";"10 a 13 anos";"5,8";"5,5";"4,6";"4,5";"5,1";"5,1";"5,7";"5,1";"5,3";"5,0"
"Goiânia (GO)";"14 a 17 anos";"5,2";"5,2";"5,3";"5,2";"5,7";"5,6";"5,6";"4,3";"5,0";"5,7"
"Goiânia (GO)";"14 a 15 anos";"2,3";"2,6";"2,6";"2,9";"2,9";"2,5";"2,8";"2,1";"2,1";"2,9"
"Goiânia (GO)";"16 a 17 anos";"2,9";"2,6";"2,7";"2,3";"2,7";"3,2";"2,8";"2,2";"2,9";"2,7"
"Goiânia (GO)";"18 a 19 anos";"3,0";"2,3";"3,0";"2,4";"2,8";"3,2";"2,8";"3,1";"3,1";"2,4"
"Goiânia (GO)";"20 a 24 anos";"9,0";"7,1";"9,8";"7,7";"9,2";"8,1";"8,5";"7,5";"8,5";"7,3"
"Goiânia (GO)";"25 a 29 anos";"9,3";"7,7";"9,9";"8,7";"8,3";"9,0";"9,7";"9,7";"9,5";"7,5"
"Goiânia (GO)";"30 a 39 anos";"16,2";"16,0";"16,7";"15,2";"17,7";"15,1";"17,6";"16,7";"17,7";"17,8"
"Goiânia (GO)";"40 a 49 anos";"13,5";"14,3";"13,7";"15,8";"14,4";"14,9";"14,5";"14,4";"14,3";"13,2"
"Goiânia (GO)";"50 a 59 anos";"11,8";"13,0";"12,2";"12,8";"10,3";"11,4";"10,1";"12,0";"12,5";"12,1"
"Goiânia (GO)";"60 anos ou mais";"13,6";"15,8";"12,3";"15,6";"12,2";"16,8";"11,1";"14,4";"12,6";"17,6"
"Goiânia (GO)";"60 a 64 anos";"4,8";"4,7";"3,8";"5,3";"4,1";"6,0";"3,9";"4,5";"4,3";"5,8"
"Goiânia (GO)";"65 anos ou mais";"8,8";"11,1";"8,4";"10,3";"8,1";"10,8";"7,2";"9,9";"8,3";"11,8"
"Fonte: IBGE. Pesquisa Nacional por Amostra de Domicílios Contínua, acumulado de primeiras visitas, exceto 2020-2021, acumulado de quintas visitas, devido à pandemia de Covid-19."

"Tabela 6407 - População residente, por sexo e grupos de idade"
"Variável - Coeficiente de variação - Distribuição percentual da população por sexo segundo grupos de idade (%)"
"Grande Região, Unidade da Federação, Município e Região Metropolitana até 2020";"Grupo de idade";"Ano x Sexo"
"Grande Região, Unidade da Federação, Município e Região Metropolitana até 2020";"Grupo de idade";"2021";;"2022";;"2023";;"2024";;"2025"
"Grande Região, Unidade da Federação, Município e Região Metropolitana até 2020";"Grupo de idade";"Homens";"Mulheres";"Homens";"Mulheres";"Homens";"Mulheres";"Homens";"Mulheres";"Homens";"Mulheres"
"Norte";"0 a 4 anos";"3,4";"3,8";"2,9";"2,8";"2,9";"3,0";"3,0";"2,9";"2,7";"2,8"
"Norte";"5 a 13 anos";"2,3";"2,2";"2,0";"2,2";"2,0";"2,0";"1,9";"2,4";"2,0";"1,7"
"Norte";"5 a 9 anos";"2,9";"3,1";"2,9";"2,8";"2,5";"2,8";"2,4";"3,0";"2,6";"2,8"
"Norte";"10 a 13 anos";"3,2";"3,5";"2,9";"3,4";"3,1";"3,5";"3,5";"3,3";"2,9";"3,2"
"Norte";"14 a 17 anos";"3,5";"3,5";"2,9";"3,1";"2,9";"2,7";"3,2";"3,1";"3,0";"3,1"
"Norte";"14 a 15 anos";"4,5";"5,4";"4,6";"4,3";"4,4";"3,9";"4,3";"4,4";"4,0";"4,1"
"Norte";"16 a 17 anos";"5,2";"4,7";"3,8";"4,3";"3,9";"4,2";"4,0";"4,5";"4,3";"4,6"
"Norte";"18 a 19 anos";"4,5";"5,0";"4,0";"4,3";"3,9";"4,7";"4,1";"4,4";"4,4";"4,6"
"Norte";"20 a 24 anos";"3,4";"2,9";"2,5";"2,6";"2,6";"2,6";"2,6";"2,8";"3,0";"2,6"
"Norte";"25 a 29 anos";"3,3";"3,1";"2,6";"2,9";"3,2";"2,7";"2,6";"2,8";"2,8";"2,8"
"Norte";"30 a 39 anos";"2,0";"2,1";"1,9";"2,0";"2,3";"2,0";"1,9";"2,0";"2,1";"1,8"
"Norte";"40 a 49 anos";"2,5";"2,3";"1,9";"1,9";"1,9";"2,0";"1,9";"1,8";"2,2";"1,8"
"Norte";"50 a 59 anos";"2,6";"2,5";"2,6";"2,4";"2,2";"2,2";"2,4";"2,1";"2,2";"2,4"
"Norte";"60 anos ou mais";"2,8";"2,9";"2,5";"2,5";"2,5";"2,4";"2,5";"2,4";"2,5";"2,5"
"Norte";"60 a 64 anos";"4,4";"4,2";"4,2";"3,8";"3,9";"3,9";"4,5";"3,8";"3,7";"3,7"
"Norte";"65 anos ou mais";"3,3";"3,6";"3,1";"2,8";"3,1";"2,8";"3,1";"3,1";"3,0";"2,9"
"Nordeste";"0 a 4 anos";"2,2";"1,9";"1,9";"1,9";"1,9";"1,8";"1,8";"2,0";"1,8";"1,8"
"Nordeste";"5 a 13 anos";"1,5";"1,4";"1,3";"1,4";"1,3";"1,2";"1,2";"1,3";"1,2";"1,2"
"Nordeste";"5 a 9 anos";"2,1";"2,0";"1,8";"1,9";"1,7";"1,8";"1,6";"1,5";"1,6";"1,8"
"Nordeste";"10 a 13 anos";"2,0";"2,0";"1,9";"2,0";"1,9";"1,8";"1,9";"2,0";"1,7";"1,8"
"Nordeste";"14 a 17 anos";"2,3";"1,9";"1,9";"1,9";"1,9";"1,9";"1,7";"1,9";"2,0";"2,0"
"Nordeste";"14 a 15 anos";"3,3";"2,7";"2,8";"2,8";"2,6";"2,8";"2,5";"2,8";"2,8";"2,8"
"Nordeste";"16 a 17 anos";"3,1";"3,0";"2,8";"2,7";"2,9";"2,8";"2,8";"2,8";"2,9";"3,0"
"Nordeste";"18 a 19 anos";"3,0";"3,1";"2,6";"2,9";"2,9";"2,8";"2,9";"3,0";"2,8";"3,1"
"Nordeste";"20 a 24 anos";"1,9";"2,1";"1,5";"1,9";"1,7";"1,7";"1,7";"1,7";"1,8";"1,7"
"Nordeste";"25 a 29 anos";"2,3";"2,0";"1,9";"1,8";"1,9";"1,7";"1,9";"1,8";"1,7";"1,7"
"Nordeste";"30 a 39 anos";"1,3";"1,1";"1,4";"1,2";"1,2";"1,1";"1,1";"1,1";"1,3";"1,1"
"Nordeste";"40 a 49 anos";"1,4";"1,3";"1,2";"1,1";"1,3";"1,0";"1,2";"1,1";"1,2";"1,1"
"Nordeste";"50 a 59 anos";"1,6";"1,5";"1,4";"1,4";"1,4";"1,3";"1,4";"1,2";"1,4";"1,4"
"Nordeste";"60 anos ou mais";"1,7";"1,3";"1,4";"1,3";"1,4";"1,4";"1,3";"1,2";"1,4";"1,3"
"Nordeste";"60 a 64 anos";"2,5";"2,4";"2,6";"2,1";"2,0";"2,3";"2,2";"1,8";"2,2";"1,9"
"Nordeste";"65 anos ou mais";"2,1";"1,8";"1,7";"1,5";"1,6";"1,5";"1,4";"1,5";"1,7";"1,5"
"Sudeste";"0 a 4 anos";"2,0";"1,9";"1,9";"1,9";"1,9";"1,8";"1,9";"1,8";"1,7";"1,6"
"Sudeste";"5 a 13 anos";"1,3";"1,4";"1,3";"1,4";"1,2";"1,3";"1,1";"1,3";"1,1";"1,2"
"Sudeste";"5 a 9 anos";"1,7";"2,0";"1,8";"1,8";"1,6";"1,7";"1,5";"1,6";"1,6";"1,7"
"Sudeste";"10 a 13 anos";"1,8";"2,1";"2,0";"2,1";"1,7";"2,0";"1,7";"1,9";"1,8";"1,8"
"Sudeste";"14 a 17 anos";"2,3";"2,3";"2,1";"1,9";"2,0";"2,1";"2,0";"2,3";"2,3";"2,7"
"Sudeste";"14 a 15 anos";"3,2";"3,6";"3,2";"4,0";"3,1";"3,5";"3,4";"3,3";"3,1";"3,6"
"Sudeste";"16 a 17 anos";"3,2";"3,4";"3,4";"3,3";"3,2";"3,0";"2,9";"3,3";"4,4";"4,2"
"Sudeste";"18 a 19 anos";"3,4";"3,6";"3,4";"3,5";"2,8";"3,3";"3,5";"3,5";"3,8";"3,4"
"Sudeste";"20 a 24 anos";"1,6";"1,7";"1,5";"1,6";"1,5";"1,6";"1,4";"1,6";"1,8";"1,6"
"Sudeste";"25 a 29 anos";"1,8";"1,7";"1,7";"1,7";"1,6";"1,5";"1,5";"1,5";"1,5";"1,6"
"Sudeste";"30 a 39 anos";"1,1";"0,9";"1,1";"1,1";"1,0";"0,9";"1,0";"1,0";"1,2";"1,0"
"Sudeste";"40 a 49 anos";"1,1";"1,0";"1,0";"0,8";"0,9";"0,9";"0,9";"0,9";"0,9";"0,9"
"Sudeste";"50 a 59 anos";"1,2";"1,1";"1,1";"1,1";"1,1";"1,0";"1,0";"1,0";"1,1";"1,1"
"Sudeste";"60 anos ou mais";"1,2";"1,0";"1,0";"1,0";"1,0";"1,0";"1,0";"0,9";"1,1";"1,0"
"Sudeste";"60 a 64 anos";"1,9";"1,5";"1,7";"1,5";"1,3";"1,4";"1,7";"1,4";"1,7";"1,5"
"Sudeste";"65 anos ou mais";"1,3";"1,2";"1,2";"1,1";"1,3";"1,2";"1,1";"1,1";"1,2";"1,1"
"Sul";"0 a 4 anos";"3,3";"3,6";"3,0";"2,7";"2,6";"2,7";"3,1";"2,6";"2,7";"2,7"
"Sul";"5 a 13 anos";"2,3";"2,1";"1,8";"1,8";"1,8";"1,9";"1,8";"1,7";"1,8";"1,9"
"Sul";"5 a 9 anos";"3,4";"2,9";"2,4";"2,3";"2,4";"2,6";"2,4";"2,4";"2,4";"2,4"
"Sul";"10 a 13 anos";"3,4";"3,2";"2,8";"2,9";"2,7";"2,9";"2,9";"3,2";"2,9";"2,9"
"Sul";"14 a 17 anos";"3,0";"3,2";"3,0";"2,8";"2,8";"2,8";"3,0";"2,8";"2,6";"3,0"
"Sul";"14 a 15 anos";"4,8";"4,7";"4,4";"4,6";"4,3";"4,0";"3,9";"4,3";"3,8";"4,2"
"Sul";"16 a 17 anos";"4,1";"4,7";"3,9";"4,0";"3,9";"4,6";"4,2";"3,8";"4,1";"4,2"
"Sul";"18 a 19 anos";"4,3";"6,1";"3,7";"4,5";"4,1";"4,0";"3,7";"4,0";"4,3";"4,3"
"Sul";"20 a 24 anos";"2,8";"2,9";"2,5";"2,7";"2,3";"2,3";"2,4";"2,6";"2,7";"2,6"
"Sul";"25 a 29 anos";"3,5";"3,0";"2,5";"2,6";"2,6";"2,4";"2,6";"2,4";"2,7";"2,5"
"Sul";"30 a 39 anos";"1,9";"1,6";"1,6";"1,6";"1,7";"1,6";"1,7";"1,5";"1,7";"1,5"
"Sul";"40 a 49 anos";"1,9";"1,9";"1,5";"1,5";"1,6";"1,5";"1,5";"1,5";"1,5";"1,5"
"Sul";"50 a 59 anos";"1,9";"1,8";"1,8";"1,6";"1,9";"1,7";"1,6";"1,7";"1,7";"1,8"
"Sul";"60 anos ou mais";"2,1";"1,8";"1,8";"1,8";"1,8";"1,6";"1,8";"1,7";"1,8";"1,6"
"Sul";"60 a 64 anos";"3,3";"2,7";"2,6";"2,6";"2,8";"2,7";"2,9";"2,5";"2,6";"2,5"
"Sul";"65 anos ou mais";"2,4";"2,1";"2,2";"2,0";"2,1";"1,9";"2,0";"2,0";"2,3";"1,8"
"Centro-Oeste";"0 a 4 anos";"3,9";"3,4";"3,1";"3,2";"3,2";"3,6";"3,4";"3,2";"3,3";"3,4"
"Centro-Oeste";"5 a 13 anos";"2,8";"2,7";"2,4";"2,3";"2,5";"2,3";"2,3";"2,1";"2,2";"2,3"
"Centro-Oeste";"5 a 9 anos";"3,7";"3,7";"3,3";"3,3";"3,3";"3,3";"3,0";"3,1";"3,0";"3,0"
"Centro-Oeste";"10 a 13 anos";"3,8";"4,0";"3,8";"3,9";"3,4";"3,7";"3,4";"3,2";"3,4";"3,6"
"Centro-Oeste";"14 a 17 anos";"3,8";"4,1";"3,6";"3,5";"3,6";"3,5";"3,2";"3,4";"3,2";"3,4"
"Centro-Oeste";"14 a 15 anos";"4,8";"5,7";"5,4";"5,3";"5,1";"4,6";"4,6";"5,0";"4,6";"4,9"
"Centro-Oeste";"16 a 17 anos";"5,8";"6,0";"5,3";"4,7";"5,0";"5,7";"4,7";"5,0";"4,6";"5,3"
"Centro-Oeste";"18 a 19 anos";"5,5";"5,3";"5,4";"5,0";"5,4";"5,0";"5,1";"5,4";"4,9";"5,3"
"Centro-Oeste";"20 a 24 anos";"3,3";"3,5";"3,0";"3,5";"3,1";"3,1";"3,2";"3,1";"3,3";"3,6"
"Centro-Oeste";"25 a 29 anos";"3,7";"3,3";"3,3";"3,2";"3,6";"3,5";"3,0";"3,5";"3,1";"3,3"
"Centro-Oeste";"30 a 39 anos";"2,4";"2,1";"1,9";"2,0";"2,0";"1,9";"2,2";"1,8";"2,0";"2,0"
"Centro-Oeste";"40 a 49 anos";"2,4";"2,4";"2,0";"2,1";"2,1";"1,8";"1,9";"1,9";"2,0";"1,9"
"Centro-Oeste";"50 a 59 anos";"2,7";"2,7";"2,6";"2,2";"2,6";"2,2";"2,4";"2,3";"2,2";"2,2"
"Centro-Oeste";"60 anos ou mais";"2,8";"2,7";"2,6";"2,4";"2,6";"2,8";"2,7";"2,5";"2,6";"2,5"
"Centro-Oeste";"60 a 64 anos";"4,6";"4,0";"4,3";"3,7";"3,9";"3,8";"4,0";"3,7";"3,8";"4,2"
"Centro-Oeste";"65 anos ou mais";"3,3";"3,2";"3,2";"2,9";"3,1";"3,2";"3,3";"2,9";"3,1";"2,9"
"Rondônia";"0 a 4 anos";"7,6";"8,6";"7,8";"7,9";"9,5";"7,8";"7,9";"8,2";"9,2";"11,8"
"Rondônia";"5 a 13 anos";"5,5";"5,4";"5,9";"5,6";"5,8";"5,6";"6,2";"6,9";"5,0";"6,6"
"Rondônia";"5 a 9 anos";"7,8";"9,0";"8,5";"8,0";"7,5";"7,4";"7,2";"10,3";"6,6";"10,8"
"Rondônia";"10 a 13 anos";"9,8";"7,8";"7,8";"8,2";"7,8";"9,2";"9,6";"9,0";"8,4";"9,2"
"Rondônia";"14 a 17 anos";"19,9";"7,9";"6,9";"8,3";"7,3";"8,4";"12,7";"8,6";"9,5";"9,3"
"Rondônia";"14 a 15 anos";"15,0";"11,0";"9,3";"13,9";"11,5";"10,8";"18,3";"11,5";"11,7";"11,8"
"Rondônia";"16 a 17 anos";"25,7";"10,9";"10,7";"13,9";"10,8";"12,0";"13,5";"13,8";"13,7";"12,1"
"Rondônia";"18 a 19 anos";"14,6";"11,2";"12,1";"17,1";"10,6";"11,8";"14,7";"13,3";"12,6";"13,8"
"Rondônia";"20 a 24 anos";"7,5";"7,4";"8,4";"7,6";"8,5";"8,1";"7,6";"7,1";"7,0";"8,0"
"Rondônia";"25 a 29 anos";"7,5";"7,2";"8,9";"6,8";"6,4";"8,2";"6,1";"8,7";"8,8";"7,9"
"Rondônia";"30 a 39 anos";"6,0";"5,4";"5,4";"4,9";"5,1";"4,5";"4,9";"5,1";"4,9";"4,1"
"Rondônia";"40 a 49 anos";"8,9";"4,3";"4,5";"4,6";"5,0";"4,8";"5,4";"5,7";"5,0";"4,3"
"Rondônia";"50 a 59 anos";"6,9";"5,8";"6,2";"4,5";"4,9";"5,5";"6,2";"6,4";"5,0";"7,1"
"Rondônia";"60 anos ou mais";"5,9";"7,2";"5,0";"6,3";"5,3";"5,5";"5,9";"6,0";"5,8";"7,3"
"Rondônia";"60 a 64 anos";"10,0";"9,5";"8,7";"7,8";"8,5";"8,5";"9,0";"8,9";"8,5";"9,4"
"Rondônia";"65 anos ou mais";"7,1";"8,3";"6,4";"7,5";"6,7";"6,4";"7,0";"8,2";"7,1";"8,4"
"Acre";"0 a 4 anos";"8,8";"12,3";"5,9";"6,5";"6,4";"6,9";"6,0";"6,8";"6,2";"6,3"
"Acre";"5 a 13 anos";"6,0";"5,5";"5,2";"4,4";"4,2";"4,1";"3,8";"3,2";"4,6";"3,7"
"Acre";"5 a 9 anos";"7,9";"7,9";"5,9";"5,8";"5,9";"5,7";"5,5";"5,7";"6,2";"6,4"
"Acre";"10 a 13 anos";"9,8";"7,2";"8,1";"6,4";"6,7";"6,2";"6,5";"5,9";"7,2";"6,4"
"Acre";"14 a 17 anos";"8,9";"8,6";"6,3";"5,9";"6,1";"6,9";"6,2";"6,4";"6,9";"6,6"
"Acre";"14 a 15 anos";"10,4";"14,7";"8,9";"8,5";"8,7";"8,1";"9,3";"9,1";"9,1";"9,4"
"Acre";"16 a 17 anos";"12,8";"11,1";"8,4";"8,1";"8,3";"11,1";"9,4";"8,7";"9,0";"9,6"
"Acre";"18 a 19 anos";"9,1";"12,0";"8,9";"9,8";"7,1";"10,3";"8,1";"8,5";"9,3";"7,4"
"Acre";"20 a 24 anos";"7,3";"8,0";"5,8";"6,0";"5,2";"6,1";"5,9";"6,1";"5,0";"5,8"
"Acre";"25 a 29 anos";"8,0";"8,9";"6,7";"6,6";"6,8";"5,7";"6,0";"6,1";"6,9";"6,0"
"Acre";"30 a 39 anos";"4,9";"5,6";"4,5";"3,8";"4,4";"4,4";"4,2";"4,7";"4,4";"3,8"
"Acre";"40 a 49 anos";"6,4";"5,8";"4,0";"4,7";"3,9";"5,0";"4,4";"4,1";"4,9";"4,3"
"Acre";"50 a 59 anos";"8,4";"8,6";"6,3";"6,1";"6,0";"5,5";"6,0";"6,0";"5,0";"4,8"
"Acre";"60 anos ou mais";"7,7";"6,8";"5,2";"6,3";"5,5";"6,1";"5,8";"6,2";"5,5";"6,2"
"Acre";"60 a 64 anos";"12,9";"13,5";"8,5";"8,8";"11,8";"9,2";"9,8";"9,7";"9,2";"10,2"
"Acre";"65 anos ou mais";"8,7";"7,9";"6,7";"7,4";"6,1";"7,5";"7,3";"7,4";"6,8";"8,0"
"Amazonas";"0 a 4 anos";"5,4";"5,7";"5,9";"5,4";"4,9";"5,5";"5,5";"5,8";"5,7";"4,9"
"Amazonas";"5 a 13 anos";"3,2";"4,0";"4,2";"4,1";"4,3";"3,9";"3,6";"3,9";"4,2";"3,6"
"Amazonas";"5 a 9 anos";"4,5";"5,6";"5,7";"5,4";"5,0";"4,5";"4,6";"5,8";"5,8";"5,5"
"Amazonas";"10 a 13 anos";"5,1";"6,0";"6,9";"6,4";"5,5";"6,6";"6,2";"5,1";"6,0";"5,5"
"Amazonas";"14 a 17 anos";"5,5";"6,0";"5,0";"5,7";"5,6";"4,9";"6,0";"6,3";"5,0";"6,0"
"Amazonas";"14 a 15 anos";"6,9";"8,9";"6,9";"8,6";"8,9";"8,0";"8,2";"8,3";"8,6";"7,9"
"Amazonas";"16 a 17 anos";"7,6";"7,3";"6,8";"8,7";"7,3";"6,8";"7,4";"8,5";"7,8";"9,1"
"Amazonas";"18 a 19 anos";"6,1";"7,3";"7,6";"7,7";"7,0";"8,5";"10,1";"8,3";"8,4";"8,2"
"Amazonas";"20 a 24 anos";"5,2";"4,6";"5,2";"4,9";"5,0";"4,8";"5,3";"4,8";"6,8";"5,2"
"Amazonas";"25 a 29 anos";"5,9";"6,0";"4,9";"5,8";"6,1";"5,4";"5,7";"5,0";"6,1";"4,4"
"Amazonas";"30 a 39 anos";"3,2";"3,5";"3,6";"4,0";"3,9";"3,8";"3,7";"3,3";"4,5";"4,1"
"Amazonas";"40 a 49 anos";"4,1";"3,8";"4,2";"3,8";"3,7";"3,7";"4,1";"3,4";"4,1";"3,6"
"Amazonas";"50 a 59 anos";"4,1";"4,8";"4,9";"4,8";"4,7";"5,0";"4,8";"4,8";"5,6";"4,5"
"Amazonas";"60 anos ou mais";"4,6";"5,2";"5,0";"5,2";"6,2";"5,6";"5,3";"4,6";"4,4";"5,0"
"Amazonas";"60 a 64 anos";"8,3";"7,4";"8,7";"8,5";"8,3";"8,0";"8,4";"7,1";"7,1";"7,9"
"Amazonas";"65 anos ou mais";"6,1";"6,1";"5,7";"5,6";"7,3";"7,0";"6,4";"6,2";"5,9";"6,0"
"Roraima";"0 a 4 anos";"9,1";"9,5";"6,7";"7,7";"8,1";"11,0";"8,0";"7,7";"8,8";"9,2"
"Roraima";"5 a 13 anos";"5,2";"6,5";"5,0";"5,8";"5,5";"6,2";"5,1";"5,5";"6,2";"7,5"
"Roraima";"5 a 9 anos";"6,7";"8,7";"7,6";"9,3";"6,6";"7,9";"7,7";"6,5";"8,1";"10,1"
"Roraima";"10 a 13 anos";"10,4";"9,3";"8,4";"9,6";"8,0";"8,2";"8,9";"8,0";"8,2";"10,1"
"Roraima";"14 a 17 anos";"11,5";"11,3";"9,1";"7,9";"8,8";"9,0";"10,0";"8,2";"9,2";"8,5"
"Roraima";"14 a 15 anos";"12,9";"17,1";"13,7";"11,5";"12,0";"13,0";"13,4";"9,8";"15,4";"13,4"
"Roraima";"16 a 17 anos";"15,6";"13,4";"12,6";"12,5";"11,3";"15,0";"12,0";"13,4";"14,5";"13,0"
"Roraima";"18 a 19 anos";"12,5";"11,5";"12,9";"12,4";"11,4";"13,8";"10,6";"14,3";"13,8";"12,4"
"Roraima";"20 a 24 anos";"10,7";"9,0";"5,8";"8,2";"8,5";"9,8";"8,2";"7,7";"7,9";"8,9"
"Roraima";"25 a 29 anos";"7,6";"8,6";"10,1";"7,5";"9,7";"6,5";"8,3";"7,3";"8,0";"7,2"
"Roraima";"30 a 39 anos";"5,1";"6,4";"5,8";"4,9";"4,9";"6,3";"5,6";"5,2";"7,9";"6,2"
"Roraima";"40 a 49 anos";"6,8";"6,0";"6,7";"7,0";"5,5";"5,7";"6,2";"5,4";"8,6";"6,6"
"Roraima";"50 a 59 anos";"9,0";"8,8";"9,5";"7,7";"6,9";"7,9";"7,6";"7,6";"7,5";"8,3"
"Roraima";"60 anos ou mais";"7,9";"11,1";"8,3";"7,1";"7,1";"8,5";"7,3";"6,9";"9,9";"9,6"
"Roraima";"60 a 64 anos";"11,4";"15,2";"13,9";"13,6";"15,3";"12,4";"11,4";"13,2";"16,9";"16,0"
"Roraima";"65 anos ou mais";"10,8";"14,0";"9,4";"9,4";"7,7";"9,8";"9,4";"8,0";"10,4";"9,5"
"Pará";"0 a 4 anos";"5,7";"5,8";"4,4";"4,6";"5,0";"5,1";"5,5";"5,1";"4,9";"5,1"
"Pará";"5 a 13 anos";"4,0";"3,7";"3,3";"3,6";"3,2";"3,5";"3,4";"3,9";"3,3";"3,0"
"Pará";"5 a 9 anos";"4,7";"5,1";"5,0";"4,4";"4,3";"5,1";"4,4";"4,8";"4,2";"4,3"
"Pará";"10 a 13 anos";"5,8";"6,1";"5,1";"5,9";"5,0";"5,8";"6,4";"5,3";"4,6";"5,4"
"Pará";"14 a 17 anos";"4,7";"5,8";"4,7";"5,3";"4,8";"4,8";"5,4";"5,3";"5,4";"5,2"
"Pará";"14 a 15 anos";"7,8";"7,7";"7,5";"6,7";"6,9";"6,5";"6,8";"7,7";"6,9";"7,7"
"Pará";"16 a 17 anos";"7,3";"8,3";"6,5";"7,4";"7,0";"7,3";"7,3";"7,4";"7,1";"7,6"
"Pará";"18 a 19 anos";"7,7";"9,7";"6,5";"7,2";"7,0";"8,4";"7,2";"7,5";"7,6";"7,9"
"Pará";"20 a 24 anos";"5,6";"5,5";"4,5";"4,3";"4,1";"4,1";"4,1";"4,8";"4,9";"4,2"
"Pará";"25 a 29 anos";"5,5";"5,1";"4,7";"4,8";"5,7";"4,6";"4,5";"5,0";"4,7";"4,9"
"Pará";"30 a 39 anos";"3,5";"3,2";"3,4";"3,4";"4,0";"3,6";"3,2";"3,6";"3,5";"3,2"
"Pará";"40 a 49 anos";"4,2";"3,7";"3,1";"3,0";"3,3";"3,6";"3,6";"3,2";"3,7";"3,3"
"Pará";"50 a 59 anos";"5,0";"4,5";"4,4";"3,8";"4,0";"3,9";"4,2";"3,6";"3,7";"4,1"
"Pará";"60 anos ou mais";"4,7";"4,6";"4,3";"4,4";"4,2";"4,1";"4,5";"3,8";"4,1";"4,3"
"Pará";"60 a 64 anos";"7,5";"6,6";"7,2";"6,4";"6,5";"6,5";"7,5";"6,3";"6,5";"6,7"
"Pará";"65 anos ou mais";"5,7";"5,7";"5,5";"5,1";"5,1";"4,9";"5,4";"4,8";"5,0";"4,9"
"Amapá";"0 a 4 anos";"23,0";"22,7";"11,3";"9,5";"10,3";"10,2";"11,8";"10,4";"9,4";"9,4"
"Amapá";"5 a 13 anos";"10,0";"10,0";"7,5";"6,5";"7,3";"7,5";"7,9";"7,8";"8,3";"7,4"
"Amapá";"5 a 9 anos";"13,5";"18,0";"9,9";"8,6";"9,9";"10,9";"11,0";"10,7";"9,8";"9,8"
"Amapá";"10 a 13 anos";"16,8";"15,2";"11,3";"9,9";"11,2";"9,6";"8,3";"9,7";"10,7";"8,5"
"Amapá";"14 a 17 anos";"14,9";"24,5";"10,1";"9,4";"10,0";"12,2";"9,7";"9,8";"10,4";"9,4"
"Amapá";"14 a 15 anos";"19,1";"39,0";"13,4";"14,3";"17,5";"14,3";"13,1";"14,3";"16,2";"15,9"
"Amapá";"16 a 17 anos";"19,8";"15,8";"12,9";"13,4";"13,7";"18,8";"14,3";"16,2";"16,5";"11,3"
"Amapá";"18 a 19 anos";"14,8";"19,1";"14,0";"18,8";"14,9";"15,0";"13,2";"14,3";"13,4";"17,2"
"Amapá";"20 a 24 anos";"13,0";"11,3";"11,1";"8,9";"9,6";"8,1";"10,3";"6,6";"7,4";"9,5"
"Amapá";"25 a 29 anos";"11,0";"15,4";"7,9";"9,4";"10,6";"9,9";"8,9";"8,2";"10,2";"6,9"
"Amapá";"30 a 39 anos";"12,7";"9,4";"6,7";"5,9";"7,2";"5,4";"6,2";"4,6";"6,2";"4,6"
"Amapá";"40 a 49 anos";"10,5";"13,3";"8,0";"6,7";"7,2";"7,2";"7,7";"7,9";"6,4";"5,8"
"Amapá";"50 a 59 anos";"13,0";"11,4";"8,7";"10,1";"7,9";"7,4";"10,7";"9,1";"6,4";"5,5"
"Amapá";"60 anos ou mais";"12,4";"14,6";"9,1";"7,7";"9,0";"8,8";"8,0";"9,9";"7,5";"6,9"
"Amapá";"60 a 64 anos";"17,5";"20,2";"14,2";"14,9";"12,6";"16,0";"27,3";"15,2";"14,1";"11,8"
"Amapá";"65 anos ou mais";"16,1";"16,2";"10,9";"10,0";"11,9";"11,9";"11,3";"11,1";"9,0";"9,3"
"Tocantins";"0 a 4 anos";"10,1";"12,4";"7,5";"6,6";"8,5";"7,0";"7,5";"7,7";"7,9";"8,0"
"Tocantins";"5 a 13 anos";"7,3";"8,2";"6,5";"4,7";"4,8";"5,7";"5,8";"5,7";"4,8";"5,9"
"Tocantins";"5 a 9 anos";"9,9";"10,8";"9,0";"7,5";"6,0";"7,2";"7,7";"8,0";"7,2";"8,5"
"Tocantins";"10 a 13 anos";"10,3";"11,1";"8,3";"7,6";"7,5";"8,6";"8,0";"7,7";"7,5";"8,5"
"Tocantins";"14 a 17 anos";"10,0";"13,3";"7,2";"7,4";"6,7";"6,4";"7,3";"8,9";"7,6";"9,5"
"Tocantins";"14 a 15 anos";"15,5";"20,1";"10,6";"10,1";"9,9";"12,2";"10,2";"12,4";"12,3";"11,8"
"Tocantins";"16 a 17 anos";"18,2";"15,8";"9,7";"9,9";"10,1";"9,7";"11,6";"10,9";"9,8";"13,4"
"Tocantins";"18 a 19 anos";"13,9";"16,7";"12,2";"11,8";"12,5";"12,1";"12,3";"12,8";"10,3";"11,4"
"Tocantins";"20 a 24 anos";"13,2";"10,0";"7,2";"6,3";"8,0";"7,1";"7,2";"7,6";"9,1";"8,8"
"Tocantins";"25 a 29 anos";"9,0";"11,5";"6,7";"8,7";"6,9";"6,9";"7,2";"6,5";"7,1";"8,9"
"Tocantins";"30 a 39 anos";"7,8";"7,4";"4,8";"5,2";"5,5";"4,6";"5,3";"4,5";"5,2";"4,4"
"Tocantins";"40 a 49 anos";"7,2";"6,9";"4,9";"5,2";"5,0";"5,3";"4,6";"4,7";"5,6";"4,3"
"Tocantins";"50 a 59 anos";"8,3";"9,6";"5,3";"6,8";"6,0";"5,7";"5,2";"5,6";"6,0";"6,2"
"Tocantins";"60 anos ou mais";"6,7";"7,8";"5,9";"5,1";"6,2";"6,9";"6,1";"5,7";"6,6";"7,9"
"Tocantins";"60 a 64 anos";"12,1";"13,1";"8,5";"9,5";"9,6";"9,1";"9,6";"9,4";"9,8";"10,8"
"Tocantins";"65 anos ou mais";"7,8";"8,4";"8,1";"6,3";"7,4";"7,6";"7,1";"6,3";"7,9";"9,5"
"Maranhão";"0 a 4 anos";"5,4";"4,3";"4,0";"4,4";"3,8";"4,6";"4,1";"3,8";"4,8";"4,4"
"Maranhão";"5 a 13 anos";"3,4";"3,2";"2,9";"3,7";"3,2";"3,2";"2,9";"2,9";"2,6";"2,7"
"Maranhão";"5 a 9 anos";"4,8";"4,3";"3,7";"4,3";"4,4";"3,5";"3,8";"3,7";"3,7";"3,6"
"Maranhão";"10 a 13 anos";"4,9";"4,8";"4,5";"5,1";"4,4";"5,0";"4,5";"4,4";"4,1";"4,4"
"Maranhão";"14 a 17 anos";"4,6";"4,3";"3,8";"4,5";"4,6";"3,9";"4,0";"3,9";"4,0";"3,8"
"Maranhão";"14 a 15 anos";"5,5";"6,2";"5,4";"5,5";"5,2";"6,5";"5,7";"5,2";"5,4";"6,0"
"Maranhão";"16 a 17 anos";"6,2";"6,7";"6,3";"6,0";"6,1";"5,4";"5,3";"5,5";"5,1";"5,4"
"Maranhão";"18 a 19 anos";"6,7";"6,9";"5,2";"5,7";"5,6";"5,7";"5,6";"5,8";"5,8";"5,8"
"Maranhão";"20 a 24 anos";"4,4";"4,4";"4,4";"3,4";"4,1";"3,9";"3,9";"3,9";"4,0";"3,8"
"Maranhão";"25 a 29 anos";"4,7";"4,3";"4,9";"3,8";"4,0";"3,9";"4,0";"3,7";"4,3";"3,8"
"Maranhão";"30 a 39 anos";"3,1";"2,6";"2,9";"2,5";"2,8";"2,8";"2,7";"2,4";"2,8";"2,8"
"Maranhão";"40 a 49 anos";"3,7";"2,9";"2,8";"2,6";"3,0";"2,9";"2,7";"2,6";"3,1";"2,4"
"Maranhão";"50 a 59 anos";"4,1";"3,5";"3,4";"3,7";"3,5";"3,6";"3,2";"3,1";"3,2";"3,6"
"Maranhão";"60 anos ou mais";"3,9";"3,5";"3,7";"3,2";"3,6";"3,2";"3,3";"3,3";"3,1";"2,8"
"Maranhão";"60 a 64 anos";"6,5";"7,3";"5,5";"4,9";"5,7";"5,4";"5,9";"4,4";"5,3";"4,4"
"Maranhão";"65 anos ou mais";"4,7";"4,1";"4,3";"4,2";"4,3";"3,8";"3,6";"4,0";"3,8";"3,4"
"Piauí";"0 a 4 anos";"10,4";"9,6";"6,6";"6,9";"6,5";"6,4";"6,2";"7,9";"6,9";"7,5"
"Piauí";"5 a 13 anos";"5,8";"5,3";"4,4";"4,3";"5,1";"5,5";"5,1";"4,8";"4,5";"4,1"
"Piauí";"5 a 9 anos";"8,4";"8,8";"6,0";"5,5";"6,5";"7,3";"8,2";"6,4";"6,3";"5,9"
"Piauí";"10 a 13 anos";"7,3";"8,7";"6,5";"6,4";"7,4";"8,5";"7,7";"7,4";"6,2";"7,2"
"Piauí";"14 a 17 anos";"7,2";"8,1";"6,4";"7,8";"7,3";"8,5";"7,1";"7,1";"6,4";"7,2"
"Piauí";"14 a 15 anos";"10,2";"10,9";"9,0";"11,2";"11,6";"10,8";"9,4";"10,0";"8,5";"9,9"
"Piauí";"16 a 17 anos";"9,8";"11,2";"8,0";"10,0";"9,2";"11,7";"9,8";"10,2";"9,6";"11,2"
"Piauí";"18 a 19 anos";"9,6";"11,8";"8,5";"10,8";"11,2";"9,3";"9,1";"8,6";"9,6";"11,3"
"Piauí";"20 a 24 anos";"8,3";"8,8";"6,1";"6,5";"5,4";"5,9";"6,6";"7,1";"6,5";"5,6"
"Piauí";"25 a 29 anos";"6,9";"6,9";"6,8";"6,0";"5,0";"6,9";"8,5";"5,6";"6,8";"6,6"
"Piauí";"30 a 39 anos";"5,4";"4,2";"4,1";"3,6";"4,1";"3,8";"3,6";"4,9";"4,0";"4,5"
"Piauí";"40 a 49 anos";"4,9";"5,1";"4,0";"4,0";"4,6";"4,3";"4,6";"5,2";"4,3";"3,8"
"Piauí";"50 a 59 anos";"5,2";"6,1";"4,4";"4,2";"5,5";"4,7";"6,2";"5,6";"5,0";"4,5"
"Piauí";"60 anos ou mais";"5,2";"6,0";"4,4";"4,6";"4,3";"4,3";"4,6";"4,3";"4,2";"4,7"
"Piauí";"60 a 64 anos";"9,8";"10,3";"9,2";"8,2";"8,3";"7,0";"7,8";"7,3";"8,3";"9,2"
"Piauí";"65 anos ou mais";"5,9";"6,6";"5,1";"5,7";"5,2";"4,9";"5,9";"5,4";"4,9";"4,9"
"Ceará";"0 a 4 anos";"6,4";"6,0";"4,9";"6,2";"5,0";"5,1";"5,4";"5,2";"4,4";"4,9"
"Ceará";"5 a 13 anos";"4,5";"4,3";"3,5";"3,5";"3,7";"3,2";"3,2";"3,8";"3,1";"3,4"
"Ceará";"5 a 9 anos";"7,2";"6,0";"4,7";"4,9";"4,4";"4,4";"3,9";"4,7";"3,9";"4,6"
"Ceará";"10 a 13 anos";"6,4";"7,0";"4,9";"4,9";"5,4";"4,6";"5,0";"5,6";"5,0";"4,9"
"Ceará";"14 a 17 anos";"6,1";"5,1";"4,7";"4,9";"4,7";"4,7";"4,8";"5,3";"4,8";"4,6"
"Ceará";"14 a 15 anos";"7,8";"7,8";"6,8";"7,5";"6,4";"6,2";"7,5";"7,8";"7,0";"6,8"
"Ceará";"16 a 17 anos";"8,5";"7,8";"6,4";"6,4";"7,5";"6,9";"6,4";"7,5";"6,4";"7,1"
"Ceará";"18 a 19 anos";"6,8";"7,1";"6,7";"7,7";"7,3";"7,3";"7,6";"7,6";"7,5";"7,4"
"Ceará";"20 a 24 anos";"5,0";"5,3";"4,4";"4,6";"3,9";"4,5";"4,8";"4,5";"4,2";"4,2"
"Ceará";"25 a 29 anos";"5,7";"5,9";"4,4";"4,5";"4,8";"4,3";"4,3";"4,5";"4,7";"4,3"
"Ceará";"30 a 39 anos";"4,1";"3,7";"3,0";"3,1";"3,2";"2,7";"3,2";"2,6";"2,7";"3,0"
"Ceará";"40 a 49 anos";"4,2";"3,6";"3,1";"2,9";"3,3";"2,7";"3,2";"2,8";"2,9";"2,9"
"Ceará";"50 a 59 anos";"4,0";"3,7";"3,8";"3,4";"3,6";"3,2";"3,6";"3,3";"3,3";"3,2"
"Ceará";"60 anos ou mais";"4,7";"4,0";"3,2";"3,0";"3,6";"3,1";"3,2";"2,9";"3,1";"3,0"
"Ceará";"60 a 64 anos";"7,3";"7,3";"5,5";"5,1";"6,4";"5,2";"5,3";"5,0";"4,8";"5,2"
"Ceará";"65 anos ou mais";"5,6";"4,4";"3,9";"3,6";"4,4";"3,6";"3,6";"3,8";"4,0";"3,4"
"Rio Grande do Norte";"0 a 4 anos";"10,9";"8,8";"7,4";"6,6";"6,6";"7,8";"9,1";"8,5";"7,1";"8,8"
"Rio Grande do Norte";"5 a 13 anos";"7,0";"5,9";"4,8";"5,1";"5,3";"4,9";"5,2";"6,1";"5,2";"4,9"
"Rio Grande do Norte";"5 a 9 anos";"8,7";"7,9";"7,5";"6,1";"6,8";"6,9";"6,6";"7,1";"7,1";"7,4"
"Rio Grande do Norte";"10 a 13 anos";"9,0";"8,4";"8,0";"7,7";"7,7";"7,6";"8,7";"8,8";"6,9";"7,0"
"Rio Grande do Norte";"14 a 17 anos";"8,9";"8,3";"7,7";"7,3";"7,7";"7,8";"8,5";"8,8";"7,1";"7,9"
"Rio Grande do Norte";"14 a 15 anos";"11,6";"11,6";"10,6";"9,7";"10,8";"11,8";"10,3";"10,5";"10,7";"11,7"
"Rio Grande do Norte";"16 a 17 anos";"12,0";"12,9";"10,4";"11,6";"10,3";"10,7";"16,9";"11,2";"10,3";"11,4"
"Rio Grande do Norte";"18 a 19 anos";"13,0";"12,5";"9,5";"10,3";"10,5";"11,8";"11,9";"12,0";"13,3";"11,7"
"Rio Grande do Norte";"20 a 24 anos";"14,6";"11,0";"7,1";"7,0";"7,2";"7,0";"7,7";"7,8";"8,3";"6,9"
"Rio Grande do Norte";"25 a 29 anos";"9,7";"8,1";"6,5";"7,0";"7,5";"6,1";"9,3";"8,1";"5,8";"6,1"
"Rio Grande do Norte";"30 a 39 anos";"5,4";"5,9";"4,9";"3,9";"4,4";"5,3";"4,8";"5,4";"5,0";"5,2"
"Rio Grande do Norte";"40 a 49 anos";"5,5";"5,0";"5,4";"4,0";"4,3";"4,7";"4,0";"4,5";"4,6";"4,2"
"Rio Grande do Norte";"50 a 59 anos";"6,4";"5,5";"4,8";"5,0";"5,2";"5,7";"5,2";"4,8";"5,8";"4,8"
"Rio Grande do Norte";"60 anos ou mais";"5,7";"5,4";"4,7";"5,0";"5,5";"4,9";"5,1";"5,0";"4,9";"4,1"
"Rio Grande do Norte";"60 a 64 anos";"8,8";"11,2";"7,4";"8,8";"9,0";"8,3";"8,9";"7,3";"8,1";"7,8"
"Rio Grande do Norte";"65 anos ou mais";"7,6";"6,0";"5,7";"5,9";"6,1";"5,4";"6,0";"6,3";"6,1";"4,5"
"Paraíba";"0 a 4 anos";"8,0";"8,0";"6,6";"5,9";"6,5";"6,0";"6,5";"6,1";"6,0";"6,4"
"Paraíba";"5 a 13 anos";"5,3";"4,6";"4,2";"4,4";"4,2";"4,1";"4,0";"4,0";"4,3";"4,0"
"Paraíba";"5 a 9 anos";"7,7";"6,6";"6,0";"6,2";"5,6";"6,1";"5,5";"5,9";"6,5";"7,1"
"Paraíba";"10 a 13 anos";"7,3";"8,8";"6,2";"6,0";"6,8";"6,2";"6,3";"7,0";"6,2";"5,9"
"Paraíba";"14 a 17 anos";"7,9";"8,3";"6,1";"6,9";"7,3";"7,1";"6,0";"6,3";"6,0";"6,1"
"Paraíba";"14 a 15 anos";"12,2";"11,6";"8,2";"9,5";"10,1";"9,4";"7,9";"9,4";"8,4";"8,8"
"Paraíba";"16 a 17 anos";"11,2";"11,4";"8,8";"10,1";"9,8";"9,4";"9,0";"8,6";"8,0";"9,5"
"Paraíba";"18 a 19 anos";"11,0";"10,4";"8,8";"9,7";"9,4";"9,5";"8,0";"9,1";"8,7";"7,7"
"Paraíba";"20 a 24 anos";"9,0";"6,5";"5,8";"5,2";"5,9";"6,2";"5,1";"5,9";"5,6";"5,3"
"Paraíba";"25 a 29 anos";"7,3";"7,5";"6,0";"5,8";"6,7";"6,3";"6,1";"6,0";"6,3";"5,8"
"Paraíba";"30 a 39 anos";"4,6";"4,5";"3,9";"3,3";"4,3";"3,7";"4,3";"4,0";"5,2";"3,9"
"Paraíba";"40 a 49 anos";"4,4";"5,3";"3,2";"3,9";"3,8";"3,6";"4,0";"3,4";"3,6";"4,0"
"Paraíba";"50 a 59 anos";"8,2";"5,0";"5,0";"4,5";"4,4";"4,8";"4,7";"4,1";"4,9";"4,7"
"Paraíba";"60 anos ou mais";"5,5";"5,0";"4,6";"4,2";"4,1";"3,7";"4,5";"4,0";"4,1";"4,8"
"Paraíba";"60 a 64 anos";"8,9";"8,6";"7,8";"7,0";"8,4";"6,5";"7,3";"6,6";"6,4";"7,4"
"Paraíba";"65 anos ou mais";"7,0";"5,8";"5,5";"5,1";"4,8";"4,7";"5,6";"4,6";"5,8";"5,3"
"Pernambuco";"0 a 4 anos";"5,6";"5,8";"5,1";"5,1";"5,2";"4,9";"5,4";"4,9";"5,5";"4,7"
"Pernambuco";"5 a 13 anos";"3,7";"3,5";"3,6";"3,4";"3,7";"3,7";"2,9";"2,9";"3,3";"3,1"
"Pernambuco";"5 a 9 anos";"5,0";"5,4";"5,0";"4,4";"5,0";"5,4";"3,8";"4,0";"5,0";"4,8"
"Pernambuco";"10 a 13 anos";"5,5";"5,4";"5,0";"5,6";"5,6";"4,9";"4,7";"4,8";"5,0";"5,2"
"Pernambuco";"14 a 17 anos";"5,1";"5,7";"5,7";"5,1";"5,0";"5,2";"5,0";"5,4";"4,5";"5,1"
"Pernambuco";"14 a 15 anos";"8,0";"8,5";"8,2";"6,5";"6,6";"8,0";"7,8";"7,9";"7,1";"7,6"
"Pernambuco";"16 a 17 anos";"6,6";"8,0";"9,0";"6,9";"6,3";"6,3";"6,5";"7,7";"6,6";"7,9"
"Pernambuco";"18 a 19 anos";"8,0";"8,8";"7,4";"6,9";"6,6";"8,3";"7,3";"7,4";"8,0";"8,4"
"Pernambuco";"20 a 24 anos";"5,9";"5,2";"5,1";"5,0";"4,4";"4,8";"5,0";"4,7";"5,1";"5,7"
"Pernambuco";"25 a 29 anos";"5,6";"5,7";"5,1";"5,0";"5,1";"4,7";"4,8";"4,1";"5,0";"4,4"
"Pernambuco";"30 a 39 anos";"3,7";"3,0";"3,1";"3,2";"2,9";"2,9";"3,0";"2,9";"3,2";"3,1"
"Pernambuco";"40 a 49 anos";"3,3";"3,2";"3,1";"3,0";"3,1";"2,9";"2,6";"3,0";"3,6";"2,6"
"Pernambuco";"50 a 59 anos";"4,0";"4,0";"3,8";"4,0";"3,6";"3,4";"3,7";"3,1";"3,7";"3,3"
"Pernambuco";"60 anos ou mais";"4,1";"3,8";"3,3";"3,5";"3,6";"3,4";"3,6";"3,4";"3,2";"2,9"
"Pernambuco";"60 a 64 anos";"6,3";"6,3";"5,5";"5,3";"6,1";"5,8";"5,8";"5,4";"5,8";"4,9"
"Pernambuco";"65 anos ou mais";"5,0";"4,5";"4,1";"4,2";"4,4";"4,2";"4,4";"4,3";"4,0";"3,6"
"Alagoas";"0 a 4 anos";"5,0";"6,0";"4,9";"3,9";"5,0";"4,5";"5,6";"4,7";"5,0";"5,2"
"Alagoas";"5 a 13 anos";"4,0";"3,4";"3,1";"3,2";"3,3";"3,4";"3,4";"3,6";"3,2";"3,7"
"Alagoas";"5 a 9 anos";"5,3";"4,8";"4,1";"5,1";"5,0";"5,4";"4,9";"4,6";"4,4";"5,3"
"Alagoas";"10 a 13 anos";"6,7";"5,2";"5,5";"4,7";"5,4";"4,0";"4,7";"4,8";"5,1";"4,9"
"Alagoas";"14 a 17 anos";"5,6";"5,5";"5,0";"5,0";"5,7";"4,8";"5,0";"4,8";"4,3";"4,7"
"Alagoas";"14 a 15 anos";"7,5";"8,3";"7,4";"7,2";"8,2";"6,9";"6,8";"6,5";"6,0";"7,7"
"Alagoas";"16 a 17 anos";"7,2";"7,5";"7,2";"7,3";"7,0";"8,1";"6,9";"7,2";"6,4";"6,0"
"Alagoas";"18 a 19 anos";"9,2";"8,5";"6,8";"5,8";"7,4";"7,0";"6,5";"6,8";"6,8";"7,3"
"Alagoas";"20 a 24 anos";"5,5";"5,1";"4,8";"4,8";"4,8";"4,3";"4,6";"4,3";"4,7";"4,6"
"Alagoas";"25 a 29 anos";"5,7";"7,5";"4,4";"4,7";"4,5";"5,8";"4,3";"4,7";"5,1";"4,6"
"Alagoas";"30 a 39 anos";"4,2";"3,8";"4,0";"2,9";"3,3";"2,9";"3,3";"3,1";"3,0";"2,5"
"Alagoas";"40 a 49 anos";"3,8";"3,4";"3,3";"3,0";"3,3";"2,8";"2,8";"3,1";"2,9";"2,8"
"Alagoas";"50 a 59 anos";"4,6";"4,4";"3,9";"3,6";"4,0";"3,9";"3,4";"3,3";"3,9";"3,7"
"Alagoas";"60 anos ou mais";"4,4";"4,4";"3,8";"3,6";"4,3";"3,7";"3,9";"4,0";"3,6";"3,7"
"Alagoas";"60 a 64 anos";"6,7";"6,5";"6,7";"6,1";"6,3";"6,1";"5,8";"5,5";"5,7";"6,2"
"Alagoas";"65 anos ou mais";"5,2";"5,3";"4,5";"4,5";"5,1";"4,2";"5,0";"4,5";"4,5";"4,2"
"Sergipe";"0 a 4 anos";"9,6";"7,6";"7,3";"7,7";"9,0";"7,7";"7,8";"8,5";"7,8";"7,4"
"Sergipe";"5 a 13 anos";"4,7";"6,3";"4,9";"5,5";"4,9";"4,2";"5,1";"4,9";"4,9";"4,8"
"Sergipe";"5 a 9 anos";"8,1";"8,2";"6,6";"7,0";"7,0";"6,9";"7,4";"6,7";"6,6";"6,6"
"Sergipe";"10 a 13 anos";"8,1";"10,5";"7,3";"7,3";"7,4";"7,3";"6,4";"7,5";"7,4";"7,0"
"Sergipe";"14 a 17 anos";"8,0";"7,5";"7,1";"7,7";"7,2";"8,3";"7,2";"6,7";"7,1";"7,2"
"Sergipe";"14 a 15 anos";"12,8";"11,7";"10,2";"10,6";"9,4";"10,5";"11,5";"9,5";"8,2";"11,3"
"Sergipe";"16 a 17 anos";"11,4";"11,2";"10,3";"11,4";"10,1";"11,4";"8,7";"9,9";"13,2";"9,1"
"Sergipe";"18 a 19 anos";"12,7";"12,7";"9,5";"12,4";"12,0";"11,2";"9,5";"11,8";"10,1";"7,9"
"Sergipe";"20 a 24 anos";"6,9";"7,3";"6,5";"7,1";"6,1";"8,3";"7,1";"7,8";"6,3";"6,7"
"Sergipe";"25 a 29 anos";"7,0";"7,9";"6,8";"7,4";"7,0";"6,0";"6,5";"6,0";"6,1";"6,3"
"Sergipe";"30 a 39 anos";"5,1";"5,0";"4,5";"4,0";"5,0";"4,2";"5,6";"4,6";"5,3";"4,5"
"Sergipe";"40 a 49 anos";"5,8";"4,6";"5,0";"4,4";"5,8";"3,7";"5,0";"4,5";"4,8";"3,8"
"Sergipe";"50 a 59 anos";"6,6";"5,2";"5,0";"5,5";"5,4";"4,6";"5,6";"4,8";"4,8";"5,4"
"Sergipe";"60 anos ou mais";"7,6";"6,6";"5,5";"5,8";"5,3";"5,8";"6,7";"4,8";"5,1";"5,1"
"Sergipe";"60 a 64 anos";"11,9";"10,4";"9,1";"8,9";"8,9";"8,1";"10,8";"8,8";"8,7";"7,0"
"Sergipe";"65 anos ou mais";"8,9";"8,0";"7,0";"7,1";"6,6";"6,7";"7,0";"5,8";"6,1";"6,4"
"Bahia";"0 a 4 anos";"5,2";"5,8";"5,0";"4,9";"4,9";"4,9";"5,0";"4,8";"4,9";"5,7"
"Bahia";"5 a 13 anos";"3,8";"3,8";"3,5";"3,2";"3,5";"3,7";"3,4";"3,0";"3,2";"3,3"
"Bahia";"5 a 9 anos";"5,6";"5,1";"4,7";"4,7";"4,8";"4,7";"4,8";"4,5";"4,4";"4,8"
"Bahia";"10 a 13 anos";"5,7";"6,0";"5,6";"5,6";"4,1";"4,6";"4,7";"4,9";"4,9";"4,9"
"Bahia";"14 a 17 anos";"6,5";"4,5";"4,9";"5,4";"5,5";"5,3";"4,4";"4,9";"5,0";"5,2"
"Bahia";"14 a 15 anos";"9,5";"7,5";"7,1";"8,2";"6,9";"6,9";"5,9";"7,8";"7,7";"6,7"
"Bahia";"16 a 17 anos";"8,3";"7,8";"6,5";"8,1";"8,2";"7,1";"7,3";"7,2";"7,5";"7,9"
"Bahia";"18 a 19 anos";"8,1";"8,7";"7,2";"7,0";"7,7";"6,6";"7,4";"6,9";"7,4";"8,0"
"Bahia";"20 a 24 anos";"5,3";"5,6";"4,7";"5,0";"4,9";"4,8";"5,2";"4,1";"5,0";"4,3"
"Bahia";"25 a 29 anos";"6,8";"4,3";"5,6";"5,0";"5,0";"5,0";"5,4";"4,9";"5,2";"4,3"
"Bahia";"30 a 39 anos";"3,6";"3,2";"3,5";"2,7";"3,3";"2,8";"3,2";"3,1";"3,5";"2,9"
"Bahia";"40 a 49 anos";"3,5";"4,1";"3,1";"2,7";"3,1";"2,5";"3,1";"3,0";"2,7";"2,8"
"Bahia";"50 a 59 anos";"4,0";"4,7";"3,8";"3,3";"3,6";"3,3";"3,5";"3,4";"3,3";"3,5"
"Bahia";"60 anos ou mais";"4,5";"3,7";"3,3";"3,3";"3,7";"3,2";"3,4";"3,0";"3,3";"3,0"
"Bahia";"60 a 64 anos";"6,8";"5,9";"6,8";"5,1";"6,1";"6,3";"5,5";"4,9";"5,7";"4,4"
"Bahia";"65 anos ou mais";"5,9";"4,6";"4,4";"3,9";"4,0";"3,3";"3,9";"3,5";"3,8";"3,8"
"Minas Gerais";"0 a 4 anos";"5,1";"4,2";"4,5";"4,0";"4,4";"3,8";"4,2";"4,2";"4,0";"4,0"
"Minas Gerais";"5 a 13 anos";"3,2";"3,3";"2,9";"2,7";"2,5";"2,6";"2,8";"2,9";"2,4";"2,7"
"Minas Gerais";"5 a 9 anos";"4,1";"4,6";"3,9";"3,8";"3,8";"3,9";"3,5";"3,8";"3,2";"3,9"
"Minas Gerais";"10 a 13 anos";"4,6";"4,7";"3,9";"4,6";"3,6";"4,2";"4,4";"4,2";"3,5";"4,3"
"Minas Gerais";"14 a 17 anos";"4,1";"4,4";"4,0";"3,9";"3,8";"3,9";"4,1";"4,6";"4,6";"4,7"
"Minas Gerais";"14 a 15 anos";"5,8";"5,9";"5,9";"6,0";"5,7";"6,4";"6,6";"6,2";"5,9";"6,4"
"Minas Gerais";"16 a 17 anos";"6,0";"5,6";"5,7";"6,1";"5,8";"6,0";"5,0";"6,4";"6,0";"6,5"
"Minas Gerais";"18 a 19 anos";"5,7";"6,1";"5,7";"6,1";"5,9";"7,4";"5,9";"6,7";"6,3";"5,8"
"Minas Gerais";"20 a 24 anos";"3,9";"3,9";"3,7";"3,4";"3,9";"3,7";"3,5";"3,6";"3,9";"3,7"
"Minas Gerais";"25 a 29 anos";"3,8";"3,7";"4,3";"4,1";"3,3";"3,4";"3,9";"3,7";"3,5";"3,0"
"Minas Gerais";"30 a 39 anos";"2,5";"2,2";"2,7";"2,3";"2,5";"2,2";"2,3";"2,4";"2,5";"2,3"
"Minas Gerais";"40 a 49 anos";"2,4";"2,2";"2,2";"1,9";"2,4";"2,1";"2,4";"2,1";"2,2";"2,1"
"Minas Gerais";"50 a 59 anos";"2,7";"2,6";"2,7";"2,4";"2,6";"2,5";"2,8";"2,4";"2,6";"2,5"
"Minas Gerais";"60 anos ou mais";"2,8";"2,6";"2,8";"2,3";"2,5";"2,6";"2,8";"2,7";"2,6";"2,3"
"Minas Gerais";"60 a 64 anos";"3,9";"3,9";"4,3";"3,6";"4,0";"4,1";"4,5";"3,8";"4,0";"3,9"
"Minas Gerais";"65 anos ou mais";"3,1";"3,0";"3,3";"2,7";"2,9";"3,1";"3,3";"3,2";"3,0";"2,7"
"Espírito Santo";"0 a 4 anos";"6,9";"6,0";"5,1";"5,4";"6,3";"6,1";"5,7";"5,0";"5,2";"5,3"
"Espírito Santo";"5 a 13 anos";"4,6";"4,6";"4,2";"3,7";"4,1";"4,5";"3,8";"3,6";"3,8";"3,9"
"Espírito Santo";"5 a 9 anos";"6,9";"6,6";"5,4";"4,8";"5,5";"6,1";"5,1";"5,2";"5,6";"5,6"
"Espírito Santo";"10 a 13 anos";"6,4";"6,4";"7,0";"5,7";"7,0";"7,2";"5,6";"5,6";"5,8";"5,3"
"Espírito Santo";"14 a 17 anos";"5,9";"6,7";"5,8";"5,5";"5,6";"5,6";"6,1";"5,6";"6,1";"5,4"
"Espírito Santo";"14 a 15 anos";"8,6";"8,9";"7,8";"8,4";"8,6";"8,3";"7,4";"7,2";"7,8";"7,3"
"Espírito Santo";"16 a 17 anos";"8,5";"8,9";"8,2";"7,4";"8,1";"8,3";"8,7";"9,3";"9,0";"8,5"
"Espírito Santo";"18 a 19 anos";"9,9";"10,7";"8,3";"9,1";"8,0";"8,7";"8,2";"9,2";"9,5";"8,2"
"Espírito Santo";"20 a 24 anos";"5,7";"5,6";"4,9";"5,8";"5,5";"5,9";"5,4";"5,2";"5,2";"4,8"
"Espírito Santo";"25 a 29 anos";"6,6";"5,3";"5,9";"5,8";"5,1";"5,7";"5,1";"5,2";"5,4";"5,3"
"Espírito Santo";"30 a 39 anos";"3,3";"3,4";"3,5";"3,5";"3,5";"3,6";"3,8";"3,4";"3,5";"3,0"
"Espírito Santo";"40 a 49 anos";"3,8";"3,5";"3,3";"3,1";"3,6";"3,1";"3,2";"2,8";"3,1";"2,9"
"Espírito Santo";"50 a 59 anos";"4,0";"4,0";"3,9";"3,3";"3,8";"3,4";"3,8";"3,8";"3,7";"3,9"
"Espírito Santo";"60 anos ou mais";"4,0";"3,9";"3,6";"3,7";"4,5";"3,4";"3,7";"3,3";"3,1";"3,0"
"Espírito Santo";"60 a 64 anos";"6,4";"6,5";"5,7";"6,0";"5,9";"5,4";"5,7";"4,6";"5,9";"5,7"
"Espírito Santo";"65 anos ou mais";"4,8";"4,9";"4,4";"4,1";"6,1";"4,1";"4,4";"4,2";"3,5";"3,5"
"Rio de Janeiro";"0 a 4 anos";"5,6";"5,8";"4,0";"5,0";"4,1";"4,7";"3,9";"4,4";"5,1";"4,6"
"Rio de Janeiro";"5 a 13 anos";"3,4";"4,0";"3,1";"3,4";"2,7";"2,6";"2,6";"3,2";"2,8";"3,2"
"Rio de Janeiro";"5 a 9 anos";"4,6";"5,7";"3,9";"4,7";"3,6";"3,5";"3,5";"3,9";"4,5";"4,7"
"Rio de Janeiro";"10 a 13 anos";"5,0";"5,8";"4,8";"4,7";"3,8";"4,0";"3,7";"4,3";"3,7";"4,1"
"Rio de Janeiro";"14 a 17 anos";"5,0";"5,3";"4,1";"4,3";"3,8";"4,5";"4,5";"4,4";"3,9";"4,4"
"Rio de Janeiro";"14 a 15 anos";"7,0";"7,9";"6,3";"6,9";"5,7";"5,9";"6,6";"6,4";"6,0";"8,0"
"Rio de Janeiro";"16 a 17 anos";"7,1";"8,1";"5,9";"5,6";"6,1";"6,1";"5,9";"6,3";"7,1";"6,7"
"Rio de Janeiro";"18 a 19 anos";"7,6";"6,9";"6,3";"5,7";"6,0";"5,9";"6,1";"5,4";"7,5";"6,4"
"Rio de Janeiro";"20 a 24 anos";"4,5";"4,7";"3,7";"3,4";"4,0";"4,2";"4,0";"3,5";"4,8";"4,6"
"Rio de Janeiro";"25 a 29 anos";"4,6";"4,2";"4,0";"3,8";"3,5";"3,7";"3,6";"3,3";"3,6";"4,6"
"Rio de Janeiro";"30 a 39 anos";"3,3";"3,2";"2,6";"2,7";"2,6";"2,3";"2,6";"2,3";"4,1";"2,5"
"Rio de Janeiro";"40 a 49 anos";"3,0";"2,8";"2,6";"2,3";"2,2";"2,3";"2,1";"2,1";"2,5";"2,2"
"Rio de Janeiro";"50 a 59 anos";"3,0";"2,5";"2,6";"2,3";"2,5";"2,2";"2,4";"2,3";"3,0";"2,1"
"Rio de Janeiro";"60 anos ou mais";"3,0";"2,5";"2,5";"2,0";"2,4";"2,2";"2,4";"2,2";"2,4";"1,9"
"Rio de Janeiro";"60 a 64 anos";"4,7";"4,3";"4,0";"3,4";"3,8";"3,8";"3,8";"3,5";"4,3";"5,2"
"Rio de Janeiro";"65 anos ou mais";"3,7";"3,0";"2,9";"2,5";"2,9";"2,5";"2,9";"2,5";"3,0";"2,6"
"São Paulo";"0 a 4 anos";"3,9";"4,3";"4,0";"3,8";"3,9";"3,7";"3,4";"3,5";"3,4";"3,4"
"São Paulo";"5 a 13 anos";"2,7";"2,5";"2,5";"2,7";"2,2";"2,5";"2,2";"2,7";"2,3";"2,3"
"São Paulo";"5 a 9 anos";"3,6";"3,7";"3,4";"3,4";"3,0";"3,4";"3,0";"3,6";"3,1";"3,3"
"São Paulo";"10 a 13 anos";"3,4";"3,7";"3,9";"4,1";"3,6";"3,7";"3,6";"3,4";"3,6";"3,3"
"São Paulo";"14 a 17 anos";"4,2";"3,7";"4,1";"3,6";"3,4";"3,9";"3,8";"3,8";"4,8";"4,9"
"São Paulo";"14 a 15 anos";"5,9";"5,7";"5,7";"7,0";"5,4";"6,0";"5,6";"5,3";"5,8";"5,7"
"São Paulo";"16 a 17 anos";"5,8";"5,3";"6,1";"6,3";"5,3";"5,3";"5,2";"5,7";"8,0";"7,5"
"São Paulo";"18 a 19 anos";"5,7";"6,2";"5,8";"6,2";"5,1";"5,3";"5,7";"6,6";"5,9";"6,0"
"São Paulo";"20 a 24 anos";"3,0";"3,5";"3,3";"3,4";"2,8";"3,2";"3,1";"3,2";"3,4";"2,8"
"São Paulo";"25 a 29 anos";"3,5";"3,3";"2,8";"3,1";"3,3";"3,0";"2,7";"3,2";"2,9";"2,9"
"São Paulo";"30 a 39 anos";"2,3";"1,8";"2,1";"1,9";"2,1";"1,9";"2,2";"1,8";"2,2";"2,0"
"São Paulo";"40 a 49 anos";"2,2";"1,8";"2,2";"1,7";"1,7";"1,8";"1,8";"1,7";"2,0";"1,7"
"São Paulo";"50 a 59 anos";"2,1";"2,2";"2,2";"2,2";"2,0";"2,0";"2,0";"2,0";"2,4";"2,2"
"São Paulo";"60 anos ou mais";"2,5";"2,0";"2,2";"2,1";"2,2";"2,2";"2,2";"2,1";"2,2";"2,0"
"São Paulo";"60 a 64 anos";"3,7";"3,2";"4,0";"3,3";"3,1";"2,9";"3,6";"3,1";"3,3";"3,2"
"São Paulo";"65 anos ou mais";"2,9";"2,3";"2,6";"2,4";"2,6";"2,4";"2,5";"2,5";"2,6";"2,3"
"Paraná";"0 a 4 anos";"6,0";"6,0";"5,0";"4,8";"4,5";"5,3";"5,4";"4,2";"4,6";"4,4"
"Paraná";"5 a 13 anos";"3,4";"3,4";"3,1";"3,2";"3,2";"3,3";"3,0";"3,2";"2,8";"3,2"
"Paraná";"5 a 9 anos";"5,1";"4,7";"4,5";"4,3";"4,2";"4,4";"4,2";"4,4";"3,7";"4,5"
"Paraná";"10 a 13 anos";"5,1";"5,1";"4,4";"4,8";"5,0";"4,6";"4,8";"5,1";"4,9";"4,8"
"Paraná";"14 a 17 anos";"5,2";"5,7";"5,3";"4,4";"5,1";"5,1";"5,4";"4,9";"4,7";"5,0"
"Paraná";"14 a 15 anos";"8,7";"7,9";"8,1";"7,7";"7,2";"6,6";"7,3";"7,7";"7,4";"6,0"
"Paraná";"16 a 17 anos";"6,6";"7,9";"6,3";"6,3";"6,5";"8,0";"7,3";"6,5";"6,0";"7,3"
"Paraná";"18 a 19 anos";"6,6";"11,6";"6,8";"7,3";"7,0";"5,7";"6,8";"6,8";"7,5";"7,4"
"Paraná";"20 a 24 anos";"5,0";"5,4";"4,6";"4,6";"4,3";"3,6";"4,4";"4,6";"4,7";"3,9"
"Paraná";"25 a 29 anos";"6,2";"5,4";"4,0";"4,5";"4,7";"4,2";"4,0";"4,2";"4,0";"3,9"
"Paraná";"30 a 39 anos";"3,3";"3,1";"2,9";"2,8";"3,1";"3,4";"2,7";"2,8";"2,8";"2,7"
"Paraná";"40 a 49 anos";"3,8";"3,4";"2,8";"2,6";"3,1";"2,8";"2,8";"2,6";"2,5";"2,4"
"Paraná";"50 a 59 anos";"3,7";"3,7";"3,2";"2,9";"3,3";"3,3";"3,0";"2,8";"3,1";"3,2"
"Paraná";"60 anos ou mais";"3,8";"3,1";"3,3";"3,1";"3,3";"3,1";"3,0";"2,7";"3,3";"2,8"
"Paraná";"60 a 64 anos";"6,2";"4,7";"4,7";"5,2";"5,3";"5,5";"5,1";"4,2";"5,0";"4,2"
"Paraná";"65 anos ou mais";"4,4";"3,6";"3,9";"3,4";"4,1";"3,4";"3,3";"3,3";"3,9";"3,4"
"Santa Catarina";"0 a 4 anos";"5,3";"8,0";"4,0";"4,6";"4,4";"4,3";"4,5";"4,2";"4,0";"4,3"
"Santa Catarina";"5 a 13 anos";"5,0";"3,7";"3,0";"3,0";"2,8";"3,2";"2,8";"3,1";"2,6";"2,8"
"Santa Catarina";"5 a 9 anos";"8,0";"4,9";"3,9";"3,9";"3,5";"4,3";"3,8";"3,9";"3,6";"4,0"
"Santa Catarina";"10 a 13 anos";"7,2";"5,6";"4,6";"4,7";"4,5";"4,2";"4,4";"4,9";"4,1";"4,0"
"Santa Catarina";"14 a 17 anos";"5,4";"6,9";"4,6";"4,5";"4,4";"4,2";"3,9";"4,5";"4,3";"4,1"
"Santa Catarina";"14 a 15 anos";"7,4";"9,4";"6,2";"6,0";"6,2";"5,6";"6,2";"6,6";"5,9";"6,4"
"Santa Catarina";"16 a 17 anos";"7,8";"8,8";"6,4";"7,1";"6,9";"6,9";"5,8";"6,4";"5,8";"6,2"
"Santa Catarina";"18 a 19 anos";"7,9";"7,1";"5,4";"6,1";"6,9";"7,5";"6,4";"5,3";"6,3";"7,6"
"Santa Catarina";"20 a 24 anos";"4,4";"5,2";"3,4";"4,1";"3,5";"3,9";"3,9";"3,8";"3,9";"3,9"
"Santa Catarina";"25 a 29 anos";"5,6";"5,2";"3,7";"3,7";"3,3";"3,6";"3,7";"3,8";"4,3";"3,7"
"Santa Catarina";"30 a 39 anos";"3,4";"3,3";"2,3";"3,0";"2,2";"2,4";"2,4";"2,2";"2,4";"2,1"
"Santa Catarina";"40 a 49 anos";"2,8";"3,4";"2,2";"2,2";"2,2";"2,4";"2,4";"2,4";"2,3";"2,4"
"Santa Catarina";"50 a 59 anos";"3,3";"3,2";"2,9";"2,7";"3,0";"3,0";"2,8";"2,9";"3,1";"3,0"
"Santa Catarina";"60 anos ou mais";"3,3";"3,2";"2,9";"2,5";"3,2";"2,7";"2,8";"2,8";"2,6";"2,4"
"Santa Catarina";"60 a 64 anos";"4,7";"5,5";"5,1";"4,0";"4,5";"4,2";"4,1";"4,3";"4,2";"4,2"
"Santa Catarina";"65 anos ou mais";"3,9";"3,4";"3,6";"3,0";"4,0";"3,2";"3,4";"3,2";"3,3";"2,8"
"Rio Grande do Sul";"0 a 4 anos";"5,3";"6,4";"5,4";"5,2";"5,1";"5,1";"5,7";"4,8";"5,5";"5,7"
"Rio Grande do Sul";"5 a 13 anos";"3,9";"4,2";"3,0";"3,5";"3,4";"3,4";"3,3";"3,5";"4,0";"3,2"
"Rio Grande do Sul";"5 a 9 anos";"5,2";"5,5";"4,2";"4,7";"4,3";"4,6";"4,6";"4,5";"5,2";"4,5"
"Rio Grande do Sul";"10 a 13 anos";"5,8";"6,8";"5,2";"5,6";"5,3";"5,7";"4,9";"5,4";"5,1";"5,0"
"Rio Grande do Sul";"14 a 17 anos";"5,1";"5,3";"5,2";"5,6";"5,3";"5,7";"5,7";"4,7";"5,2";"5,4"
"Rio Grande do Sul";"14 a 15 anos";"7,1";"7,2";"7,2";"8,3";"7,7";"7,6";"7,0";"6,9";"7,3";"9,0"
"Rio Grande do Sul";"16 a 17 anos";"8,5";"7,9";"7,2";"7,4";"6,9";"8,4";"8,2";"6,3";"8,4";"7,1"
"Rio Grande do Sul";"18 a 19 anos";"7,9";"8,4";"6,4";"7,6";"7,5";"8,1";"6,7";"7,7";"8,5";"8,2"
"Rio Grande do Sul";"20 a 24 anos";"4,8";"5,3";"4,1";"4,9";"4,5";"4,4";"4,4";"4,9";"4,9";"5,5"
"Rio Grande do Sul";"25 a 29 anos";"5,4";"4,7";"5,1";"4,9";"5,1";"4,9";"4,5";"4,6";"5,0";"5,1"
"Rio Grande do Sul";"30 a 39 anos";"3,4";"2,8";"2,8";"2,6";"3,2";"2,9";"3,5";"3,0";"3,1";"2,8"
"Rio Grande do Sul";"40 a 49 anos";"3,3";"3,1";"2,9";"2,6";"2,9";"2,6";"2,9";"2,6";"2,6";"2,7"
"Rio Grande do Sul";"50 a 59 anos";"3,1";"3,3";"3,1";"2,6";"3,1";"3,0";"2,7";"3,1";"2,8";"2,9"
"Rio Grande do Sul";"60 anos ou mais";"3,0";"3,0";"2,6";"2,7";"3,0";"2,8";"3,0";"2,7";"3,0";"2,8"
"Rio Grande do Sul";"60 a 64 anos";"4,9";"4,7";"3,9";"4,0";"4,9";"4,6";"5,1";"4,5";"4,4";"4,2"
"Rio Grande do Sul";"65 anos ou mais";"3,5";"3,6";"3,3";"3,2";"3,6";"3,2";"3,4";"3,0";"3,9";"3,3"
"Mato Grosso do Sul";"0 a 4 anos";"6,7";"6,2";"6,5";"6,5";"6,4";"7,3";"7,2";"5,9";"6,8";"6,3"
"Mato Grosso do Sul";"5 a 13 anos";"5,2";"5,2";"5,1";"4,7";"4,7";"4,4";"5,0";"4,3";"4,0";"4,9"
"Mato Grosso do Sul";"5 a 9 anos";"6,3";"7,0";"6,3";"6,7";"6,3";"6,0";"5,6";"6,0";"5,6";"6,9"
"Mato Grosso do Sul";"10 a 13 anos";"8,2";"8,1";"9,0";"6,8";"6,4";"6,6";"7,6";"7,4";"6,5";"6,8"
"Mato Grosso do Sul";"14 a 17 anos";"7,8";"7,1";"6,7";"7,5";"6,4";"7,7";"7,2";"6,4";"6,9";"7,9"
"Mato Grosso do Sul";"14 a 15 anos";"10,3";"10,5";"9,8";"8,6";"9,2";"11,1";"8,9";"9,6";"9,9";"11,2"
"Mato Grosso do Sul";"16 a 17 anos";"11,1";"11,6";"9,2";"10,2";"7,9";"11,5";"13,0";"8,6";"9,6";"10,4"
"Mato Grosso do Sul";"18 a 19 anos";"10,8";"11,2";"10,3";"11,7";"10,9";"11,1";"10,2";"10,4";"9,7";"10,4"
"Mato Grosso do Sul";"20 a 24 anos";"7,6";"6,6";"6,7";"6,0";"7,0";"6,4";"6,1";"6,4";"7,2";"6,1"
"Mato Grosso do Sul";"25 a 29 anos";"7,3";"7,3";"7,1";"6,2";"6,0";"5,2";"6,8";"6,9";"5,3";"6,1"
"Mato Grosso do Sul";"30 a 39 anos";"4,9";"4,3";"4,3";"3,8";"4,2";"3,7";"3,9";"4,0";"4,8";"4,2"
"Mato Grosso do Sul";"40 a 49 anos";"4,7";"4,5";"4,2";"3,6";"4,0";"3,5";"4,2";"3,7";"4,3";"3,3"
"Mato Grosso do Sul";"50 a 59 anos";"6,4";"5,5";"5,0";"5,2";"4,6";"4,4";"5,4";"4,7";"4,4";"4,5"
"Mato Grosso do Sul";"60 anos ou mais";"4,9";"5,4";"6,0";"5,2";"5,0";"5,5";"5,3";"5,1";"4,8";"4,5"
"Mato Grosso do Sul";"60 a 64 anos";"8,7";"7,1";"8,8";"7,5";"8,6";"7,7";"9,7";"6,8";"6,9";"7,8"
"Mato Grosso do Sul";"65 anos ou mais";"5,9";"6,9";"7,0";"5,8";"6,1";"6,2";"6,2";"6,4";"6,1";"5,2"
"Mato Grosso";"0 a 4 anos";"7,1";"6,5";"5,8";"6,3";"6,7";"7,1";"7,4";"6,9";"5,7";"5,7"
"Mato Grosso";"5 a 13 anos";"5,7";"4,6";"4,4";"5,1";"4,3";"4,3";"3,6";"4,7";"4,0";"4,8"
"Mato Grosso";"5 a 9 anos";"8,5";"6,7";"6,4";"7,1";"5,8";"7,2";"6,2";"7,4";"5,5";"6,4"
"Mato Grosso";"10 a 13 anos";"7,6";"6,4";"6,0";"7,1";"6,2";"6,8";"6,7";"6,1";"6,4";"6,4"
"Mato Grosso";"14 a 17 anos";"6,5";"8,4";"6,7";"6,5";"7,4";"7,1";"6,9";"6,9";"6,3";"6,3"
"Mato Grosso";"14 a 15 anos";"7,9";"10,9";"11,5";"9,9";"12,0";"9,6";"10,0";"9,7";"9,2";"8,6"
"Mato Grosso";"16 a 17 anos";"10,0";"12,1";"9,2";"9,0";"8,8";"9,9";"8,8";"11,4";"9,4";"9,0"
"Mato Grosso";"18 a 19 anos";"9,1";"10,8";"9,4";"11,3";"9,0";"8,4";"9,8";"11,5";"10,3";"9,5"
"Mato Grosso";"20 a 24 anos";"6,3";"6,9";"6,5";"7,4";"6,9";"5,5";"7,7";"6,0";"6,6";"7,3"
"Mato Grosso";"25 a 29 anos";"7,5";"5,2";"6,8";"7,0";"7,8";"10,7";"5,7";"6,6";"5,2";"6,0"
"Mato Grosso";"30 a 39 anos";"4,6";"3,8";"3,8";"4,6";"4,0";"4,8";"4,1";"4,2";"3,8";"3,4"
"Mato Grosso";"40 a 49 anos";"4,8";"4,2";"4,0";"4,2";"3,6";"3,8";"4,9";"4,6";"3,8";"3,3"
"Mato Grosso";"50 a 59 anos";"5,9";"5,0";"4,8";"5,5";"6,9";"5,4";"4,9";"5,5";"4,8";"5,6"
"Mato Grosso";"60 anos ou mais";"6,4";"6,1";"5,0";"5,0";"4,8";"6,0";"6,0";"5,8";"5,1";"4,7"
"Mato Grosso";"60 a 64 anos";"10,0";"8,2";"8,6";"7,6";"7,9";"8,8";"8,4";"8,0";"7,9";"7,3"
"Mato Grosso";"65 anos ou mais";"7,3";"7,6";"5,7";"6,0";"6,2";"6,5";"7,0";"7,0";"6,0";"5,7"
"Goiás";"0 a 4 anos";"7,1";"5,9";"5,4";"5,8";"5,7";"6,6";"5,5";"5,5";"6,1";"5,9"
"Goiás";"5 a 13 anos";"4,2";"5,0";"4,0";"4,2";"4,7";"3,9";"4,1";"3,5";"4,1";"3,9"
"Goiás";"5 a 9 anos";"6,1";"6,1";"5,4";"5,0";"5,8";"5,7";"5,4";"5,3";"5,7";"4,6"
"Goiás";"10 a 13 anos";"5,8";"7,9";"6,7";"6,9";"5,8";"6,1";"5,7";"5,1";"5,8";"6,4"
"Goiás";"14 a 17 anos";"6,6";"6,6";"6,7";"6,2";"5,7";"5,4";"5,3";"6,4";"6,0";"5,6"
"Goiás";"14 a 15 anos";"9,5";"9,8";"9,5";"9,6";"8,3";"7,7";"7,9";"9,7";"8,8";"7,8"
"Goiás";"16 a 17 anos";"9,6";"9,1";"9,3";"8,1";"8,3";"9,3";"7,6";"8,6";"8,3";"8,8"
"Goiás";"18 a 19 anos";"9,5";"9,3";"9,3";"8,5";"9,0";"9,2";"8,9";"8,6";"8,1";"9,5"
"Goiás";"20 a 24 anos";"5,9";"5,7";"5,2";"5,5";"5,2";"5,4";"5,1";"5,4";"5,9";"6,7"
"Goiás";"25 a 29 anos";"5,4";"5,2";"5,4";"5,3";"5,5";"5,1";"5,2";"5,5";"5,8";"5,2"
"Goiás";"30 a 39 anos";"4,3";"3,3";"3,5";"3,2";"3,4";"3,6";"3,4";"3,1";"3,7";"3,5"
"Goiás";"40 a 49 anos";"3,5";"3,9";"3,6";"3,8";"4,1";"3,0";"3,5";"2,7";"3,4";"3,2"
"Goiás";"50 a 59 anos";"4,7";"4,2";"4,4";"3,7";"4,5";"3,9";"4,3";"3,7";"3,8";"3,8"
"Goiás";"60 anos ou mais";"4,2";"4,1";"4,4";"4,1";"4,0";"4,0";"4,2";"4,0";"4,2";"3,9"
"Goiás";"60 a 64 anos";"7,5";"7,0";"7,5";"6,2";"6,4";"5,6";"6,5";"5,6";"6,6";"6,8"
"Goiás";"65 anos ou mais";"4,9";"4,7";"5,1";"4,8";"4,5";"5,0";"5,2";"4,7";"5,0";"4,5"
"Distrito Federal";"0 a 4 anos";"9,4";"8,4";"7,0";"8,1";"8,4";"7,6";"7,8";"7,7";"8,7";"8,3"
"Distrito Federal";"5 a 13 anos";"7,2";"6,0";"4,6";"5,2";"5,0";"5,7";"5,3";"4,5";"5,7";"5,4"
"Distrito Federal";"5 a 9 anos";"8,5";"9,3";"6,7";"7,6";"7,9";"7,8";"6,2";"5,8";"6,8";"8,8"
"Distrito Federal";"10 a 13 anos";"9,5";"8,3";"8,2";"7,6";"6,8";"8,3";"9,1";"7,5";"8,5";"8,5"
"Distrito Federal";"14 a 17 anos";"8,9";"8,0";"8,2";"7,2";"7,9";"7,2";"7,2";"7,2";"6,2";"8,6"
"Distrito Federal";"14 a 15 anos";"12,0";"11,0";"11,7";"11,0";"10,5";"10,9";"10,4";"9,7";"8,0";"13,2"
"Distrito Federal";"16 a 17 anos";"13,6";"10,9";"10,5";"10,2";"12,3";"10,2";"12,1";"11,1";"8,6";"11,6"
"Distrito Federal";"18 a 19 anos";"10,3";"10,6";"10,7";"10,9";"12,6";"10,6";"11,6";"10,0";"10,0";"11,3"
"Distrito Federal";"20 a 24 anos";"6,2";"7,6";"6,8";"7,1";"7,0";"6,9";"5,7";"6,1";"7,7";"7,0"
"Distrito Federal";"25 a 29 anos";"8,4";"8,6";"8,2";"6,2";"7,3";"5,9";"6,5";"6,4";"5,7";"7,5"
"Distrito Federal";"30 a 39 anos";"5,8";"5,1";"4,5";"4,5";"5,2";"4,4";"4,9";"4,0";"5,2";"5,2"
"Distrito Federal";"40 a 49 anos";"4,6";"4,2";"4,6";"4,3";"4,0";"3,6";"4,1";"4,0";"4,8";"4,0"
"Distrito Federal";"50 a 59 anos";"6,0";"5,7";"5,5";"5,0";"5,2";"4,2";"5,0";"4,2";"5,5";"4,5"
"Distrito Federal";"60 anos ou mais";"6,5";"6,0";"6,0";"5,7";"5,8";"5,4";"5,9";"5,4";"5,9";"5,2"
"Distrito Federal";"60 a 64 anos";"10,6";"9,2";"8,9";"8,4";"9,2";"8,4";"8,7";"7,5";"8,3";"7,7"
"Distrito Federal";"65 anos ou mais";"8,2";"6,9";"7,2";"7,2";"7,4";"6,2";"7,3";"7,1";"7,3";"6,5"
"Porto Velho (RO)";"0 a 4 anos";"12,8";"12,7";"13,1";"9,8";"22,2";"17,7";"15,1";"16,9";"13,5";"15,3"
"Porto Velho (RO)";"5 a 13 anos";"8,1";"7,2";"7,6";"9,0";"14,1";"11,4";"14,7";"13,6";"9,2";"8,9"
"Porto Velho (RO)";"5 a 9 anos";"12,5";"14,5";"10,6";"13,7";"18,3";"16,6";"14,9";"16,7";"11,8";"12,2"
"Porto Velho (RO)";"10 a 13 anos";"11,0";"12,5";"12,2";"12,8";"17,9";"16,4";"19,2";"16,7";"15,5";"12,4"
"Porto Velho (RO)";"14 a 17 anos";"11,1";"12,4";"10,2";"14,1";"10,7";"13,2";"25,5";"15,6";"14,5";"15,5"
"Porto Velho (RO)";"14 a 15 anos";"15,8";"13,0";"17,4";"18,1";"22,6";"14,5";"35,5";"24,7";"21,3";"21,7"
"Porto Velho (RO)";"16 a 17 anos";"16,1";"19,3";"13,5";"20,5";"16,6";"22,4";"19,5";"22,5";"18,4";"17,1"
"Porto Velho (RO)";"18 a 19 anos";"19,0";"19,8";"20,0";"16,5";"21,5";"25,2";"19,8";"22,7";"17,4";"17,1"
"Porto Velho (RO)";"20 a 24 anos";"11,2";"9,5";"16,2";"9,2";"15,7";"15,9";"14,3";"11,6";"10,9";"12,1"
"Porto Velho (RO)";"25 a 29 anos";"12,7";"10,7";"13,8";"8,8";"11,1";"15,5";"9,9";"14,6";"14,1";"12,2"
"Porto Velho (RO)";"30 a 39 anos";"7,8";"6,6";"8,7";"8,4";"8,0";"8,2";"9,1";"10,2";"6,8";"6,6"
"Porto Velho (RO)";"40 a 49 anos";"8,8";"8,0";"7,2";"8,0";"9,4";"9,2";"10,7";"10,7";"8,0";"7,9"
"Porto Velho (RO)";"50 a 59 anos";"12,3";"10,0";"9,3";"8,3";"8,8";"9,9";"12,7";"12,6";"9,0";"9,7"
"Porto Velho (RO)";"60 anos ou mais";"10,9";"11,0";"10,6";"9,5";"11,6";"11,7";"12,6";"11,8";"10,6";"9,8"
"Porto Velho (RO)";"60 a 64 anos";"17,6";"15,9";"15,6";"15,8";"14,8";"13,6";"17,6";"10,1";"15,0";"14,6"
"Porto Velho (RO)";"65 anos ou mais";"14,8";"14,1";"12,2";"12,1";"14,3";"15,1";"15,2";"18,3";"12,3";"11,0"
"Rio Branco (AC)";"0 a 4 anos";"9,6";"10,5";"9,4";"9,8";"11,7";"11,3";"9,7";"10,1";"8,9";"9,1"
"Rio Branco (AC)";"5 a 13 anos";"7,0";"7,8";"7,6";"5,7";"6,0";"6,4";"5,5";"5,2";"6,9";"6,0"
"Rio Branco (AC)";"5 a 9 anos";"8,6";"10,4";"8,6";"8,4";"9,3";"8,9";"8,5";"7,8";"8,7";"8,9"
"Rio Branco (AC)";"10 a 13 anos";"10,9";"11,4";"10,9";"7,8";"8,2";"8,0";"7,9";"8,8";"11,7";"8,7"
"Rio Branco (AC)";"14 a 17 anos";"9,9";"8,9";"10,2";"9,3";"10,1";"7,9";"8,6";"10,0";"8,9";"10,1"
"Rio Branco (AC)";"14 a 15 anos";"14,2";"13,8";"15,2";"12,3";"14,2";"12,8";"13,5";"12,8";"14,4";"12,8"
"Rio Branco (AC)";"16 a 17 anos";"14,3";"11,8";"14,8";"14,0";"13,4";"11,8";"10,3";"13,1";"12,5";"15,9"
"Rio Branco (AC)";"18 a 19 anos";"11,8";"17,9";"13,0";"13,5";"11,4";"12,9";"11,6";"10,4";"14,5";"12,2"
"Rio Branco (AC)";"20 a 24 anos";"8,7";"8,5";"8,8";"7,8";"8,1";"8,6";"10,1";"9,0";"8,4";"8,7"
"Rio Branco (AC)";"25 a 29 anos";"9,6";"8,6";"7,8";"9,6";"10,8";"7,7";"8,3";"8,7";"9,0";"7,9"
"Rio Branco (AC)";"30 a 39 anos";"6,6";"5,6";"6,4";"6,1";"6,1";"5,6";"6,5";"5,6";"7,1";"5,6"
"Rio Branco (AC)";"40 a 49 anos";"7,0";"5,9";"5,9";"6,7";"5,6";"6,6";"6,0";"5,3";"7,2";"6,5"
"Rio Branco (AC)";"50 a 59 anos";"7,9";"7,7";"8,5";"7,2";"8,6";"8,1";"8,6";"7,5";"8,2";"6,8"
"Rio Branco (AC)";"60 anos ou mais";"8,6";"7,8";"8,5";"9,3";"7,2";"9,3";"8,4";"7,9";"8,6";"8,7"
"Rio Branco (AC)";"60 a 64 anos";"13,8";"13,5";"14,1";"11,9";"14,3";"13,9";"14,3";"12,4";"14,7";"13,4"
"Rio Branco (AC)";"65 anos ou mais";"9,9";"9,3";"10,9";"11,5";"8,7";"10,3";"10,0";"9,2";"10,5";"9,9"
"Manaus (AM)";"0 a 4 anos";"9,0";"9,4";"9,0";"9,1";"7,5";"9,7";"7,6";"8,7";"8,5";"7,6"
"Manaus (AM)";"5 a 13 anos";"4,6";"6,4";"6,4";"5,7";"6,7";"6,0";"5,7";"6,2";"6,5";"6,0"
"Manaus (AM)";"5 a 9 anos";"6,6";"8,7";"9,3";"7,4";"8,7";"6,8";"7,5";"9,8";"9,2";"8,7"
"Manaus (AM)";"10 a 13 anos";"9,4";"10,2";"8,7";"9,2";"7,8";"10,3";"9,2";"7,3";"8,7";"9,5"
"Manaus (AM)";"14 a 17 anos";"7,8";"9,6";"8,1";"10,2";"7,5";"6,8";"9,6";"11,6";"7,2";"10,1"
"Manaus (AM)";"14 a 15 anos";"9,5";"12,9";"12,2";"14,8";"12,2";"12,4";"12,8";"13,0";"12,6";"13,9"
"Manaus (AM)";"16 a 17 anos";"11,0";"12,3";"11,4";"15,8";"11,1";"9,8";"11,4";"14,9";"11,0";"15,1"
"Manaus (AM)";"18 a 19 anos";"10,8";"12,2";"9,4";"12,0";"11,0";"12,7";"12,9";"11,3";"13,1";"13,0"
"Manaus (AM)";"20 a 24 anos";"6,9";"7,2";"7,2";"6,6";"7,2";"7,3";"8,2";"7,2";"9,3";"7,1"
"Manaus (AM)";"25 a 29 anos";"8,2";"9,0";"6,5";"7,0";"8,5";"8,0";"8,5";"6,7";"8,7";"6,6"
"Manaus (AM)";"30 a 39 anos";"4,4";"4,9";"5,1";"5,3";"5,7";"5,6";"4,9";"4,5";"6,6";"5,7"
"Manaus (AM)";"40 a 49 anos";"5,0";"5,4";"5,2";"4,8";"5,5";"4,8";"5,6";"4,3";"5,0";"4,9"
"Manaus (AM)";"50 a 59 anos";"5,2";"6,2";"6,4";"6,2";"5,8";"6,9";"6,8";"6,2";"7,6";"6,1"
"Manaus (AM)";"60 anos ou mais";"6,6";"6,4";"7,1";"7,3";"8,6";"7,2";"7,3";"6,1";"6,2";"6,6"
"Manaus (AM)";"60 a 64 anos";"10,9";"10,1";"11,8";"11,2";"11,0";"10,0";"11,3";"8,5";"9,8";"9,3"
"Manaus (AM)";"65 anos ou mais";"9,2";"7,4";"7,9";"8,1";"10,5";"9,7";"9,0";"9,1";"8,6";"8,0"
"Boa Vista (RR)";"0 a 4 anos";"10,3";"12,1";"8,3";"9,0";"10,0";"13,3";"9,4";"10,0";"8,3";"11,4"
"Boa Vista (RR)";"5 a 13 anos";"5,8";"7,6";"6,5";"7,8";"7,4";"7,7";"6,5";"7,4";"7,2";"9,4"
"Boa Vista (RR)";"5 a 9 anos";"7,3";"10,1";"9,1";"12,2";"8,3";"10,0";"10,4";"8,7";"9,1";"13,0"
"Boa Vista (RR)";"10 a 13 anos";"12,3";"12,2";"10,6";"13,5";"9,8";"11,2";"10,6";"10,0";"11,3";"11,5"
"Boa Vista (RR)";"14 a 17 anos";"16,4";"14,1";"10,9";"9,8";"11,7";"11,0";"12,7";"10,8";"11,1";"10,3"
"Boa Vista (RR)";"14 a 15 anos";"18,9";"22,4";"15,7";"14,4";"14,8";"17,0";"17,1";"11,8";"18,8";"19,0"
"Boa Vista (RR)";"16 a 17 anos";"20,0";"15,0";"15,5";"16,8";"15,2";"17,6";"14,6";"18,1";"15,6";"15,8"
"Boa Vista (RR)";"18 a 19 anos";"14,0";"13,5";"15,7";"14,1";"12,8";"17,1";"13,1";"16,8";"14,5";"14,4"
"Boa Vista (RR)";"20 a 24 anos";"13,5";"11,1";"6,8";"10,0";"9,3";"12,2";"10,0";"9,2";"9,7";"11,2"
"Boa Vista (RR)";"25 a 29 anos";"8,9";"10,4";"12,6";"8,9";"11,3";"7,6";"10,0";"8,7";"8,2";"8,8"
"Boa Vista (RR)";"30 a 39 anos";"6,0";"8,0";"7,0";"5,8";"5,6";"7,3";"6,1";"5,9";"9,5";"7,8"
"Boa Vista (RR)";"40 a 49 anos";"8,4";"6,9";"8,5";"8,5";"6,5";"7,1";"8,0";"6,6";"10,7";"8,0"
"Boa Vista (RR)";"50 a 59 anos";"12,1";"10,7";"12,6";"9,2";"8,4";"8,5";"10,3";"9,5";"9,1";"9,7"
"Boa Vista (RR)";"60 anos ou mais";"10,4";"13,9";"12,8";"9,1";"9,3";"9,8";"10,7";"8,6";"10,9";"10,6"
"Boa Vista (RR)";"60 a 64 anos";"14,2";"17,3";"20,1";"16,4";"18,4";"14,0";"17,1";"16,4";"18,4";"19,3"
"Boa Vista (RR)";"65 anos ou mais";"14,6";"17,9";"13,8";"11,7";"9,8";"12,0";"14,1";"10,2";"13,1";"9,3"
"Belém (PA)";"0 a 4 anos";"15,1";"16,9";"10,8";"12,4";"11,8";"11,9";"14,5";"14,1";"15,5";"13,9"
"Belém (PA)";"5 a 13 anos";"10,1";"13,7";"8,2";"8,5";"7,8";"9,3";"8,9";"8,6";"6,8";"8,2"
"Belém (PA)";"5 a 9 anos";"12,7";"15,5";"11,8";"11,6";"12,0";"11,1";"12,6";"10,8";"9,1";"10,2"
"Belém (PA)";"10 a 13 anos";"16,7";"19,5";"14,6";"14,4";"11,1";"14,3";"12,1";"13,2";"10,5";"13,0"
"Belém (PA)";"14 a 17 anos";"14,6";"14,8";"13,4";"11,9";"13,1";"12,2";"11,9";"11,8";"11,2";"10,9"
"Belém (PA)";"14 a 15 anos";"27,6";"20,3";"17,3";"21,2";"19,1";"17,9";"16,3";"18,2";"16,5";"16,5"
"Belém (PA)";"16 a 17 anos";"15,8";"19,4";"20,0";"14,6";"16,5";"19,4";"17,4";"20,0";"13,3";"14,7"
"Belém (PA)";"18 a 19 anos";"21,1";"19,2";"14,1";"20,4";"18,0";"16,3";"18,8";"12,7";"15,1";"15,4"
"Belém (PA)";"20 a 24 anos";"11,0";"11,4";"9,9";"9,5";"10,1";"9,3";"10,9";"9,6";"9,7";"8,2"
"Belém (PA)";"25 a 29 anos";"13,7";"12,1";"10,3";"11,5";"10,5";"8,3";"11,7";"11,9";"9,2";"7,1"
"Belém (PA)";"30 a 39 anos";"9,6";"8,5";"8,9";"7,9";"6,6";"6,2";"8,2";"7,3";"8,2";"5,9"
"Belém (PA)";"40 a 49 anos";"7,2";"6,8";"7,4";"6,4";"7,1";"5,7";"8,6";"6,7";"6,0";"5,6"
"Belém (PA)";"50 a 59 anos";"10,5";"7,7";"7,7";"7,2";"6,5";"7,1";"7,7";"6,0";"6,8";"7,2"
"Belém (PA)";"60 anos ou mais";"9,3";"7,6";"9,2";"7,7";"7,3";"7,0";"9,1";"7,0";"8,9";"7,2"
"Belém (PA)";"60 a 64 anos";"13,4";"11,5";"15,8";"12,1";"10,3";"13,0";"12,3";"10,3";"13,4";"13,1"
"Belém (PA)";"65 anos ou mais";"12,3";"9,8";"10,4";"8,5";"9,1";"7,4";"11,3";"8,2";"10,6";"8,1"
"Macapá (AP)";"0 a 4 anos";"19,1";"28,7";"14,9";"12,8";"19,4";"14,4";"17,5";"13,7";"12,7";"12,7"
"Macapá (AP)";"5 a 13 anos";"10,6";"16,5";"10,3";"7,9";"10,3";"9,1";"12,6";"12,2";"8,1";"9,0"
"Macapá (AP)";"5 a 9 anos";"17,4";"20,6";"14,4";"10,5";"13,7";"15,1";"16,9";"16,3";"11,0";"10,6"
"Macapá (AP)";"10 a 13 anos";"21,2";"14,8";"11,4";"14,3";"14,4";"13,7";"11,6";"15,0";"10,5";"12,1"
"Macapá (AP)";"14 a 17 anos";"16,3";"18,4";"11,8";"12,9";"13,9";"19,3";"14,6";"12,7";"15,9";"12,5"
"Macapá (AP)";"14 a 15 anos";"23,8";"24,0";"17,4";"18,5";"24,7";"23,9";"17,1";"19,5";"22,1";"18,3"
"Macapá (AP)";"16 a 17 anos";"24,0";"17,8";"13,4";"19,7";"17,7";"29,4";"21,4";"18,8";"22,8";"15,5"
"Macapá (AP)";"18 a 19 anos";"14,7";"18,5";"14,9";"27,9";"25,6";"20,7";"18,6";"16,4";"15,9";"21,4"
"Macapá (AP)";"20 a 24 anos";"16,8";"12,5";"15,7";"10,5";"13,2";"10,0";"14,5";"8,2";"9,3";"12,5"
"Macapá (AP)";"25 a 29 anos";"12,9";"20,9";"10,4";"13,0";"14,6";"12,9";"12,0";"11,6";"10,5";"9,1"
"Macapá (AP)";"30 a 39 anos";"13,4";"10,8";"8,4";"8,4";"9,1";"8,0";"8,0";"6,5";"7,8";"5,9"
"Macapá (AP)";"40 a 49 anos";"12,2";"13,1";"9,8";"9,0";"10,2";"9,9";"11,0";"8,9";"9,2";"6,8"
"Macapá (AP)";"50 a 59 anos";"13,2";"11,9";"11,2";"12,7";"10,4";"7,8";"13,7";"10,7";"7,2";"6,9"
"Macapá (AP)";"60 anos ou mais";"11,1";"15,4";"13,7";"9,4";"13,1";"11,1";"10,8";"13,8";"9,0";"7,8"
"Macapá (AP)";"60 a 64 anos";"18,3";"19,3";"20,7";"19,9";"19,7";"21,5";"35,0";"18,1";"16,1";"13,0"
"Macapá (AP)";"65 anos ou mais";"14,1";"19,3";"15,0";"12,4";"16,6";"15,0";"17,2";"16,5";"11,4";"10,7"
"Palmas (TO)";"0 a 4 anos";"21,7";"24,2";"16,7";"16,7";"19,2";"15,1";"15,4";"17,6";"15,6";"16,8"
"Palmas (TO)";"5 a 13 anos";"17,1";"26,4";"11,2";"12,8";"13,7";"12,9";"13,8";"11,8";"11,3";"15,7"
"Palmas (TO)";"5 a 9 anos";"26,1";"38,6";"17,7";"15,4";"15,7";"14,7";"18,4";"20,3";"14,9";"17,9"
"Palmas (TO)";"10 a 13 anos";"22,0";"28,2";"14,6";"21,4";"19,0";"24,4";"25,7";"19,1";"20,3";"18,3"
"Palmas (TO)";"14 a 17 anos";"22,0";"37,4";"21,9";"19,1";"17,8";"15,6";"15,7";"23,6";"14,8";"18,0"
"Palmas (TO)";"14 a 15 anos";"44,5";"62,0";"27,3";"19,1";"19,4";"25,0";"19,5";"31,0";"23,2";"26,2"
"Palmas (TO)";"16 a 17 anos";"26,0";"41,4";"24,1";"41,8";"28,8";"20,4";"20,7";"28,1";"18,6";"34,4"
"Palmas (TO)";"18 a 19 anos";"43,4";"35,8";"31,1";"26,1";"17,3";"22,4";"19,2";"24,2";"15,1";"27,5"
"Palmas (TO)";"20 a 24 anos";"23,7";"19,6";"16,8";"11,7";"18,9";"15,3";"13,1";"15,6";"15,8";"14,3"
"Palmas (TO)";"25 a 29 anos";"22,2";"22,5";"14,7";"17,1";"10,8";"13,3";"17,6";"14,8";"13,5";"20,4"
"Palmas (TO)";"30 a 39 anos";"17,3";"14,5";"10,3";"12,8";"11,7";"7,8";"8,9";"11,5";"10,7";"7,8"
"Palmas (TO)";"40 a 49 anos";"17,5";"17,1";"12,0";"8,8";"9,9";"10,0";"9,8";"8,5";"12,4";"8,7"
"Palmas (TO)";"50 a 59 anos";"31,5";"23,1";"13,7";"14,6";"13,0";"12,8";"10,6";"13,0";"12,9";"13,7"
"Palmas (TO)";"60 anos ou mais";"21,1";"14,4";"14,6";"14,0";"13,7";"15,3";"19,3";"13,2";"15,1";"14,8"
"Palmas (TO)";"60 a 64 anos";"34,8";"35,4";"25,9";"22,3";"22,1";"20,7";"26,1";"21,8";"23,0";"28,7"
"Palmas (TO)";"65 anos ou mais";"26,6";"18,6";"17,1";"15,6";"16,4";"17,3";"21,2";"16,7";"15,8";"16,9"
"São Luís (MA)";"0 a 4 anos";"17,0";"14,6";"13,6";"13,3";"15,8";"14,2";"14,4";"10,5";"13,4";"13,8"
"São Luís (MA)";"5 a 13 anos";"12,4";"9,6";"9,4";"10,8";"8,7";"8,8";"9,8";"8,9";"8,5";"9,4"
"São Luís (MA)";"5 a 9 anos";"17,9";"12,9";"13,0";"15,1";"11,0";"10,4";"12,5";"11,1";"12,2";"12,0"
"São Luís (MA)";"10 a 13 anos";"15,1";"17,1";"11,0";"14,5";"14,8";"12,5";"12,7";"13,3";"10,8";"17,1"
"São Luís (MA)";"14 a 17 anos";"12,4";"13,4";"12,3";"14,9";"11,8";"14,2";"9,7";"10,3";"11,3";"10,8"
"São Luís (MA)";"14 a 15 anos";"15,7";"17,2";"15,1";"19,3";"15,1";"22,1";"16,3";"15,5";"16,0";"15,6"
"São Luís (MA)";"16 a 17 anos";"17,3";"21,7";"14,7";"16,4";"20,9";"20,6";"14,8";"12,2";"15,5";"17,5"
"São Luís (MA)";"18 a 19 anos";"23,0";"18,7";"13,1";"17,7";"15,5";"15,7";"15,3";"17,5";"18,3";"17,0"
"São Luís (MA)";"20 a 24 anos";"13,4";"11,7";"13,1";"9,2";"10,5";"11,0";"9,6";"13,9";"10,0";"9,8"
"São Luís (MA)";"25 a 29 anos";"13,8";"12,9";"13,1";"9,9";"10,8";"11,7";"10,4";"9,3";"11,6";"8,8"
"São Luís (MA)";"30 a 39 anos";"8,5";"7,6";"8,0";"6,4";"7,2";"8,3";"7,0";"7,1";"7,0";"6,3"
"São Luís (MA)";"40 a 49 anos";"9,1";"7,2";"7,5";"6,1";"9,1";"6,5";"6,4";"5,7";"10,4";"5,8"
"São Luís (MA)";"50 a 59 anos";"9,6";"8,3";"12,5";"7,3";"9,5";"10,2";"8,3";"8,6";"9,9";"8,8"
"São Luís (MA)";"60 anos ou mais";"12,1";"11,4";"11,8";"10,0";"12,9";"10,0";"11,2";"9,7";"9,5";"8,9"
"São Luís (MA)";"60 a 64 anos";"17,4";"16,3";"15,7";"14,4";"20,9";"13,6";"20,0";"12,2";"14,6";"11,4"
"São Luís (MA)";"65 anos ou mais";"14,5";"13,0";"16,1";"13,7";"17,8";"12,7";"13,2";"12,3";"11,4";"11,1"
"Teresina (PI)";"0 a 4 anos";"34,1";"24,9";"13,2";"17,2";"16,0";"13,9";"13,8";"13,7";"13,5";"12,0"
"Teresina (PI)";"5 a 13 anos";"13,0";"11,3";"7,1";"8,3";"15,2";"12,8";"9,2";"10,0";"8,4";"7,3"
"Teresina (PI)";"5 a 9 anos";"20,1";"22,9";"12,5";"9,2";"12,9";"19,2";"13,4";"12,3";"12,7";"11,6"
"Teresina (PI)";"10 a 13 anos";"15,5";"23,5";"13,7";"14,5";"22,4";"16,2";"12,3";"12,0";"12,8";"11,0"
"Teresina (PI)";"14 a 17 anos";"18,0";"19,7";"14,0";"14,0";"13,0";"13,4";"13,0";"13,6";"10,7";"12,6"
"Teresina (PI)";"14 a 15 anos";"27,3";"21,6";"20,6";"18,7";"18,5";"17,3";"19,4";"18,2";"15,3";"17,0"
"Teresina (PI)";"16 a 17 anos";"19,8";"34,9";"18,2";"15,0";"20,2";"21,9";"17,1";"19,7";"20,2";"18,2"
"Teresina (PI)";"18 a 19 anos";"23,2";"26,5";"17,5";"20,6";"22,6";"16,6";"19,3";"14,5";"23,6";"14,3"
"Teresina (PI)";"20 a 24 anos";"16,8";"15,8";"10,8";"11,6";"12,2";"11,6";"11,9";"13,3";"11,2";"12,4"
"Teresina (PI)";"25 a 29 anos";"12,9";"12,9";"14,2";"15,3";"13,0";"13,2";"10,3";"11,1";"12,2";"10,5"
"Teresina (PI)";"30 a 39 anos";"14,3";"9,1";"9,1";"9,2";"7,7";"7,4";"6,7";"7,9";"8,1";"7,2"
"Teresina (PI)";"40 a 49 anos";"14,8";"14,0";"8,1";"6,6";"8,7";"7,4";"9,6";"6,8";"6,8";"6,1"
"Teresina (PI)";"50 a 59 anos";"11,1";"11,8";"8,7";"8,6";"9,1";"8,2";"10,1";"9,4";"8,3";"8,1"
"Teresina (PI)";"60 anos ou mais";"11,8";"14,8";"10,8";"10,1";"10,0";"10,0";"9,3";"9,6";"8,9";"7,6"
"Teresina (PI)";"60 a 64 anos";"21,2";"21,8";"16,0";"14,2";"16,8";"10,4";"15,1";"11,0";"12,8";"10,0"
"Teresina (PI)";"65 anos ou mais";"13,4";"14,2";"13,1";"14,6";"10,6";"11,5";"11,3";"11,0";"11,3";"9,0"
"Fortaleza (CE)";"0 a 4 anos";"15,5";"13,2";"10,8";"16,8";"13,3";"12,3";"13,7";"12,2";"10,2";"13,6"
"Fortaleza (CE)";"5 a 13 anos";"12,4";"9,5";"7,2";"8,4";"8,7";"8,9";"7,9";"11,7";"8,3";"7,4"
"Fortaleza (CE)";"5 a 9 anos";"20,3";"14,1";"9,2";"11,9";"11,1";"12,2";"11,8";"14,3";"10,0";"10,1"
"Fortaleza (CE)";"10 a 13 anos";"15,4";"15,4";"11,0";"9,9";"12,0";"10,4";"10,9";"15,1";"14,2";"12,1"
"Fortaleza (CE)";"14 a 17 anos";"14,8";"12,1";"11,6";"10,2";"10,7";"10,4";"12,8";"12,4";"10,9";"10,4"
"Fortaleza (CE)";"14 a 15 anos";"20,0";"19,2";"14,9";"18,0";"14,8";"12,8";"20,7";"21,7";"15,9";"13,2"
"Fortaleza (CE)";"16 a 17 anos";"20,0";"15,9";"15,7";"13,4";"16,7";"13,7";"12,4";"14,4";"16,1";"14,8"
"Fortaleza (CE)";"18 a 19 anos";"17,7";"20,8";"14,3";"13,5";"16,2";"15,5";"18,5";"20,1";"17,8";"17,3"
"Fortaleza (CE)";"20 a 24 anos";"11,1";"12,0";"8,2";"10,4";"9,8";"9,5";"10,7";"11,8";"10,4";"9,9"
"Fortaleza (CE)";"25 a 29 anos";"14,2";"12,4";"8,8";"10,3";"9,4";"7,4";"11,1";"9,6";"9,5";"9,1"
"Fortaleza (CE)";"30 a 39 anos";"9,9";"7,9";"7,4";"6,3";"6,7";"6,1";"7,8";"5,5";"6,7";"6,9"
"Fortaleza (CE)";"40 a 49 anos";"8,6";"7,9";"6,3";"7,0";"7,5";"6,0";"8,0";"6,5";"6,5";"5,8"
"Fortaleza (CE)";"50 a 59 anos";"10,4";"7,9";"7,6";"7,2";"8,2";"6,2";"8,4";"5,8";"6,7";"7,5"
"Fortaleza (CE)";"60 anos ou mais";"11,0";"9,7";"7,0";"6,7";"7,1";"6,4";"6,2";"5,6";"7,5";"6,0"
"Fortaleza (CE)";"60 a 64 anos";"17,0";"16,8";"13,8";"10,6";"13,4";"10,7";"11,2";"10,5";"11,5";"9,7"
"Fortaleza (CE)";"65 anos ou mais";"14,5";"11,5";"8,5";"7,5";"9,6";"7,2";"7,9";"7,1";"9,4";"7,4"
"Natal (RN)";"0 a 4 anos";"19,5";"21,2";"19,4";"20,5";"14,7";"17,4";"25,4";"21,6";"16,7";"18,1"
"Natal (RN)";"5 a 13 anos";"12,6";"14,0";"11,6";"11,2";"10,4";"11,2";"10,6";"10,6";"12,6";"10,6"
"Natal (RN)";"5 a 9 anos";"15,6";"19,5";"16,9";"14,8";"14,2";"12,8";"15,2";"12,8";"16,2";"14,4"
"Natal (RN)";"10 a 13 anos";"15,9";"15,2";"14,5";"17,5";"14,8";"17,0";"12,9";"21,4";"15,2";"14,9"
"Natal (RN)";"14 a 17 anos";"21,3";"17,9";"15,8";"15,7";"11,7";"15,8";"20,3";"19,3";"14,7";"15,8"
"Natal (RN)";"14 a 15 anos";"24,6";"26,2";"20,2";"32,3";"22,2";"21,6";"29,2";"19,8";"23,4";"17,5"
"Natal (RN)";"16 a 17 anos";"29,2";"27,3";"23,1";"18,3";"18,9";"18,3";"38,9";"23,1";"20,4";"26,5"
"Natal (RN)";"18 a 19 anos";"20,0";"30,4";"19,2";"20,4";"21,0";"22,9";"30,6";"23,2";"20,7";"20,4"
"Natal (RN)";"20 a 24 anos";"41,1";"29,9";"14,6";"14,0";"12,5";"12,6";"11,8";"10,4";"19,1";"16,0"
"Natal (RN)";"25 a 29 anos";"14,9";"14,9";"14,4";"15,1";"12,3";"11,4";"24,0";"20,5";"12,5";"11,2"
"Natal (RN)";"30 a 39 anos";"13,4";"9,9";"13,4";"8,8";"11,6";"8,8";"12,7";"8,7";"9,1";"8,4"
"Natal (RN)";"40 a 49 anos";"14,9";"7,4";"9,2";"8,8";"8,5";"9,5";"6,7";"13,5";"9,4";"7,1"
"Natal (RN)";"50 a 59 anos";"16,9";"9,4";"10,9";"8,8";"10,4";"9,9";"12,8";"9,9";"9,2";"8,6"
"Natal (RN)";"60 anos ou mais";"9,2";"10,6";"9,0";"8,5";"9,6";"8,2";"7,6";"8,5";"8,4";"6,0"
"Natal (RN)";"60 a 64 anos";"14,8";"25,7";"11,8";"13,9";"15,4";"14,6";"15,1";"10,8";"13,7";"17,0"
"Natal (RN)";"65 anos ou mais";"11,7";"10,6";"11,4";"10,7";"10,8";"9,5";"14,0";"11,1";"10,9";"6,3"
"João Pessoa (PB)";"0 a 4 anos";"18,2";"18,9";"13,6";"17,1";"14,0";"13,3";"12,4";"14,0";"12,5";"11,0"
"João Pessoa (PB)";"5 a 13 anos";"11,8";"12,5";"9,1";"10,5";"7,1";"8,7";"9,7";"8,3";"8,8";"7,2"
"João Pessoa (PB)";"5 a 9 anos";"13,8";"15,8";"13,3";"14,7";"9,5";"14,3";"13,2";"12,3";"11,8";"12,0"
"João Pessoa (PB)";"10 a 13 anos";"16,5";"16,4";"11,4";"13,6";"15,4";"10,8";"15,4";"14,2";"13,1";"10,2"
"João Pessoa (PB)";"14 a 17 anos";"18,9";"15,4";"11,5";"14,0";"11,1";"14,7";"12,0";"15,5";"12,3";"12,3"
"João Pessoa (PB)";"14 a 15 anos";"26,1";"18,3";"21,3";"24,2";"15,2";"20,0";"19,9";"23,5";"15,0";"16,7"
"João Pessoa (PB)";"16 a 17 anos";"30,1";"24,1";"18,2";"20,3";"14,5";"17,1";"16,2";"19,0";"16,6";"17,0"
"João Pessoa (PB)";"18 a 19 anos";"23,0";"18,4";"19,1";"26,0";"17,0";"19,2";"16,6";"16,6";"13,6";"17,5"
"João Pessoa (PB)";"20 a 24 anos";"25,3";"11,4";"9,5";"10,2";"11,1";"10,0";"10,5";"11,6";"10,3";"9,3"
"João Pessoa (PB)";"25 a 29 anos";"14,3";"16,9";"12,0";"10,4";"12,3";"16,8";"12,3";"10,7";"11,9";"11,1"
"João Pessoa (PB)";"30 a 39 anos";"10,3";"8,5";"7,0";"7,6";"7,3";"7,4";"7,3";"6,0";"8,1";"6,8"
"João Pessoa (PB)";"40 a 49 anos";"10,6";"10,3";"6,7";"7,0";"7,3";"8,9";"8,1";"6,3";"6,0";"7,7"
"João Pessoa (PB)";"50 a 59 anos";"13,5";"9,6";"9,7";"8,1";"7,6";"8,6";"7,6";"7,4";"9,8";"7,1"
"João Pessoa (PB)";"60 anos ou mais";"13,6";"11,3";"9,1";"8,9";"10,3";"7,7";"9,1";"8,3";"8,7";"8,8"
"João Pessoa (PB)";"60 a 64 anos";"15,4";"15,8";"14,0";"14,7";"14,1";"10,3";"15,7";"12,6";"13,2";"11,7"
"João Pessoa (PB)";"65 anos ou mais";"16,2";"13,0";"11,1";"9,3";"12,2";"10,2";"11,1";"9,7";"12,6";"10,2"
"Recife (PE)";"0 a 4 anos";"13,8";"13,0";"12,4";"12,3";"15,5";"12,2";"15,0";"13,1";"12,3";"15,3"
"Recife (PE)";"5 a 13 anos";"9,4";"10,8";"10,8";"9,4";"8,8";"9,4";"8,9";"7,2";"8,2";"10,0"
"Recife (PE)";"5 a 9 anos";"11,5";"12,7";"13,5";"15,2";"13,3";"12,3";"11,2";"9,9";"10,4";"13,2"
"Recife (PE)";"10 a 13 anos";"15,7";"15,2";"14,0";"14,4";"13,8";"14,4";"13,1";"11,4";"14,0";"13,3"
"Recife (PE)";"14 a 17 anos";"10,3";"13,8";"16,9";"15,9";"14,4";"15,8";"14,7";"12,8";"9,5";"16,0"
"Recife (PE)";"14 a 15 anos";"19,1";"21,3";"18,2";"22,0";"17,2";"23,9";"24,2";"17,0";"15,6";"22,7"
"Recife (PE)";"16 a 17 anos";"17,8";"23,9";"24,3";"18,8";"20,1";"21,6";"16,6";"18,0";"18,7";"22,5"
"Recife (PE)";"18 a 19 anos";"20,5";"17,4";"19,1";"15,8";"20,4";"20,7";"21,0";"19,5";"17,8";"22,1"
"Recife (PE)";"20 a 24 anos";"12,9";"13,3";"11,1";"11,9";"8,8";"11,7";"13,3";"12,3";"13,5";"14,4"
"Recife (PE)";"25 a 29 anos";"13,8";"11,9";"12,3";"12,5";"14,5";"11,6";"13,7";"9,9";"12,9";"12,2"
"Recife (PE)";"30 a 39 anos";"9,1";"8,3";"7,0";"6,0";"7,2";"6,5";"7,6";"6,8";"7,4";"7,8"
"Recife (PE)";"40 a 49 anos";"7,2";"7,2";"9,7";"6,1";"7,6";"7,0";"6,6";"5,7";"8,6";"6,7"
"Recife (PE)";"50 a 59 anos";"9,5";"11,0";"9,0";"9,1";"6,6";"6,5";"8,9";"5,7";"9,1";"7,3"
"Recife (PE)";"60 anos ou mais";"11,4";"8,9";"8,7";"6,8";"8,7";"7,5";"6,4";"7,2";"9,3";"8,3"
"Recife (PE)";"60 a 64 anos";"14,3";"14,7";"12,8";"11,0";"15,9";"15,0";"10,4";"11,1";"17,1";"12,1"
"Recife (PE)";"65 anos ou mais";"15,0";"9,1";"12,5";"7,7";"12,0";"9,4";"8,8";"9,1";"11,4";"9,3"
"Maceió (AL)";"0 a 4 anos";"12,4";"14,0";"9,6";"8,9";"10,4";"9,5";"10,1";"9,4";"11,4";"9,1"
"Maceió (AL)";"5 a 13 anos";"8,6";"6,9";"6,4";"6,6";"6,9";"6,1";"6,8";"5,9";"6,1";"6,9"
"Maceió (AL)";"5 a 9 anos";"11,2";"10,5";"9,0";"9,6";"9,8";"9,2";"9,4";"8,0";"9,0";"10,1"
"Maceió (AL)";"10 a 13 anos";"16,0";"10,9";"11,1";"9,4";"9,3";"7,6";"9,7";"8,4";"10,2";"8,6"
"Maceió (AL)";"14 a 17 anos";"10,2";"12,4";"9,5";"7,5";"12,4";"10,6";"9,2";"9,2";"7,4";"9,4"
"Maceió (AL)";"14 a 15 anos";"12,6";"19,0";"15,4";"11,3";"17,1";"13,2";"11,8";"12,3";"12,1";"18,4"
"Maceió (AL)";"16 a 17 anos";"16,3";"15,9";"15,2";"14,6";"14,8";"17,4";"12,4";"13,8";"10,3";"12,1"
"Maceió (AL)";"18 a 19 anos";"13,4";"15,0";"16,6";"12,7";"16,3";"14,8";"11,1";"11,4";"12,1";"13,2"
"Maceió (AL)";"20 a 24 anos";"12,5";"10,6";"6,8";"8,6";"8,4";"6,7";"7,7";"7,9";"8,3";"10,0"
"Maceió (AL)";"25 a 29 anos";"10,5";"17,0";"8,9";"8,1";"8,5";"10,3";"7,4";"8,8";"8,3";"8,0"
"Maceió (AL)";"30 a 39 anos";"8,9";"7,9";"7,1";"5,9";"6,5";"5,3";"6,2";"5,8";"5,2";"5,4"
"Maceió (AL)";"40 a 49 anos";"7,4";"6,9";"5,8";"5,1";"6,5";"5,1";"4,4";"5,1";"5,2";"5,4"
"Maceió (AL)";"50 a 59 anos";"9,5";"7,7";"6,8";"6,4";"6,7";"5,6";"5,5";"6,3";"7,2";"6,8"
"Maceió (AL)";"60 anos ou mais";"9,0";"7,9";"7,5";"7,1";"7,4";"6,9";"6,5";"7,3";"7,5";"6,3"
"Maceió (AL)";"60 a 64 anos";"12,0";"12,7";"11,4";"10,9";"10,6";"11,4";"11,2";"10,0";"12,1";"9,9"
"Maceió (AL)";"65 anos ou mais";"10,7";"9,6";"9,4";"7,9";"10,3";"7,8";"8,4";"8,3";"9,0";"8,0"
"Aracaju (SE)";"0 a 4 anos";"18,6";"18,1";"15,9";"19,4";"18,7";"14,3";"16,1";"13,5";"14,1";"18,8"
"Aracaju (SE)";"5 a 13 anos";"10,8";"13,8";"10,6";"12,8";"10,1";"9,7";"9,8";"11,2";"8,9";"11,9"
"Aracaju (SE)";"5 a 9 anos";"17,2";"17,4";"16,7";"15,3";"12,4";"14,7";"15,3";"17,4";"12,8";"16,0"
"Aracaju (SE)";"10 a 13 anos";"16,0";"25,0";"13,1";"16,9";"15,4";"14,3";"15,8";"15,3";"15,6";"16,6"
"Aracaju (SE)";"14 a 17 anos";"17,5";"17,6";"18,5";"14,4";"11,8";"12,4";"17,1";"11,3";"12,5";"14,2"
"Aracaju (SE)";"14 a 15 anos";"30,1";"26,2";"24,0";"17,8";"18,3";"18,5";"28,9";"27,1";"15,3";"23,2"
"Aracaju (SE)";"16 a 17 anos";"26,1";"23,0";"24,5";"26,6";"19,4";"23,3";"20,0";"17,2";"23,4";"15,6"
"Aracaju (SE)";"18 a 19 anos";"24,4";"27,5";"18,1";"21,2";"20,9";"32,4";"18,5";"19,2";"18,7";"15,0"
"Aracaju (SE)";"20 a 24 anos";"14,9";"13,7";"13,4";"13,3";"11,1";"16,6";"14,0";"19,4";"12,9";"10,5"
"Aracaju (SE)";"25 a 29 anos";"14,1";"17,7";"12,0";"16,9";"11,2";"12,2";"14,8";"10,8";"11,7";"16,0"
"Aracaju (SE)";"30 a 39 anos";"10,5";"10,3";"9,2";"7,5";"8,3";"8,6";"8,9";"7,9";"10,1";"8,4"
"Aracaju (SE)";"40 a 49 anos";"11,5";"8,5";"11,0";"7,4";"11,9";"7,2";"8,4";"7,4";"9,6";"7,4"
"Aracaju (SE)";"50 a 59 anos";"10,6";"9,0";"8,2";"11,0";"10,5";"9,8";"9,3";"8,1";"10,2";"10,5"
"Aracaju (SE)";"60 anos ou mais";"17,6";"14,8";"11,2";"11,3";"10,0";"9,7";"11,6";"8,9";"10,7";"9,8"
"Aracaju (SE)";"60 a 64 anos";"24,8";"25,8";"16,1";"17,4";"15,4";"14,4";"14,2";"14,9";"18,4";"12,9"
"Aracaju (SE)";"65 anos ou mais";"20,4";"17,5";"14,8";"13,4";"14,7";"10,6";"15,0";"11,1";"11,9";"12,1"
"Salvador (BA)";"0 a 4 anos";"18,3";"19,0";"14,3";"15,6";"17,8";"16,2";"13,1";"14,4";"15,8";"15,7"
"Salvador (BA)";"5 a 13 anos";"11,9";"11,1";"7,9";"10,3";"10,7";"8,0";"8,5";"9,5";"9,9";"10,3"
"Salvador (BA)";"5 a 9 anos";"16,2";"12,9";"12,1";"13,7";"14,3";"10,1";"13,9";"13,2";"15,2";"15,2"
"Salvador (BA)";"10 a 13 anos";"20,0";"18,7";"15,8";"16,2";"15,1";"12,1";"12,6";"14,4";"15,6";"10,3"
"Salvador (BA)";"14 a 17 anos";"16,5";"13,2";"14,8";"20,2";"14,7";"15,7";"12,1";"13,8";"13,2";"14,5"
"Salvador (BA)";"14 a 15 anos";"22,9";"20,7";"21,3";"27,9";"21,9";"21,6";"17,6";"20,9";"17,8";"22,4"
"Salvador (BA)";"16 a 17 anos";"26,1";"20,3";"20,9";"25,7";"18,8";"21,2";"16,2";"20,5";"21,6";"20,4"
"Salvador (BA)";"18 a 19 anos";"23,5";"22,6";"21,7";"16,4";"18,1";"18,5";"21,8";"23,8";"22,6";"20,6"
"Salvador (BA)";"20 a 24 anos";"15,0";"12,3";"12,8";"11,0";"13,5";"14,5";"13,8";"9,7";"13,8";"10,3"
"Salvador (BA)";"25 a 29 anos";"16,6";"10,5";"15,1";"10,6";"10,2";"10,1";"13,4";"11,7";"13,5";"10,2"
"Salvador (BA)";"30 a 39 anos";"9,9";"9,3";"8,9";"6,1";"9,5";"7,3";"6,7";"6,5";"7,9";"6,7"
"Salvador (BA)";"40 a 49 anos";"10,2";"7,2";"7,8";"6,1";"7,6";"6,2";"7,2";"6,4";"6,6";"5,5"
"Salvador (BA)";"50 a 59 anos";"11,5";"12,1";"9,3";"6,9";"6,8";"7,8";"8,6";"5,9";"9,4";"7,0"
"Salvador (BA)";"60 anos ou mais";"10,2";"9,5";"9,4";"7,5";"8,5";"6,4";"9,8";"7,7";"8,0";"7,3"
"Salvador (BA)";"60 a 64 anos";"18,0";"13,6";"13,8";"12,5";"15,9";"13,2";"12,8";"10,6";"13,7";"11,6"
"Salvador (BA)";"65 anos ou mais";"11,8";"11,9";"13,9";"8,1";"10,5";"7,3";"12,2";"10,1";"9,1";"8,6"
"Belo Horizonte (MG)";"0 a 4 anos";"10,7";"10,5";"10,4";"14,7";"12,0";"10,4";"12,4";"11,6";"11,7";"12,0"
"Belo Horizonte (MG)";"5 a 13 anos";"7,2";"9,9";"8,2";"9,1";"9,5";"7,8";"7,7";"8,1";"7,5";"7,6"
"Belo Horizonte (MG)";"5 a 9 anos";"10,6";"11,3";"10,5";"11,9";"12,3";"9,5";"9,3";"10,1";"11,3";"11,1"
"Belo Horizonte (MG)";"10 a 13 anos";"13,7";"13,6";"12,5";"12,5";"11,4";"11,9";"11,5";"13,1";"11,0";"10,8"
"Belo Horizonte (MG)";"14 a 17 anos";"12,5";"12,3";"13,8";"11,6";"11,6";"12,1";"12,9";"11,0";"12,8";"15,2"
"Belo Horizonte (MG)";"14 a 15 anos";"16,4";"14,2";"21,4";"16,8";"16,0";"16,5";"20,0";"15,6";"17,4";"20,5"
"Belo Horizonte (MG)";"16 a 17 anos";"16,4";"20,2";"17,9";"17,3";"20,0";"17,7";"13,6";"19,4";"17,8";"18,4"
"Belo Horizonte (MG)";"18 a 19 anos";"16,4";"22,0";"16,4";"13,9";"15,3";"12,4";"15,4";"18,2";"15,6";"14,2"
"Belo Horizonte (MG)";"20 a 24 anos";"9,1";"9,7";"12,6";"9,9";"13,2";"10,9";"14,9";"11,4";"10,5";"10,0"
"Belo Horizonte (MG)";"25 a 29 anos";"10,5";"9,6";"14,9";"9,7";"8,6";"9,6";"9,8";"10,6";"9,9";"9,5"
"Belo Horizonte (MG)";"30 a 39 anos";"5,4";"4,8";"8,5";"6,7";"7,3";"6,1";"7,1";"5,9";"6,3";"5,2"
"Belo Horizonte (MG)";"40 a 49 anos";"5,4";"7,0";"5,8";"5,2";"7,8";"5,0";"6,7";"6,0";"5,9";"5,1"
"Belo Horizonte (MG)";"50 a 59 anos";"6,9";"5,7";"6,0";"7,0";"7,7";"5,5";"11,2";"6,2";"6,4";"6,2"
"Belo Horizonte (MG)";"60 anos ou mais";"7,4";"6,4";"8,0";"5,1";"7,2";"7,1";"7,7";"6,7";"6,8";"5,7"
"Belo Horizonte (MG)";"60 a 64 anos";"11,4";"10,6";"12,9";"8,8";"11,0";"10,7";"11,5";"11,4";"11,6";"9,3"
"Belo Horizonte (MG)";"65 anos ou mais";"10,2";"7,5";"8,5";"5,7";"9,0";"8,1";"9,1";"8,1";"7,4";"6,8"
"Vitória (ES)";"0 a 4 anos";"20,1";"17,2";"18,0";"18,9";"15,5";"20,0";"16,6";"18,5";"19,5";"16,8"
"Vitória (ES)";"5 a 13 anos";"16,5";"10,5";"10,7";"11,6";"12,8";"12,1";"12,6";"13,0";"11,7";"12,3"
"Vitória (ES)";"5 a 9 anos";"22,2";"14,7";"14,4";"14,3";"19,7";"17,0";"16,7";"19,7";"15,4";"16,5"
"Vitória (ES)";"10 a 13 anos";"15,7";"14,0";"17,2";"20,5";"15,6";"15,6";"16,2";"17,0";"19,1";"16,5"
"Vitória (ES)";"14 a 17 anos";"21,3";"22,6";"18,1";"19,4";"18,8";"18,7";"16,9";"16,6";"20,7";"17,1"
"Vitória (ES)";"14 a 15 anos";"34,4";"29,1";"24,4";"27,1";"25,6";"24,9";"21,1";"23,8";"21,3";"22,5"
"Vitória (ES)";"16 a 17 anos";"27,5";"25,1";"24,9";"22,8";"30,1";"25,6";"23,4";"21,1";"33,0";"30,0"
"Vitória (ES)";"18 a 19 anos";"28,3";"24,5";"22,8";"19,3";"19,7";"25,6";"21,1";"24,0";"19,4";"28,7"
"Vitória (ES)";"20 a 24 anos";"13,5";"22,5";"14,2";"13,9";"17,3";"14,2";"13,8";"15,3";"22,7";"12,6"
"Vitória (ES)";"25 a 29 anos";"18,9";"20,4";"15,1";"12,6";"14,3";"12,1";"15,5";"12,2";"17,0";"14,6"
"Vitória (ES)";"30 a 39 anos";"9,5";"11,0";"10,4";"9,6";"10,1";"8,3";"8,8";"11,4";"10,2";"8,5"
"Vitória (ES)";"40 a 49 anos";"11,1";"12,7";"8,6";"7,3";"10,1";"8,6";"10,8";"8,4";"11,7";"8,0"
"Vitória (ES)";"50 a 59 anos";"11,2";"10,5";"9,7";"8,7";"12,2";"9,7";"10,2";"9,9";"11,8";"11,0"
"Vitória (ES)";"60 anos ou mais";"10,7";"8,6";"8,8";"6,3";"9,9";"8,3";"11,3";"8,5";"9,0";"6,2"
"Vitória (ES)";"60 a 64 anos";"21,2";"20,2";"14,2";"12,8";"14,8";"14,2";"13,4";"12,1";"18,2";"13,2"
"Vitória (ES)";"65 anos ou mais";"12,9";"10,1";"10,2";"7,3";"12,4";"9,7";"15,5";"9,1";"10,5";"7,4"
"Rio de Janeiro (RJ)";"0 a 4 anos";"11,1";"11,0";"7,0";"10,0";"7,0";"8,4";"6,9";"8,0";"11,4";"8,2"
"Rio de Janeiro (RJ)";"5 a 13 anos";"6,0";"6,2";"5,1";"6,5";"4,9";"4,3";"5,2";"5,5";"4,7";"5,9"
"Rio de Janeiro (RJ)";"5 a 9 anos";"8,1";"8,9";"6,5";"9,4";"7,5";"5,4";"6,7";"6,4";"6,7";"8,1"
"Rio de Janeiro (RJ)";"10 a 13 anos";"9,4";"9,7";"8,4";"9,1";"7,5";"7,1";"6,7";"7,8";"6,8";"8,1"
"Rio de Janeiro (RJ)";"14 a 17 anos";"10,3";"9,7";"7,2";"7,9";"6,0";"7,3";"8,1";"7,5";"7,8";"7,7"
"Rio de Janeiro (RJ)";"14 a 15 anos";"14,7";"16,4";"10,5";"13,3";"10,2";"10,7";"11,9";"12,6";"10,7";"11,1"
"Rio de Janeiro (RJ)";"16 a 17 anos";"13,6";"13,2";"11,4";"10,0";"11,6";"9,4";"10,7";"10,4";"10,3";"11,0"
"Rio de Janeiro (RJ)";"18 a 19 anos";"15,1";"15,6";"10,6";"11,7";"11,3";"10,2";"10,8";"10,8";"11,7";"11,0"
"Rio de Janeiro (RJ)";"20 a 24 anos";"7,9";"7,8";"6,9";"6,1";"6,8";"6,9";"7,1";"6,4";"6,9";"8,1"
"Rio de Janeiro (RJ)";"25 a 29 anos";"8,3";"7,4";"8,3";"6,7";"6,3";"5,7";"6,5";"5,9";"6,1";"6,0"
"Rio de Janeiro (RJ)";"30 a 39 anos";"5,3";"5,2";"5,0";"4,6";"4,5";"3,7";"4,4";"4,2";"4,4";"4,3"
"Rio de Janeiro (RJ)";"40 a 49 anos";"5,5";"5,1";"4,9";"3,9";"3,6";"3,7";"3,6";"3,4";"4,3";"3,4"
"Rio de Janeiro (RJ)";"50 a 59 anos";"5,4";"4,9";"4,6";"4,0";"4,6";"3,6";"4,4";"3,7";"4,3";"3,2"
"Rio de Janeiro (RJ)";"60 anos ou mais";"5,1";"4,2";"4,6";"3,3";"3,9";"3,5";"4,1";"3,4";"3,9";"3,2"
"Rio de Janeiro (RJ)";"60 a 64 anos";"9,8";"7,5";"6,8";"5,7";"6,0";"6,4";"6,7";"5,4";"6,9";"5,9"
"Rio de Janeiro (RJ)";"65 anos ou mais";"5,7";"4,8";"5,4";"4,0";"5,2";"3,8";"4,7";"4,2";"4,6";"3,6"
"São Paulo (SP)";"0 a 4 anos";"9,2";"9,1";"9,3";"7,9";"9,3";"7,4";"7,0";"8,1";"7,4";"8,6"
"São Paulo (SP)";"5 a 13 anos";"6,1";"6,0";"5,6";"5,5";"6,0";"5,8";"4,7";"5,4";"5,9";"5,5"
"São Paulo (SP)";"5 a 9 anos";"8,6";"8,6";"8,2";"7,1";"7,9";"7,9";"6,6";"7,3";"7,8";"8,9"
"São Paulo (SP)";"10 a 13 anos";"9,5";"8,8";"9,3";"8,5";"8,2";"8,9";"7,8";"8,9";"8,3";"6,7"
"São Paulo (SP)";"14 a 17 anos";"8,7";"7,8";"8,6";"9,6";"6,7";"7,7";"7,3";"7,0";"14,5";"9,0"
"São Paulo (SP)";"14 a 15 anos";"13,5";"12,7";"11,2";"14,0";"9,6";"10,7";"9,7";"9,1";"12,4";"13,4"
"São Paulo (SP)";"16 a 17 anos";"10,8";"10,4";"14,1";"14,4";"10,6";"11,1";"10,4";"11,5";"24,4";"12,7"
"São Paulo (SP)";"18 a 19 anos";"12,2";"13,9";"12,9";"14,0";"10,1";"9,9";"11,4";"15,3";"18,6";"12,2"
"São Paulo (SP)";"20 a 24 anos";"6,8";"7,7";"7,8";"6,4";"6,9";"7,4";"7,1";"6,4";"7,4";"7,8"
"São Paulo (SP)";"25 a 29 anos";"8,6";"7,0";"6,4";"6,5";"6,9";"6,5";"6,4";"6,7";"6,7";"7,0"
"São Paulo (SP)";"30 a 39 anos";"4,9";"4,3";"5,0";"4,1";"4,4";"4,5";"3,8";"4,4";"5,7";"4,1"
"São Paulo (SP)";"40 a 49 anos";"5,0";"4,1";"4,6";"4,5";"4,3";"4,2";"4,1";"4,3";"4,1";"4,4"
"São Paulo (SP)";"50 a 59 anos";"5,2";"4,3";"5,1";"5,2";"4,8";"4,3";"4,1";"4,0";"5,8";"4,9"
"São Paulo (SP)";"60 anos ou mais";"5,1";"4,6";"4,8";"3,9";"5,7";"5,6";"4,3";"3,8";"5,7";"4,6"
"São Paulo (SP)";"60 a 64 anos";"8,4";"8,2";"11,3";"6,5";"8,6";"8,3";"7,6";"7,4";"9,0";"7,4"
"São Paulo (SP)";"65 anos ou mais";"6,2";"5,6";"6,0";"4,8";"6,0";"5,7";"4,9";"4,2";"6,3";"5,2"
"Curitiba (PR)";"0 a 4 anos";"13,3";"10,8";"14,2";"11,6";"14,6";"12,7";"14,4";"9,7";"13,1";"12,7"
"Curitiba (PR)";"5 a 13 anos";"9,8";"8,0";"8,4";"9,0";"7,5";"8,1";"6,5";"8,3";"9,1";"8,2"
"Curitiba (PR)";"5 a 9 anos";"10,3";"12,5";"10,4";"11,1";"11,0";"10,9";"10,2";"11,3";"11,2";"11,5"
"Curitiba (PR)";"10 a 13 anos";"14,7";"10,5";"12,4";"13,8";"12,3";"10,4";"12,6";"12,3";"12,5";"11,1"
"Curitiba (PR)";"14 a 17 anos";"11,0";"12,8";"19,4";"14,5";"11,7";"10,6";"11,7";"10,2";"10,5";"12,8"
"Curitiba (PR)";"14 a 15 anos";"14,3";"22,1";"28,1";"24,5";"17,6";"14,3";"15,6";"17,6";"18,0";"15,7"
"Curitiba (PR)";"16 a 17 anos";"15,4";"16,7";"16,6";"17,4";"17,7";"15,7";"17,1";"14,0";"11,6";"17,5"
"Curitiba (PR)";"18 a 19 anos";"21,3";"15,3";"14,3";"14,9";"15,5";"15,5";"14,7";"15,2";"18,6";"15,2"
"Curitiba (PR)";"20 a 24 anos";"11,8";"11,9";"10,2";"9,6";"9,9";"9,2";"9,5";"8,2";"10,5";"9,7"
"Curitiba (PR)";"25 a 29 anos";"11,4";"11,3";"10,7";"10,9";"9,9";"10,4";"10,1";"9,9";"10,3";"9,5"
"Curitiba (PR)";"30 a 39 anos";"7,3";"8,1";"5,9";"5,5";"8,8";"6,3";"5,3";"6,0";"5,7";"5,5"
"Curitiba (PR)";"40 a 49 anos";"6,9";"8,3";"6,4";"6,4";"6,9";"5,0";"7,0";"5,2";"5,2";"5,1"
"Curitiba (PR)";"50 a 59 anos";"8,5";"8,0";"8,1";"6,5";"8,1";"6,6";"5,9";"5,5";"6,3";"6,7"
"Curitiba (PR)";"60 anos ou mais";"8,6";"6,5";"7,7";"7,0";"7,9";"5,8";"6,4";"6,5";"5,8";"4,8"
"Curitiba (PR)";"60 a 64 anos";"12,1";"9,5";"12,2";"11,5";"10,0";"10,6";"11,9";"9,7";"9,8";"8,0"
"Curitiba (PR)";"65 anos ou mais";"9,2";"7,3";"9,0";"7,3";"9,2";"7,8";"8,0";"7,6";"6,9";"6,1"
"Florianópolis (SC)";"0 a 4 anos";"36,1";"42,8";"17,7";"13,9";"18,9";"18,5";"24,7";"17,7";"21,1";"23,2"
"Florianópolis (SC)";"5 a 13 anos";"20,3";"17,4";"13,6";"11,8";"11,6";"11,5";"11,4";"12,1";"15,6";"14,2"
"Florianópolis (SC)";"5 a 9 anos";"21,7";"24,1";"16,0";"15,2";"16,6";"16,8";"14,0";"18,8";"16,8";"16,7"
"Florianópolis (SC)";"10 a 13 anos";"26,6";"26,4";"20,7";"19,0";"14,9";"16,8";"16,8";"16,7";"24,4";"22,6"
"Florianópolis (SC)";"14 a 17 anos";"20,1";"22,5";"18,3";"19,1";"17,1";"23,5";"13,8";"16,5";"21,8";"17,8"
"Florianópolis (SC)";"14 a 15 anos";"21,1";"27,3";"27,4";"27,4";"26,2";"43,7";"21,1";"31,9";"27,9";"24,3"
"Florianópolis (SC)";"16 a 17 anos";"35,2";"34,3";"23,9";"28,6";"20,0";"21,2";"21,1";"20,5";"28,7";"31,0"
"Florianópolis (SC)";"18 a 19 anos";"28,9";"26,9";"21,8";"30,3";"28,9";"22,2";"23,2";"22,7";"20,9";"26,0"
"Florianópolis (SC)";"20 a 24 anos";"23,6";"18,2";"16,0";"12,2";"12,0";"17,5";"10,7";"14,6";"15,6";"18,8"
"Florianópolis (SC)";"25 a 29 anos";"25,4";"24,3";"15,3";"11,2";"17,3";"13,5";"11,6";"13,7";"18,2";"11,7"
"Florianópolis (SC)";"30 a 39 anos";"17,2";"11,7";"9,2";"8,8";"8,2";"8,1";"6,4";"7,7";"12,0";"8,1"
"Florianópolis (SC)";"40 a 49 anos";"12,6";"16,2";"8,9";"6,8";"8,2";"8,1";"9,6";"8,1";"9,4";"7,5"
"Florianópolis (SC)";"50 a 59 anos";"18,2";"10,8";"8,8";"10,3";"9,4";"11,5";"9,8";"10,7";"9,7";"8,9"
"Florianópolis (SC)";"60 anos ou mais";"10,5";"12,5";"9,3";"7,6";"9,3";"8,5";"8,7";"7,8";"7,9";"8,7"
"Florianópolis (SC)";"60 a 64 anos";"16,4";"18,1";"14,3";"12,3";"13,4";"15,2";"17,2";"14,2";"13,7";"12,5"
"Florianópolis (SC)";"65 anos ou mais";"14,1";"13,8";"11,1";"8,6";"13,7";"10,5";"10,3";"9,0";"11,0";"10,1"
"Porto Alegre (RS)";"0 a 4 anos";"14,8";"18,3";"15,3";"11,9";"11,8";"11,0";"14,3";"13,9";"11,6";"13,0"
"Porto Alegre (RS)";"5 a 13 anos";"10,5";"11,1";"8,3";"9,9";"8,7";"6,7";"8,9";"10,0";"10,2";"8,6"
"Porto Alegre (RS)";"5 a 9 anos";"14,9";"16,6";"11,3";"10,0";"11,3";"8,8";"13,6";"13,7";"13,1";"12,8"
"Porto Alegre (RS)";"10 a 13 anos";"14,5";"16,8";"13,5";"19,0";"12,5";"10,0";"11,5";"14,2";"12,9";"13,8"
"Porto Alegre (RS)";"14 a 17 anos";"15,9";"13,7";"11,3";"17,3";"10,2";"10,5";"14,2";"11,1";"16,7";"12,1"
"Porto Alegre (RS)";"14 a 15 anos";"21,7";"19,9";"15,4";"24,5";"16,6";"16,4";"17,4";"15,2";"25,2";"16,6"
"Porto Alegre (RS)";"16 a 17 anos";"21,2";"18,9";"18,4";"22,4";"17,9";"15,9";"21,5";"18,7";"23,1";"18,6"
"Porto Alegre (RS)";"18 a 19 anos";"23,0";"21,6";"18,9";"16,5";"14,7";"18,2";"18,2";"17,9";"24,5";"26,1"
"Porto Alegre (RS)";"20 a 24 anos";"12,5";"15,4";"11,0";"11,8";"10,1";"10,1";"10,1";"9,9";"10,7";"11,6"
"Porto Alegre (RS)";"25 a 29 anos";"13,9";"12,2";"12,5";"11,4";"10,6";"8,3";"10,9";"9,8";"10,4";"10,6"
"Porto Alegre (RS)";"30 a 39 anos";"8,7";"7,5";"6,9";"7,8";"6,3";"5,9";"6,8";"7,4";"6,9";"6,2"
"Porto Alegre (RS)";"40 a 49 anos";"12,5";"9,9";"7,3";"6,6";"6,4";"6,1";"7,9";"7,4";"6,1";"6,0"
"Porto Alegre (RS)";"50 a 59 anos";"10,5";"10,4";"7,5";"7,5";"7,5";"4,8";"7,3";"6,6";"8,8";"5,5"
"Porto Alegre (RS)";"60 anos ou mais";"7,0";"5,7";"6,2";"5,5";"6,0";"4,6";"5,1";"5,1";"6,5";"5,4"
"Porto Alegre (RS)";"60 a 64 anos";"11,1";"10,7";"11,1";"10,0";"9,9";"8,1";"12,3";"8,6";"12,6";"10,4"
"Porto Alegre (RS)";"65 anos ou mais";"8,4";"6,6";"7,4";"6,1";"7,7";"5,7";"5,9";"5,7";"7,2";"6,1"
"Campo Grande (MS)";"0 a 4 anos";"13,9";"13,3";"10,7";"12,2";"10,7";"12,3";"13,9";"10,2";"10,3";"10,9"
"Campo Grande (MS)";"5 a 13 anos";"9,3";"9,5";"10,3";"8,1";"8,2";"7,2";"7,7";"7,6";"5,7";"7,7"
"Campo Grande (MS)";"5 a 9 anos";"12,3";"11,7";"12,7";"12,4";"9,7";"11,7";"9,5";"10,4";"8,6";"10,6"
"Campo Grande (MS)";"10 a 13 anos";"13,3";"15,7";"17,0";"12,9";"12,1";"12,5";"13,1";"12,5";"11,0";"11,9"
"Campo Grande (MS)";"14 a 17 anos";"11,7";"9,8";"12,7";"13,1";"11,7";"14,4";"13,0";"10,2";"12,8";"10,7"
"Campo Grande (MS)";"14 a 15 anos";"20,3";"16,9";"19,2";"16,9";"18,7";"15,8";"15,0";"16,6";"15,4";"14,3"
"Campo Grande (MS)";"16 a 17 anos";"16,5";"15,3";"18,0";"19,9";"14,1";"21,5";"20,6";"14,0";"17,6";"17,1"
"Campo Grande (MS)";"18 a 19 anos";"18,5";"18,9";"17,6";"20,1";"13,6";"15,8";"18,8";"17,2";"21,2";"15,4"
"Campo Grande (MS)";"20 a 24 anos";"11,7";"9,2";"11,0";"10,6";"11,4";"11,7";"10,2";"10,8";"10,2";"9,6"
"Campo Grande (MS)";"25 a 29 anos";"10,3";"12,8";"12,0";"10,0";"11,7";"8,3";"11,8";"13,5";"8,0";"9,1"
"Campo Grande (MS)";"30 a 39 anos";"8,0";"6,1";"7,5";"5,7";"7,6";"5,9";"7,3";"6,9";"7,6";"5,7"
"Campo Grande (MS)";"40 a 49 anos";"7,5";"7,1";"6,4";"5,7";"8,0";"5,5";"6,4";"6,6";"6,2";"4,9"
"Campo Grande (MS)";"50 a 59 anos";"9,3";"7,8";"9,1";"8,9";"8,7";"7,6";"10,2";"7,8";"8,6";"5,9"
"Campo Grande (MS)";"60 anos ou mais";"8,5";"9,8";"10,5";"8,1";"8,1";"8,6";"8,6";"9,1";"6,6";"7,4"
"Campo Grande (MS)";"60 a 64 anos";"13,2";"10,5";"16,3";"13,1";"14,5";"12,1";"12,1";"11,2";"10,9";"10,7"
"Campo Grande (MS)";"65 anos ou mais";"10,1";"13,3";"11,6";"8,9";"10,2";"10,5";"10,6";"11,7";"9,8";"8,7"
"Cuiabá (MT)";"0 a 4 anos";"14,9";"13,4";"10,7";"16,2";"13,7";"14,5";"14,8";"14,8";"12,4";"11,6"
"Cuiabá (MT)";"5 a 13 anos";"10,7";"10,7";"10,4";"12,9";"8,7";"12,9";"8,6";"16,0";"10,5";"10,3"
"Cuiabá (MT)";"5 a 9 anos";"16,4";"19,3";"17,7";"15,4";"12,7";"18,7";"12,6";"15,7";"13,0";"13,5"
"Cuiabá (MT)";"10 a 13 anos";"19,3";"15,2";"12,7";"18,5";"13,6";"15,9";"14,2";"22,2";"15,9";"11,4"
"Cuiabá (MT)";"14 a 17 anos";"19,3";"15,3";"17,7";"9,1";"13,6";"13,2";"17,4";"18,3";"12,8";"16,3"
"Cuiabá (MT)";"14 a 15 anos";"25,5";"18,4";"23,3";"15,5";"21,9";"19,2";"26,0";"17,9";"17,9";"21,8"
"Cuiabá (MT)";"16 a 17 anos";"27,7";"21,8";"21,3";"16,5";"16,9";"15,8";"22,2";"29,7";"26,9";"16,5"
"Cuiabá (MT)";"18 a 19 anos";"24,6";"20,9";"24,5";"17,4";"21,8";"21,0";"18,8";"23,6";"26,2";"19,8"
"Cuiabá (MT)";"20 a 24 anos";"16,3";"14,8";"12,2";"16,2";"19,2";"13,1";"18,3";"12,4";"14,1";"14,8"
"Cuiabá (MT)";"25 a 29 anos";"20,7";"15,3";"15,7";"12,3";"14,4";"12,5";"12,8";"15,8";"11,2";"13,1"
"Cuiabá (MT)";"30 a 39 anos";"14,7";"9,4";"7,1";"7,2";"9,2";"9,3";"9,5";"9,5";"8,9";"7,4"
"Cuiabá (MT)";"40 a 49 anos";"12,2";"10,2";"9,4";"9,4";"7,6";"8,7";"8,8";"8,8";"8,9";"8,2"
"Cuiabá (MT)";"50 a 59 anos";"18,3";"11,4";"10,1";"8,3";"10,0";"10,7";"10,9";"11,1";"12,4";"10,3"
"Cuiabá (MT)";"60 anos ou mais";"14,3";"13,1";"10,2";"10,3";"9,5";"7,3";"9,9";"9,8";"8,1";"8,4"
"Cuiabá (MT)";"60 a 64 anos";"23,3";"15,4";"15,2";"14,3";"17,1";"16,5";"14,8";"14,0";"19,8";"12,8"
"Cuiabá (MT)";"65 anos ou mais";"18,2";"15,8";"13,0";"13,9";"10,8";"8,0";"12,5";"12,5";"9,6";"10,1"
"Goiânia (GO)";"0 a 4 anos";"15,1";"11,2";"12,9";"13,8";"11,9";"12,6";"11,5";"13,4";"14,2";"13,0"
"Goiânia (GO)";"5 a 13 anos";"9,7";"7,1";"8,8";"7,6";"8,1";"9,5";"8,0";"8,3";"7,6";"7,9"
"Goiânia (GO)";"5 a 9 anos";"14,4";"10,5";"14,1";"12,6";"11,8";"12,1";"10,9";"9,8";"12,2";"9,6"
"Goiânia (GO)";"10 a 13 anos";"13,7";"10,5";"13,5";"11,4";"12,3";"14,1";"10,4";"11,1";"11,6";"16,4"
"Goiânia (GO)";"14 a 17 anos";"12,3";"12,1";"11,6";"12,2";"14,0";"12,3";"11,6";"14,4";"13,0";"10,8"
"Goiânia (GO)";"14 a 15 anos";"17,6";"23,1";"17,2";"18,1";"17,6";"15,2";"20,4";"19,2";"22,9";"15,5"
"Goiânia (GO)";"16 a 17 anos";"18,6";"15,0";"15,3";"14,8";"16,7";"17,8";"14,1";"19,3";"17,7";"16,8"
"Goiânia (GO)";"18 a 19 anos";"12,7";"14,6";"14,9";"17,0";"15,8";"12,4";"16,5";"14,9";"18,2";"19,7"
"Goiânia (GO)";"20 a 24 anos";"9,4";"11,2";"9,9";"9,1";"11,1";"8,2";"8,7";"10,0";"11,5";"14,0"
"Goiânia (GO)";"25 a 29 anos";"10,9";"10,1";"10,4";"10,6";"11,1";"9,7";"8,9";"12,2";"9,7";"8,6"
"Goiânia (GO)";"30 a 39 anos";"6,4";"6,1";"7,1";"7,0";"7,0";"7,0";"6,8";"6,2";"7,0";"7,1"
"Goiânia (GO)";"40 a 49 anos";"6,9";"6,4";"6,0";"6,0";"7,4";"5,6";"7,1";"5,7";"7,2";"7,9"
"Goiânia (GO)";"50 a 59 anos";"7,3";"6,0";"6,8";"6,2";"9,3";"6,2";"7,9";"7,0";"5,8";"6,7"
"Goiânia (GO)";"60 anos ou mais";"7,6";"7,9";"7,4";"5,8";"7,5";"7,1";"9,5";"6,8";"7,5";"5,9"
"Goiânia (GO)";"60 a 64 anos";"12,1";"12,2";"12,9";"9,7";"11,9";"10,2";"15,7";"9,1";"14,8";"10,9"
"Goiânia (GO)";"65 anos ou mais";"9,5";"8,3";"7,8";"7,1";"8,1";"8,8";"10,2";"8,9";"7,6";"6,8"
"Brasília (DF)";"0 a 4 anos";"9,4";"8,4";"7,0";"8,1";"8,4";"7,6";"7,8";"7,7";"8,7";"8,3"
"Brasília (DF)";"5 a 13 anos";"7,2";"6,0";"4,6";"5,2";"5,0";"5,7";"5,3";"4,5";"5,7";"5,4"
"Brasília (DF)";"5 a 9 anos";"8,5";"9,3";"6,7";"7,6";"7,9";"7,8";"6,2";"5,8";"6,8";"8,8"
"Brasília (DF)";"10 a 13 anos";"9,5";"8,3";"8,2";"7,6";"6,8";"8,3";"9,1";"7,5";"8,5";"8,5"
"Brasília (DF)";"14 a 17 anos";"8,9";"8,0";"8,2";"7,2";"7,9";"7,2";"7,2";"7,2";"6,2";"8,6"
"Brasília (DF)";"14 a 15 anos";"12,0";"11,0";"11,7";"11,0";"10,5";"10,9";"10,4";"9,7";"8,0";"13,2"
"Brasília (DF)";"16 a 17 anos";"13,6";"10,9";"10,5";"10,2";"12,3";"10,2";"12,1";"11,1";"8,6";"11,6"
"Brasília (DF)";"18 a 19 anos";"10,3";"10,6";"10,7";"10,9";"12,6";"10,6";"11,6";"10,0";"10,0";"11,3"
"Brasília (DF)";"20 a 24 anos";"6,2";"7,6";"6,8";"7,1";"7,0";"6,9";"5,7";"6,1";"7,7";"7,0"
"Brasília (DF)";"25 a 29 anos";"8,4";"8,6";"8,2";"6,2";"7,3";"5,9";"6,5";"6,4";"5,7";"7,5"
"Brasília (DF)";"30 a 39 anos";"5,8";"5,1";"4,5";"4,5";"5,2";"4,4";"4,9";"4,0";"5,2";"5,2"
"Brasília (DF)";"40 a 49 anos";"4,6";"4,2";"4,6";"4,3";"4,0";"3,6";"4,1";"4,0";"4,8";"4,0"
"Brasília (DF)";"50 a 59 anos";"6,0";"5,7";"5,5";"5,0";"5,2";"4,2";"5,0";"4,2";"5,5";"4,5"
"Brasília (DF)";"60 anos ou mais";"6,5";"6,0";"6,0";"5,7";"5,8";"5,4";"5,9";"5,4";"5,9";"5,2"
"Brasília (DF)";"60 a 64 anos";"10,6";"9,2";"8,9";"8,4";"9,2";"8,4";"8,7";"7,5";"8,3";"7,7"
"Brasília (DF)";"65 anos ou mais";"8,2";"6,9";"7,2";"7,2";"7,4";"6,2";"7,3";"7,1";"7,3";"6,5"
"Manaus (AM)";"0 a 4 anos";"7,6";"8,2";"8,2";"8,0";"6,8";"8,1";"6,9";"7,9";"7,6";"6,6"
"Manaus (AM)";"5 a 13 anos";"3,9";"5,5";"5,9";"5,2";"5,9";"5,1";"5,0";"5,4";"5,6";"5,1"
"Manaus (AM)";"5 a 9 anos";"5,5";"7,9";"8,1";"7,0";"7,6";"6,0";"6,4";"8,3";"8,1";"7,7"
"Manaus (AM)";"10 a 13 anos";"8,4";"8,9";"8,0";"8,7";"6,6";"8,9";"8,8";"6,7";"7,6";"8,1"
"Manaus (AM)";"14 a 17 anos";"7,2";"8,2";"7,1";"8,6";"6,3";"6,0";"8,7";"10,0";"6,6";"9,2"
"Manaus (AM)";"14 a 15 anos";"9,1";"11,3";"10,6";"12,9";"11,6";"11,1";"12,2";"11,4";"11,4";"12,7"
"Manaus (AM)";"16 a 17 anos";"10,0";"10,7";"10,2";"13,2";"9,0";"8,6";"10,2";"12,8";"9,7";"13,5"
"Manaus (AM)";"18 a 19 anos";"9,1";"11,2";"8,9";"10,7";"9,8";"10,8";"12,1";"9,7";"11,7";"11,3"
"Manaus (AM)";"20 a 24 anos";"5,9";"6,8";"7,0";"6,1";"6,5";"6,4";"7,3";"6,5";"8,5";"6,8"
"Manaus (AM)";"25 a 29 anos";"7,3";"8,1";"6,1";"6,6";"7,6";"7,6";"7,4";"6,4";"8,0";"5,9"
"Manaus (AM)";"30 a 39 anos";"4,2";"4,2";"4,7";"5,1";"5,0";"5,2";"4,6";"4,1";"6,0";"5,2"
"Manaus (AM)";"40 a 49 anos";"4,7";"4,9";"5,1";"4,9";"4,8";"4,8";"5,0";"4,3";"4,6";"4,4"
"Manaus (AM)";"50 a 59 anos";"4,9";"5,6";"6,0";"5,7";"6,1";"6,4";"6,3";"5,6";"6,8";"5,7"
"Manaus (AM)";"60 anos ou mais";"6,0";"6,1";"6,3";"6,7";"7,9";"6,9";"6,6";"5,7";"5,4";"6,1"
"Manaus (AM)";"60 a 64 anos";"10,3";"9,0";"11,0";"10,3";"10,0";"9,1";"10,1";"8,0";"9,2";"9,0"
"Manaus (AM)";"65 anos ou mais";"7,8";"7,1";"6,9";"7,3";"9,7";"9,2";"7,9";"8,7";"7,0";"7,3"
"Belém (PA)";"0 a 4 anos";"11,8";"10,6";"7,7";"10,5";"11,3";"11,0";"13,3";"10,8";"11,3";"10,2"
"Belém (PA)";"5 a 13 anos";"11,2";"9,4";"6,9";"5,8";"6,8";"6,7";"7,5";"7,7";"6,2";"5,9"
"Belém (PA)";"5 a 9 anos";"10,8";"10,8";"9,3";"9,2";"9,8";"8,6";"9,5";"10,0";"8,1";"7,7"
"Belém (PA)";"10 a 13 anos";"16,1";"12,4";"11,4";"9,8";"9,6";"11,1";"12,2";"10,2";"8,7";"9,7"
"Belém (PA)";"14 a 17 anos";"10,3";"12,2";"10,7";"10,4";"12,4";"10,1";"9,0";"10,4";"9,0";"10,0"
"Belém (PA)";"14 a 15 anos";"18,3";"15,9";"12,6";"17,1";"18,3";"13,2";"12,2";"13,7";"13,2";"12,6"
"Belém (PA)";"16 a 17 anos";"14,7";"17,8";"17,7";"13,5";"18,4";"13,7";"13,6";"15,3";"10,8";"13,3"
"Belém (PA)";"18 a 19 anos";"18,1";"15,1";"14,9";"14,5";"12,6";"13,3";"15,2";"12,1";"13,4";"11,9"
"Belém (PA)";"20 a 24 anos";"10,9";"9,3";"8,0";"7,8";"7,0";"8,1";"7,9";"7,9";"7,5";"5,7"
"Belém (PA)";"25 a 29 anos";"10,9";"9,9";"9,6";"9,7";"9,3";"6,5";"9,2";"8,7";"7,3";"6,2"
"Belém (PA)";"30 a 39 anos";"6,2";"6,2";"7,1";"6,6";"6,4";"6,0";"6,5";"5,3";"6,4";"4,7"
"Belém (PA)";"40 a 49 anos";"7,9";"6,6";"5,6";"5,5";"5,2";"4,9";"6,9";"5,7";"5,0";"4,4"
"Belém (PA)";"50 a 59 anos";"9,6";"6,9";"7,1";"6,4";"5,9";"5,5";"6,2";"5,7";"5,1";"6,7"
"Belém (PA)";"60 anos ou mais";"8,4";"6,8";"7,2";"6,3";"8,0";"6,2";"7,9";"5,7";"6,5";"5,8"
"Belém (PA)";"60 a 64 anos";"12,0";"10,2";"14,0";"10,6";"10,7";"10,6";"10,5";"8,8";"9,8";"10,3"
"Belém (PA)";"65 anos ou mais";"10,5";"8,4";"9,3";"7,1";"8,9";"7,4";"9,5";"7,4";"8,9";"6,7"
"Macapá (AP)";"0 a 4 anos";"15,3";"25,3";"12,3";"10,9";"13,5";"12,1";"15,1";"12,7";"8,8";"11,6"
"Macapá (AP)";"5 a 13 anos";"8,9";"13,2";"8,6";"7,0";"8,6";"7,6";"10,5";"10,5";"7,9";"8,1"
"Macapá (AP)";"5 a 9 anos";"14,9";"17,6";"11,9";"9,2";"11,6";"11,7";"14,3";"14,0";"11,0";"9,3"
"Macapá (AP)";"10 a 13 anos";"16,4";"11,5";"10,2";"12,7";"11,7";"11,5";"10,0";"13,5";"10,1";"10,4"
"Macapá (AP)";"14 a 17 anos";"13,5";"14,6";"10,8";"10,9";"11,6";"16,0";"11,2";"11,5";"13,2";"10,6"
"Macapá (AP)";"14 a 15 anos";"19,3";"20,2";"15,8";"15,2";"22,8";"18,2";"14,0";"16,9";"17,2";"17,0"
"Macapá (AP)";"16 a 17 anos";"20,5";"13,9";"13,0";"16,3";"13,7";"24,6";"15,4";"19,1";"18,7";"13,0"
"Macapá (AP)";"18 a 19 anos";"13,1";"15,7";"13,5";"21,6";"21,7";"17,5";"16,6";"14,6";"14,9";"17,9"
"Macapá (AP)";"20 a 24 anos";"14,5";"10,5";"13,6";"8,9";"11,1";"8,4";"11,3";"7,5";"7,8";"11,3"
"Macapá (AP)";"25 a 29 anos";"11,0";"17,5";"8,9";"11,4";"12,2";"11,6";"10,7";"9,6";"10,5";"8,0"
"Macapá (AP)";"30 a 39 anos";"11,0";"10,3";"7,2";"6,9";"8,2";"6,9";"7,3";"5,9";"7,1";"5,4"
"Macapá (AP)";"40 a 49 anos";"10,3";"11,3";"8,3";"8,0";"8,6";"8,2";"9,2";"7,4";"7,7";"5,9"
"Macapá (AP)";"50 a 59 anos";"12,3";"10,6";"9,9";"11,0";"9,1";"7,0";"12,2";"9,7";"7,6";"6,0"
"Macapá (AP)";"60 anos ou mais";"9,9";"13,4";"11,6";"8,1";"11,0";"9,5";"9,0";"11,5";"8,0";"7,2"
"Macapá (AP)";"60 a 64 anos";"15,6";"17,2";"18,1";"15,9";"15,1";"18,9";"32,1";"15,8";"14,6";"12,2"
"Macapá (AP)";"65 anos ou mais";"13,0";"16,6";"12,7";"11,0";"14,2";"12,5";"13,5";"13,0";"10,0";"10,1"
"Grande São Luís (MA)";"0 a 4 anos";"15,6";"11,1";"11,9";"12,1";"12,7";"11,8";"11,8";"9,1";"16,0";"10,1"
"Grande São Luís (MA)";"5 a 13 anos";"10,0";"7,3";"7,4";"8,9";"8,8";"6,9";"7,0";"8,0";"6,7";"7,7"
"Grande São Luís (MA)";"5 a 9 anos";"13,8";"10,0";"9,3";"12,4";"9,8";"9,8";"9,5";"8,8";"9,3";"9,6"
"Grande São Luís (MA)";"10 a 13 anos";"12,5";"11,7";"10,3";"13,2";"13,4";"11,3";"10,0";"13,1";"10,2";"14,1"
"Grande São Luís (MA)";"14 a 17 anos";"11,8";"10,9";"10,9";"11,0";"10,3";"10,6";"8,9";"11,6";"9,7";"9,5"
"Grande São Luís (MA)";"14 a 15 anos";"15,2";"16,3";"14,2";"15,0";"13,8";"20,1";"14,4";"14,3";"14,1";"13,0"
"Grande São Luís (MA)";"16 a 17 anos";"14,9";"19,4";"15,8";"14,1";"17,3";"15,0";"14,1";"16,3";"13,0";"15,2"
"Grande São Luís (MA)";"18 a 19 anos";"18,8";"17,6";"11,6";"13,5";"14,7";"14,7";"14,2";"14,8";"14,7";"13,3"
"Grande São Luís (MA)";"20 a 24 anos";"10,9";"9,2";"9,8";"8,0";"9,3";"9,4";"9,6";"12,2";"8,0";"8,8"
"Grande São Luís (MA)";"25 a 29 anos";"12,0";"9,7";"10,8";"7,5";"9,2";"9,9";"10,0";"8,2";"9,1";"8,1"
"Grande São Luís (MA)";"30 a 39 anos";"7,1";"5,9";"6,7";"5,4";"6,1";"6,9";"6,5";"6,2";"5,6";"7,8"
"Grande São Luís (MA)";"40 a 49 anos";"8,4";"6,1";"6,1";"5,5";"8,0";"6,3";"5,7";"5,4";"8,2";"4,9"
"Grande São Luís (MA)";"50 a 59 anos";"8,6";"7,0";"9,6";"6,8";"7,1";"8,8";"7,9";"7,8";"7,3";"7,1"
"Grande São Luís (MA)";"60 anos ou mais";"9,2";"9,6";"10,0";"8,6";"10,6";"8,1";"8,8";"8,8";"7,4";"6,9"
"Grande São Luís (MA)";"60 a 64 anos";"13,6";"14,2";"13,6";"12,5";"16,5";"11,8";"16,4";"10,9";"11,2";"9,9"
"Grande São Luís (MA)";"65 anos ou mais";"11,4";"11,4";"13,2";"11,3";"14,6";"10,2";"10,4";"11,3";"9,5";"9,0"
"Fortaleza (CE)";"0 a 4 anos";"10,7";"13,1";"9,2";"12,3";"9,3";"9,5";"10,1";"10,0";"7,2";"9,2"
"Fortaleza (CE)";"5 a 13 anos";"9,3";"7,6";"6,1";"6,7";"7,0";"6,6";"6,1";"8,1";"5,7";"5,4"
"Fortaleza (CE)";"5 a 9 anos";"15,4";"10,5";"7,6";"8,5";"8,3";"8,9";"8,0";"9,4";"6,9";"7,2"
"Fortaleza (CE)";"10 a 13 anos";"11,5";"12,3";"8,6";"9,1";"9,1";"8,4";"9,3";"11,2";"9,3";"8,6"
"Fortaleza (CE)";"14 a 17 anos";"11,5";"8,8";"9,3";"8,0";"8,2";"7,9";"9,4";"10,9";"7,9";"8,0"
"Fortaleza (CE)";"14 a 15 anos";"15,9";"13,2";"13,1";"12,2";"11,5";"10,5";"14,7";"15,5";"11,8";"11,5"
"Fortaleza (CE)";"16 a 17 anos";"16,0";"11,3";"13,0";"11,1";"12,2";"10,7";"10,6";"13,2";"12,5";"11,9"
"Fortaleza (CE)";"18 a 19 anos";"14,6";"14,5";"11,2";"11,0";"13,0";"14,0";"15,2";"15,1";"12,8";"13,2"
"Fortaleza (CE)";"20 a 24 anos";"9,2";"9,4";"7,2";"8,4";"7,9";"7,1";"8,5";"8,6";"7,5";"7,5"
"Fortaleza (CE)";"25 a 29 anos";"11,2";"11,6";"7,1";"7,0";"7,6";"7,4";"8,9";"8,3";"7,9";"7,3"
"Fortaleza (CE)";"30 a 39 anos";"7,6";"6,7";"4,9";"4,6";"5,3";"4,4";"6,1";"4,8";"5,0";"4,8"
"Fortaleza (CE)";"40 a 49 anos";"6,9";"6,2";"5,7";"5,1";"6,2";"4,6";"5,7";"4,8";"4,8";"4,4"
"Fortaleza (CE)";"50 a 59 anos";"7,9";"6,8";"6,4";"5,7";"6,3";"5,3";"6,8";"5,1";"5,5";"5,4"
"Fortaleza (CE)";"60 anos ou mais";"9,2";"7,6";"5,7";"5,4";"6,4";"5,4";"5,3";"4,8";"5,5";"4,9"
"Fortaleza (CE)";"60 a 64 anos";"13,6";"13,6";"11,0";"9,0";"11,4";"8,8";"9,8";"8,9";"8,9";"8,1"
"Fortaleza (CE)";"65 anos ou mais";"11,5";"8,9";"6,7";"5,9";"8,2";"6,2";"6,1";"6,3";"6,9";"6,0"
"Natal (RN)";"0 a 4 anos";"21,2";"14,2";"13,1";"11,3";"9,0";"10,2";"14,6";"15,3";"12,7";"14,0"
"Natal (RN)";"5 a 13 anos";"12,2";"10,2";"6,7";"8,3";"7,8";"8,5";"8,3";"11,0";"7,9";"7,5"
"Natal (RN)";"5 a 9 anos";"15,2";"15,6";"10,9";"10,1";"10,3";"10,8";"10,9";"11,3";"11,8";"12,4"
"Natal (RN)";"10 a 13 anos";"16,1";"12,0";"12,7";"13,1";"13,2";"13,0";"13,2";"17,0";"9,7";"11,3"
"Natal (RN)";"14 a 17 anos";"16,7";"14,9";"11,8";"13,9";"12,1";"14,1";"13,7";"14,7";"10,7";"11,6"
"Natal (RN)";"14 a 15 anos";"19,7";"21,6";"17,4";"18,7";"16,9";"22,5";"16,5";"14,1";"18,4";"14,9"
"Natal (RN)";"16 a 17 anos";"23,1";"19,2";"16,5";"17,2";"15,0";"15,0";"29,3";"19,3";"17,8";"17,1"
"Natal (RN)";"18 a 19 anos";"19,3";"19,3";"14,2";"16,8";"17,6";"17,8";"21,1";"21,0";"20,4";"15,0"
"Natal (RN)";"20 a 24 anos";"29,5";"21,9";"11,7";"12,9";"12,0";"10,1";"12,5";"10,9";"12,6";"12,3"
"Natal (RN)";"25 a 29 anos";"15,7";"14,8";"10,8";"12,0";"11,9";"9,1";"15,7";"13,5";"9,1";"8,9"
"Natal (RN)";"30 a 39 anos";"8,8";"11,0";"8,9";"6,3";"7,3";"8,5";"8,2";"9,0";"6,8";"10,5"
"Natal (RN)";"40 a 49 anos";"8,5";"7,8";"8,5";"6,0";"7,2";"9,1";"6,4";"8,1";"7,0";"6,0"
"Natal (RN)";"50 a 59 anos";"11,3";"9,2";"8,2";"7,7";"8,9";"9,1";"9,1";"7,6";"9,4";"6,1"
"Natal (RN)";"60 anos ou mais";"10,6";"8,7";"6,9";"8,3";"9,0";"8,5";"8,2";"7,9";"7,6";"6,3"
"Natal (RN)";"60 a 64 anos";"14,8";"18,9";"10,5";"14,0";"14,6";"13,9";"13,0";"10,5";"11,8";"12,4"
"Natal (RN)";"65 anos ou mais";"12,6";"9,6";"9,2";"10,5";"10,4";"8,9";"10,3";"10,1";"9,0";"6,6"
"João Pessoa (PB)";"0 a 4 anos";"13,1";"14,9";"12,1";"11,5";"10,3";"10,6";"12,0";"11,7";"8,8";"9,2"
"João Pessoa (PB)";"5 a 13 anos";"9,4";"10,6";"9,0";"8,7";"5,4";"6,1";"7,2";"5,9";"6,5";"5,5"
"João Pessoa (PB)";"5 a 9 anos";"11,5";"12,6";"10,8";"12,4";"7,5";"9,8";"9,6";"9,7";"8,8";"9,7"
"João Pessoa (PB)";"10 a 13 anos";"13,0";"17,1";"11,9";"10,7";"12,3";"9,0";"12,1";"10,8";"10,9";"7,6"
"João Pessoa (PB)";"14 a 17 anos";"13,3";"14,2";"11,5";"11,2";"9,7";"10,2";"11,8";"11,8";"9,4";"9,7"
"João Pessoa (PB)";"14 a 15 anos";"23,1";"21,1";"16,7";"17,0";"12,3";"16,2";"15,9";"17,8";"12,3";"13,5"
"João Pessoa (PB)";"16 a 17 anos";"21,5";"19,4";"13,8";"17,2";"13,3";"14,9";"15,0";"14,8";"11,8";"13,9"
"João Pessoa (PB)";"18 a 19 anos";"18,3";"16,1";"16,5";"17,1";"11,4";"15,8";"13,5";"15,5";"13,8";"13,1"
"João Pessoa (PB)";"20 a 24 anos";"19,5";"10,0";"9,3";"8,2";"10,3";"9,9";"8,9";"9,0";"8,1";"6,6"
"João Pessoa (PB)";"25 a 29 anos";"13,0";"13,0";"10,1";"9,0";"11,3";"13,4";"9,3";"8,6";"8,7";"8,8"
"João Pessoa (PB)";"30 a 39 anos";"8,3";"7,6";"5,7";"6,1";"6,7";"5,7";"6,2";"5,4";"7,0";"5,5"
"João Pessoa (PB)";"40 a 49 anos";"7,3";"9,3";"5,9";"5,9";"6,1";"6,1";"6,2";"5,8";"4,9";"5,7"
"João Pessoa (PB)";"50 a 59 anos";"10,2";"8,3";"7,5";"6,7";"6,1";"6,5";"7,2";"5,9";"7,6";"6,1"
"João Pessoa (PB)";"60 anos ou mais";"10,8";"10,1";"7,9";"6,6";"7,7";"6,2";"8,2";"7,1";"6,6";"7,4"
"João Pessoa (PB)";"60 a 64 anos";"15,4";"14,7";"12,6";"11,4";"13,3";"10,7";"12,5";"10,6";"9,6";"10,2"
"João Pessoa (PB)";"65 anos ou mais";"12,6";"10,5";"9,2";"7,1";"8,9";"8,4";"9,6";"8,5";"10,5";"8,7"
"Recife (PE)";"0 a 4 anos";"8,9";"9,3";"8,8";"7,2";"9,4";"8,9";"7,8";"10,3";"8,1";"8,7"
"Recife (PE)";"5 a 13 anos";"6,1";"6,7";"6,4";"5,9";"6,2";"6,4";"4,7";"4,9";"5,2";"6,6"
"Recife (PE)";"5 a 9 anos";"8,5";"10,0";"8,6";"8,4";"8,3";"9,2";"6,3";"7,1";"8,0";"8,4"
"Recife (PE)";"10 a 13 anos";"10,1";"9,1";"9,0";"9,6";"8,6";"9,5";"8,0";"7,2";"7,6";"9,4"
"Recife (PE)";"14 a 17 anos";"8,5";"9,8";"9,2";"9,4";"8,9";"9,7";"9,5";"8,6";"6,6";"8,7"
"Recife (PE)";"14 a 15 anos";"12,9";"15,0";"13,3";"12,6";"10,7";"13,1";"16,8";"11,6";"11,2";"12,9"
"Recife (PE)";"16 a 17 anos";"12,3";"14,1";"15,1";"12,5";"12,7";"12,6";"11,1";"11,6";"11,3";"13,6"
"Recife (PE)";"18 a 19 anos";"12,9";"12,4";"11,5";"11,3";"11,3";"12,8";"13,6";"12,2";"12,5";"16,5"
"Recife (PE)";"20 a 24 anos";"10,6";"8,2";"8,4";"8,1";"7,1";"8,0";"8,1";"8,2";"8,6";"8,4"
"Recife (PE)";"25 a 29 anos";"8,0";"10,0";"8,4";"8,3";"9,1";"7,4";"8,6";"7,0";"9,0";"7,6"
"Recife (PE)";"30 a 39 anos";"5,8";"5,3";"4,9";"5,2";"5,1";"5,1";"5,1";"4,6";"5,6";"5,0"
"Recife (PE)";"40 a 49 anos";"4,4";"5,3";"4,5";"4,9";"5,0";"4,8";"4,1";"4,8";"6,5";"4,0"
"Recife (PE)";"50 a 59 anos";"6,5";"6,7";"6,0";"5,8";"5,2";"4,4";"5,3";"4,9";"5,8";"5,3"
"Recife (PE)";"60 anos ou mais";"6,5";"6,0";"5,3";"5,3";"6,1";"5,6";"5,3";"5,6";"5,9";"5,2"
"Recife (PE)";"60 a 64 anos";"10,6";"9,9";"9,2";"7,7";"9,3";"9,6";"9,0";"8,3";"11,2";"7,6"
"Recife (PE)";"65 anos ou mais";"8,1";"6,5";"7,1";"6,3";"7,8";"7,0";"6,9";"7,4";"7,2";"6,4"
"Maceió (AL)";"0 a 4 anos";"11,0";"11,3";"8,4";"7,3";"9,1";"8,7";"9,1";"8,1";"9,8";"8,4"
"Maceió (AL)";"5 a 13 anos";"8,0";"6,0";"5,6";"5,9";"6,1";"6,3";"6,6";"5,3";"5,7";"6,8"
"Maceió (AL)";"5 a 9 anos";"10,2";"10,3";"7,4";"9,6";"9,6";"10,0";"8,6";"7,4";"7,7";"9,7"
"Maceió (AL)";"10 a 13 anos";"14,6";"8,9";"10,0";"8,5";"8,6";"6,7";"8,9";"7,2";"10,2";"8,4"
"Maceió (AL)";"14 a 17 anos";"9,9";"11,0";"9,5";"8,3";"10,9";"9,6";"9,0";"8,5";"8,4";"8,2"
"Maceió (AL)";"14 a 15 anos";"12,5";"17,3";"14,4";"10,8";"14,9";"11,6";"11,7";"11,9";"11,2";"14,6"
"Maceió (AL)";"16 a 17 anos";"14,6";"14,6";"15,4";"14,1";"12,9";"15,5";"10,6";"12,6";"11,1";"11,5"
"Maceió (AL)";"18 a 19 anos";"16,4";"13,4";"14,3";"11,5";"14,8";"13,5";"10,7";"10,9";"10,9";"11,8"
"Maceió (AL)";"20 a 24 anos";"10,2";"10,6";"7,2";"7,4";"7,3";"6,0";"8,4";"7,4";"7,7";"8,3"
"Maceió (AL)";"25 a 29 anos";"9,5";"14,5";"7,9";"8,1";"7,6";"10,1";"6,9";"7,7";"8,1";"7,9"
"Maceió (AL)";"30 a 39 anos";"7,3";"6,4";"7,5";"5,1";"5,0";"5,5";"5,4";"5,1";"4,5";"4,7"
"Maceió (AL)";"40 a 49 anos";"6,2";"6,1";"5,3";"4,3";"5,7";"4,5";"3,9";"4,5";"4,8";"4,9"
"Maceió (AL)";"50 a 59 anos";"8,3";"7,0";"6,0";"5,7";"6,6";"5,1";"5,3";"5,5";"6,0";"6,6"
"Maceió (AL)";"60 anos ou mais";"7,4";"8,0";"7,3";"6,5";"6,9";"6,5";"6,8";"6,4";"6,4";"5,5"
"Maceió (AL)";"60 a 64 anos";"9,6";"12,3";"11,6";"10,3";"9,3";"10,8";"10,1";"8,7";"11,3";"8,5"
"Maceió (AL)";"65 anos ou mais";"9,6";"10,2";"8,6";"7,8";"9,3";"7,5";"9,0";"7,6";"7,9";"6,8"
"Aracaju (SE)";"0 a 4 anos";"16,6";"12,9";"13,9";"13,1";"15,5";"11,1";"11,8";"11,3";"10,9";"13,0"
"Aracaju (SE)";"5 a 13 anos";"7,9";"9,8";"8,3";"8,9";"8,7";"8,0";"8,6";"9,3";"6,8";"8,1"
"Aracaju (SE)";"5 a 9 anos";"14,2";"12,8";"11,6";"10,6";"10,8";"12,9";"13,0";"12,8";"9,3";"12,0"
"Aracaju (SE)";"10 a 13 anos";"13,6";"18,7";"11,1";"12,7";"13,5";"12,5";"11,8";"11,5";"11,8";"11,4"
"Aracaju (SE)";"14 a 17 anos";"15,2";"13,2";"14,9";"12,2";"11,6";"11,5";"11,6";"8,2";"10,4";"10,0"
"Aracaju (SE)";"14 a 15 anos";"25,7";"19,2";"19,5";"16,1";"16,2";"15,7";"19,8";"13,6";"13,5";"17,4"
"Aracaju (SE)";"16 a 17 anos";"21,4";"19,2";"20,1";"19,5";"15,9";"18,2";"15,0";"14,2";"17,5";"12,4"
"Aracaju (SE)";"18 a 19 anos";"16,6";"22,0";"15,1";"16,4";"17,3";"22,1";"12,0";"18,0";"14,8";"12,3"
"Aracaju (SE)";"20 a 24 anos";"12,3";"14,1";"11,0";"10,6";"8,9";"13,2";"11,6";"14,8";"10,9";"9,6"
"Aracaju (SE)";"25 a 29 anos";"12,1";"11,9";"9,3";"11,9";"8,9";"9,6";"10,6";"10,0";"9,4";"12,6"
"Aracaju (SE)";"30 a 39 anos";"7,8";"8,2";"7,3";"7,0";"6,6";"7,0";"7,6";"7,2";"7,1";"6,1"
"Aracaju (SE)";"40 a 49 anos";"9,9";"6,0";"9,7";"6,7";"9,3";"5,6";"6,9";"6,6";"7,4";"5,3"
"Aracaju (SE)";"50 a 59 anos";"9,5";"7,9";"7,6";"9,6";"9,6";"7,7";"8,5";"6,5";"8,4";"8,8"
"Aracaju (SE)";"60 anos ou mais";"14,7";"11,5";"9,2";"9,2";"7,4";"8,3";"10,3";"8,1";"8,9";"8,0"
"Aracaju (SE)";"60 a 64 anos";"19,4";"18,5";"14,8";"14,7";"11,4";"12,2";"12,7";"13,5";"14,5";"11,4"
"Aracaju (SE)";"65 anos ou mais";"17,8";"14,7";"11,1";"10,9";"11,3";"9,2";"13,1";"9,6";"10,2";"9,5"
"Salvador (BA)";"0 a 4 anos";"13,4";"16,7";"12,5";"12,3";"13,7";"10,8";"12,1";"12,6";"12,3";"12,0"
"Salvador (BA)";"5 a 13 anos";"9,1";"9,8";"6,3";"7,5";"8,0";"7,3";"6,4";"7,8";"7,6";"7,7"
"Salvador (BA)";"5 a 9 anos";"13,0";"11,8";"10,4";"9,9";"12,1";"10,0";"10,0";"10,4";"11,3";"10,8"
"Salvador (BA)";"10 a 13 anos";"15,2";"15,4";"12,0";"13,2";"10,0";"9,6";"10,7";"11,9";"11,8";"9,2"
"Salvador (BA)";"14 a 17 anos";"14,6";"12,6";"12,6";"14,1";"13,2";"12,5";"10,5";"11,1";"12,3";"12,8"
"Salvador (BA)";"14 a 15 anos";"21,1";"17,8";"17,2";"19,9";"17,2";"17,3";"13,6";"14,8";"15,7";"17,6"
"Salvador (BA)";"16 a 17 anos";"21,4";"18,4";"16,9";"19,0";"19,0";"16,9";"14,8";"18,0";"18,0";"16,8"
"Salvador (BA)";"18 a 19 anos";"21,5";"19,2";"16,6";"13,3";"15,0";"16,2";"17,9";"17,7";"17,6";"17,0"
"Salvador (BA)";"20 a 24 anos";"15,8";"9,9";"10,8";"10,0";"11,7";"12,4";"12,4";"7,8";"10,9";"9,2"
"Salvador (BA)";"25 a 29 anos";"12,9";"9,8";"14,7";"9,4";"8,7";"7,9";"11,3";"8,7";"11,3";"10,3"
"Salvador (BA)";"30 a 39 anos";"7,8";"7,9";"9,9";"5,7";"8,4";"6,7";"6,4";"6,0";"7,1";"5,9"
"Salvador (BA)";"40 a 49 anos";"8,2";"6,2";"7,1";"5,8";"7,0";"5,6";"6,8";"5,5";"5,0";"5,0"
"Salvador (BA)";"50 a 59 anos";"9,7";"9,8";"8,2";"6,0";"6,6";"7,1";"8,5";"6,5";"7,7";"6,0"
"Salvador (BA)";"60 anos ou mais";"10,8";"8,3";"8,8";"6,6";"7,1";"5,7";"8,6";"7,2";"7,3";"6,3"
"Salvador (BA)";"60 a 64 anos";"16,2";"11,1";"12,3";"10,9";"13,1";"11,6";"10,7";"10,6";"11,5";"9,0"
"Salvador (BA)";"65 anos ou mais";"12,5";"10,7";"12,4";"7,3";"8,3";"6,6";"11,3";"8,7";"9,4";"7,5"
"Belo Horizonte (MG)";"0 a 4 anos";"8,2";"8,4";"7,7";"9,9";"8,2";"7,4";"8,5";"11,5";"6,8";"8,4"
"Belo Horizonte (MG)";"5 a 13 anos";"5,8";"7,0";"6,5";"4,9";"6,0";"5,0";"5,5";"5,4";"4,9";"4,7"
"Belo Horizonte (MG)";"5 a 9 anos";"8,1";"8,5";"8,7";"7,4";"8,3";"6,8";"7,0";"7,5";"6,8";"7,4"
"Belo Horizonte (MG)";"10 a 13 anos";"10,1";"9,5";"8,9";"9,0";"7,6";"8,7";"8,6";"8,9";"7,6";"7,4"
"Belo Horizonte (MG)";"14 a 17 anos";"8,2";"8,6";"8,7";"8,3";"8,0";"8,6";"8,2";"9,6";"8,1";"9,3"
"Belo Horizonte (MG)";"14 a 15 anos";"11,7";"11,0";"14,6";"12,4";"9,8";"11,8";"14,9";"11,4";"11,5";"13,7"
"Belo Horizonte (MG)";"16 a 17 anos";"11,1";"11,7";"10,7";"11,4";"12,1";"12,8";"8,9";"14,9";"11,3";"12,6"
"Belo Horizonte (MG)";"18 a 19 anos";"11,5";"13,2";"11,4";"12,3";"12,2";"12,7";"10,0";"11,0";"10,5";"12,0"
"Belo Horizonte (MG)";"20 a 24 anos";"7,5";"7,1";"7,8";"6,4";"8,1";"8,2";"8,0";"8,6";"7,3";"6,9"
"Belo Horizonte (MG)";"25 a 29 anos";"7,2";"7,6";"9,2";"7,2";"6,9";"7,0";"7,0";"7,4";"6,1";"6,5"
"Belo Horizonte (MG)";"30 a 39 anos";"4,3";"4,2";"5,2";"5,2";"4,3";"4,2";"4,6";"4,4";"4,5";"4,0"
"Belo Horizonte (MG)";"40 a 49 anos";"4,1";"4,7";"4,6";"3,5";"5,2";"3,5";"5,3";"4,5";"4,1";"4,4"
"Belo Horizonte (MG)";"50 a 59 anos";"5,6";"4,9";"4,8";"5,1";"5,8";"4,7";"6,9";"4,9";"5,0";"5,1"
"Belo Horizonte (MG)";"60 anos ou mais";"4,8";"4,6";"5,8";"4,3";"5,0";"5,5";"6,1";"5,4";"4,8";"4,1"
"Belo Horizonte (MG)";"60 a 64 anos";"8,0";"7,2";"9,0";"7,4";"8,1";"8,3";"9,3";"8,2";"8,0";"7,1"
"Belo Horizonte (MG)";"65 anos ou mais";"6,9";"5,5";"6,8";"5,0";"6,4";"6,4";"7,2";"6,4";"5,3";"5,1"
"Grande Vitória (ES)";"0 a 4 anos";"10,9";"8,9";"7,5";"6,9";"8,2";"8,7";"8,0";"8,0";"7,5";"7,3"
"Grande Vitória (ES)";"5 a 13 anos";"6,8";"6,9";"6,3";"4,7";"6,2";"6,1";"5,8";"5,4";"5,2";"5,0"
"Grande Vitória (ES)";"5 a 9 anos";"10,2";"9,3";"6,5";"6,5";"7,4";"7,8";"7,7";"7,3";"8,4";"7,3"
"Grande Vitória (ES)";"10 a 13 anos";"9,5";"9,3";"13,1";"7,5";"11,2";"10,4";"8,0";"8,6";"7,5";"7,3"
"Grande Vitória (ES)";"14 a 17 anos";"9,0";"9,8";"10,0";"7,9";"8,4";"8,8";"9,8";"9,4";"7,2";"7,9"
"Grande Vitória (ES)";"14 a 15 anos";"13,4";"13,9";"14,6";"11,8";"13,4";"13,0";"12,3";"11,3";"9,9";"10,5"
"Grande Vitória (ES)";"16 a 17 anos";"11,6";"13,5";"12,6";"11,3";"12,3";"12,0";"12,7";"14,4";"11,1";"11,7"
"Grande Vitória (ES)";"18 a 19 anos";"15,3";"13,9";"12,2";"12,0";"11,6";"13,7";"12,1";"13,6";"13,5";"11,6"
"Grande Vitória (ES)";"20 a 24 anos";"8,6";"8,0";"6,6";"7,3";"8,2";"9,0";"7,8";"7,3";"6,8";"5,9"
"Grande Vitória (ES)";"25 a 29 anos";"9,0";"8,5";"8,8";"8,8";"6,5";"7,1";"8,5";"7,0";"7,7";"7,8"
"Grande Vitória (ES)";"30 a 39 anos";"4,2";"4,9";"5,5";"4,9";"4,6";"5,7";"5,1";"5,0";"5,0";"4,5"
"Grande Vitória (ES)";"40 a 49 anos";"5,7";"5,4";"4,7";"4,7";"5,9";"4,7";"4,8";"4,4";"4,7";"4,1"
"Grande Vitória (ES)";"50 a 59 anos";"6,6";"5,9";"6,4";"5,0";"6,0";"5,2";"5,4";"4,9";"5,5";"5,9"
"Grande Vitória (ES)";"60 anos ou mais";"7,1";"5,7";"6,1";"5,2";"7,4";"5,3";"5,5";"4,7";"5,1";"4,1"
"Grande Vitória (ES)";"60 a 64 anos";"9,8";"9,7";"9,6";"8,7";"9,2";"8,0";"8,4";"6,9";"8,8";"7,5"
"Grande Vitória (ES)";"65 anos ou mais";"8,5";"7,0";"7,3";"5,8";"10,2";"6,0";"6,3";"5,7";"5,7";"5,0"
"Rio de Janeiro (RJ)";"0 a 4 anos";"7,4";"7,1";"4,9";"6,0";"4,7";"6,0";"5,0";"5,3";"6,6";"6,0"
"Rio de Janeiro (RJ)";"5 a 13 anos";"4,2";"4,4";"3,7";"4,2";"3,3";"3,3";"3,3";"3,7";"3,4";"4,1"
"Rio de Janeiro (RJ)";"5 a 9 anos";"5,3";"6,4";"4,8";"6,0";"4,7";"4,3";"4,3";"4,6";"5,9";"6,4"
"Rio de Janeiro (RJ)";"10 a 13 anos";"6,2";"6,6";"5,7";"5,8";"4,7";"5,0";"4,8";"5,2";"4,4";"5,3"
"Rio de Janeiro (RJ)";"14 a 17 anos";"6,2";"6,1";"4,9";"5,2";"4,6";"5,9";"5,7";"5,3";"4,8";"5,6"
"Rio de Janeiro (RJ)";"14 a 15 anos";"8,6";"10,0";"7,7";"8,4";"7,0";"8,0";"8,1";"8,1";"7,5";"10,6"
"Rio de Janeiro (RJ)";"16 a 17 anos";"8,8";"9,4";"7,3";"7,0";"7,8";"7,6";"7,1";"7,5";"8,6";"8,0"
"Rio de Janeiro (RJ)";"18 a 19 anos";"9,4";"8,3";"7,4";"7,5";"7,9";"7,3";"7,5";"6,8";"9,0";"7,8"
"Rio de Janeiro (RJ)";"20 a 24 anos";"5,2";"5,2";"4,5";"4,1";"4,8";"4,9";"4,8";"4,4";"6,2";"5,8"
"Rio de Janeiro (RJ)";"25 a 29 anos";"5,4";"5,0";"5,3";"4,3";"4,4";"4,4";"4,5";"4,2";"4,5";"6,1"
"Rio de Janeiro (RJ)";"30 a 39 anos";"4,1";"3,6";"3,3";"3,1";"3,1";"2,6";"3,2";"2,9";"5,3";"3,0"
"Rio de Janeiro (RJ)";"40 a 49 anos";"3,6";"3,3";"3,3";"2,8";"2,5";"2,6";"2,6";"2,2";"2,9";"2,6"
"Rio de Janeiro (RJ)";"50 a 59 anos";"3,6";"3,0";"3,3";"2,7";"3,1";"2,9";"2,8";"2,7";"3,8";"2,4"
"Rio de Janeiro (RJ)";"60 anos ou mais";"3,7";"3,0";"3,2";"2,3";"2,6";"2,5";"2,9";"2,5";"2,9";"2,3"
"Rio de Janeiro (RJ)";"60 a 64 anos";"6,2";"5,1";"4,9";"4,2";"4,5";"4,5";"4,7";"3,9";"5,6";"6,5"
"Rio de Janeiro (RJ)";"65 anos ou mais";"4,3";"3,5";"3,7";"2,8";"3,3";"2,8";"3,5";"3,0";"3,7";"3,2"
"São Paulo (SP)";"0 a 4 anos";"6,5";"7,5";"6,0";"5,6";"5,7";"6,3";"5,8";"6,4";"5,6";"5,5"
"São Paulo (SP)";"5 a 13 anos";"3,9";"4,3";"3,8";"4,1";"4,1";"4,1";"3,4";"4,1";"3,6";"3,5"
"São Paulo (SP)";"5 a 9 anos";"5,7";"6,3";"5,4";"5,4";"5,4";"5,0";"4,9";"5,6";"5,4";"5,6"
"São Paulo (SP)";"10 a 13 anos";"5,7";"6,1";"6,4";"6,4";"5,6";"6,6";"5,3";"5,6";"6,1";"4,6"
"São Paulo (SP)";"14 a 17 anos";"6,8";"5,6";"6,6";"6,2";"5,3";"5,4";"5,5";"4,9";"8,5";"9,1"
"São Paulo (SP)";"14 a 15 anos";"8,6";"8,7";"8,2";"13,1";"8,1";"7,8";"8,7";"7,3";"9,2";"9,1"
"São Paulo (SP)";"16 a 17 anos";"9,1";"7,6";"10,4";"10,0";"8,2";"7,5";"7,4";"7,9";"13,9";"13,4"
"São Paulo (SP)";"18 a 19 anos";"9,9";"9,9";"9,2";"9,9";"7,5";"7,7";"8,4";"10,6";"10,5";"9,6"
"São Paulo (SP)";"20 a 24 anos";"5,1";"5,7";"5,8";"5,6";"4,7";"5,7";"5,2";"4,9";"5,2";"5,1"
"São Paulo (SP)";"25 a 29 anos";"5,8";"6,0";"4,9";"5,1";"4,9";"4,7";"4,5";"5,0";"4,5";"5,1"
"São Paulo (SP)";"30 a 39 anos";"3,6";"3,1";"3,7";"3,0";"3,6";"3,3";"3,2";"3,0";"4,1";"3,3"
"São Paulo (SP)";"40 a 49 anos";"4,0";"2,9";"3,5";"3,1";"3,1";"3,2";"3,0";"3,0";"3,4";"3,0"
"São Paulo (SP)";"50 a 59 anos";"3,6";"3,7";"4,2";"3,6";"3,2";"3,0";"3,2";"2,9";"4,2";"3,8"
"São Paulo (SP)";"60 anos ou mais";"4,0";"3,3";"3,7";"3,7";"3,8";"3,7";"3,2";"2,8";"4,1";"3,8"
"São Paulo (SP)";"60 a 64 anos";"6,2";"6,1";"8,0";"5,5";"5,5";"5,2";"5,6";"5,1";"6,0";"5,8"
"São Paulo (SP)";"65 anos ou mais";"5,0";"3,8";"4,4";"4,0";"4,5";"4,0";"3,7";"3,3";"4,9";"4,3"
"Curitiba (PR)";"0 a 4 anos";"9,7";"10,0";"10,1";"10,9";"10,4";"8,7";"9,5";"8,2";"9,5";"9,5"
"Curitiba (PR)";"5 a 13 anos";"7,7";"7,0";"6,3";"6,6";"4,9";"6,8";"4,8";"5,9";"5,9";"5,3"
"Curitiba (PR)";"5 a 9 anos";"11,3";"9,3";"8,7";"9,0";"8,2";"8,9";"8,0";"7,6";"6,7";"8,0"
"Curitiba (PR)";"10 a 13 anos";"10,9";"9,2";"8,3";"9,0";"8,8";"8,3";"9,3";"8,5";"9,6";"8,1"
"Curitiba (PR)";"14 a 17 anos";"10,4";"11,2";"11,8";"10,2";"7,3";"10,1";"9,4";"7,9";"8,8";"9,0"
"Curitiba (PR)";"14 a 15 anos";"14,5";"16,8";"19,4";"17,9";"11,1";"11,7";"13,1";"12,4";"14,2";"10,6"
"Curitiba (PR)";"16 a 17 anos";"15,2";"14,7";"11,4";"14,3";"11,2";"16,7";"13,9";"11,6";"9,8";"16,2"
"Curitiba (PR)";"18 a 19 anos";"13,3";"15,2";"12,6";"12,4";"12,5";"13,4";"12,9";"13,1";"12,0";"10,9"
"Curitiba (PR)";"20 a 24 anos";"8,6";"9,9";"7,9";"7,7";"8,6";"7,6";"7,2";"6,4";"8,9";"7,0"
"Curitiba (PR)";"25 a 29 anos";"8,5";"7,8";"7,7";"8,4";"7,4";"7,7";"6,8";"7,5";"8,2";"7,8"
"Curitiba (PR)";"30 a 39 anos";"5,3";"6,0";"5,2";"5,1";"5,6";"4,5";"4,2";"4,8";"5,2";"5,2"
"Curitiba (PR)";"40 a 49 anos";"5,7";"6,7";"5,9";"4,6";"4,6";"4,5";"5,2";"4,0";"4,3";"3,5"
"Curitiba (PR)";"50 a 59 anos";"6,9";"6,0";"6,0";"5,5";"6,5";"6,1";"5,5";"4,3";"5,5";"5,8"
"Curitiba (PR)";"60 anos ou mais";"5,9";"5,0";"6,2";"5,3";"5,7";"4,5";"5,1";"4,6";"5,2";"4,4"
"Curitiba (PR)";"60 a 64 anos";"10,4";"7,8";"8,9";"9,6";"7,7";"10,3";"9,5";"8,2";"8,4";"8,0"
"Curitiba (PR)";"65 anos ou mais";"6,5";"5,7";"7,8";"5,5";"6,9";"5,5";"5,8";"5,4";"6,3";"5,7"
"Florianópolis (SC)";"0 a 4 anos";"21,9";"28,5";"12,1";"12,0";"13,8";"12,9";"16,8";"13,6";"12,0";"11,8"
"Florianópolis (SC)";"5 a 13 anos";"20,9";"16,0";"12,2";"9,3";"7,0";"10,1";"8,3";"9,8";"9,0";"7,1"
"Florianópolis (SC)";"5 a 9 anos";"40,0";"20,2";"13,1";"12,2";"8,6";"15,7";"11,6";"13,7";"12,9";"9,4"
"Florianópolis (SC)";"10 a 13 anos";"27,6";"20,5";"17,8";"15,1";"13,6";"13,8";"11,9";"12,9";"12,0";"11,1"
"Florianópolis (SC)";"14 a 17 anos";"20,6";"25,5";"13,3";"12,8";"11,9";"15,2";"11,6";"12,8";"11,6";"11,0"
"Florianópolis (SC)";"14 a 15 anos";"19,1";"31,3";"20,2";"19,5";"14,5";"25,0";"19,6";"23,4";"14,1";"17,2"
"Florianópolis (SC)";"16 a 17 anos";"32,0";"33,5";"18,9";"18,0";"22,3";"16,6";"16,3";"15,9";"17,5";"14,2"
"Florianópolis (SC)";"18 a 19 anos";"24,4";"30,8";"18,6";"14,9";"26,6";"20,8";"16,9";"16,1";"16,3";"16,1"
"Florianópolis (SC)";"20 a 24 anos";"18,1";"18,6";"11,6";"10,1";"10,9";"12,8";"11,0";"9,1";"10,3";"10,5"
"Florianópolis (SC)";"25 a 29 anos";"18,0";"18,3";"10,8";"11,4";"12,9";"9,5";"8,6";"9,5";"12,5";"8,2"
"Florianópolis (SC)";"30 a 39 anos";"12,6";"12,0";"7,5";"7,1";"6,0";"7,5";"6,2";"7,1";"7,6";"5,2"
"Florianópolis (SC)";"40 a 49 anos";"11,1";"13,3";"5,8";"6,2";"5,8";"7,5";"8,0";"6,5";"6,9";"5,7"
"Florianópolis (SC)";"50 a 59 anos";"13,1";"11,8";"6,5";"6,6";"7,3";"8,8";"7,0";"7,9";"6,1";"7,1"
"Florianópolis (SC)";"60 anos ou mais";"11,0";"10,5";"6,1";"5,4";"7,7";"6,9";"7,0";"6,1";"5,4";"6,0"
"Florianópolis (SC)";"60 a 64 anos";"15,4";"19,1";"10,6";"9,2";"12,4";"11,6";"12,4";"11,2";"9,5";"9,3"
"Florianópolis (SC)";"65 anos ou mais";"13,5";"11,1";"8,1";"6,5";"10,2";"9,4";"8,1";"7,3";"7,5";"7,0"
"Porto Alegre (RS)";"0 a 4 anos";"9,4";"10,7";"9,5";"8,1";"8,1";"8,6";"9,7";"8,2";"6,7";"8,4"
"Porto Alegre (RS)";"5 a 13 anos";"6,5";"8,0";"5,8";"6,0";"5,7";"5,7";"5,6";"6,1";"5,5";"5,8"
"Porto Alegre (RS)";"5 a 9 anos";"7,9";"8,9";"8,3";"7,1";"7,6";"7,1";"7,7";"7,8";"8,0";"9,2"
"Porto Alegre (RS)";"10 a 13 anos";"11,7";"12,6";"9,4";"9,9";"9,0";"9,2";"8,3";"9,3";"7,1";"7,4"
"Porto Alegre (RS)";"14 a 17 anos";"9,8";"9,6";"8,7";"11,1";"7,9";"8,8";"9,0";"8,6";"8,9";"7,8"
"Porto Alegre (RS)";"14 a 15 anos";"15,0";"15,4";"11,7";"17,2";"11,8";"11,3";"11,2";"11,9";"12,7";"11,6"
"Porto Alegre (RS)";"16 a 17 anos";"16,7";"12,3";"12,3";"14,1";"10,2";"13,7";"12,1";"11,7";"13,2";"10,7"
"Porto Alegre (RS)";"18 a 19 anos";"12,6";"13,6";"10,8";"11,1";"10,9";"16,2";"11,2";"11,5";"13,6";"14,6"
"Porto Alegre (RS)";"20 a 24 anos";"7,9";"8,5";"7,1";"7,5";"6,4";"7,1";"8,5";"7,7";"6,7";"7,8"
"Porto Alegre (RS)";"25 a 29 anos";"8,9";"8,5";"9,4";"8,1";"7,6";"7,0";"6,7";"7,2";"7,2";"7,8"
"Porto Alegre (RS)";"30 a 39 anos";"5,1";"4,9";"4,3";"4,7";"5,1";"4,1";"5,4";"4,4";"4,5";"4,6"
"Porto Alegre (RS)";"40 a 49 anos";"6,6";"5,7";"4,6";"4,4";"5,0";"4,0";"4,8";"4,3";"4,2";"4,5"
"Porto Alegre (RS)";"50 a 59 anos";"5,6";"6,0";"5,2";"4,3";"5,5";"4,6";"5,0";"4,9";"5,0";"4,6"
"Porto Alegre (RS)";"60 anos ou mais";"5,0";"4,2";"4,5";"4,0";"4,5";"3,9";"4,4";"4,0";"4,9";"4,3"
"Porto Alegre (RS)";"60 a 64 anos";"7,5";"6,8";"6,9";"6,9";"7,2";"6,4";"9,1";"6,5";"8,6";"7,2"
"Porto Alegre (RS)";"65 anos ou mais";"5,8";"5,2";"5,6";"4,9";"5,4";"4,7";"5,3";"4,7";"5,7";"5,1"
"Vale do Rio Cuiabá (MT)";"0 a 4 anos";"12,3";"13,2";"9,2";"12,3";"10,0";"12,3";"10,7";"10,6";"9,3";"10,2"
"Vale do Rio Cuiabá (MT)";"5 a 13 anos";"10,3";"7,7";"8,5";"9,3";"6,9";"9,3";"6,9";"9,7";"8,2";"7,4"
"Vale do Rio Cuiabá (MT)";"5 a 9 anos";"17,0";"14,0";"13,0";"11,0";"10,0";"14,1";"9,9";"11,7";"9,3";"9,8"
"Vale do Rio Cuiabá (MT)";"10 a 13 anos";"14,3";"13,1";"11,3";"14,1";"10,5";"13,1";"11,6";"12,8";"13,2";"9,1"
"Vale do Rio Cuiabá (MT)";"14 a 17 anos";"14,9";"13,5";"14,8";"8,9";"12,6";"14,3";"13,1";"14,6";"11,4";"13,2"
"Vale do Rio Cuiabá (MT)";"14 a 15 anos";"18,6";"17,2";"20,9";"13,4";"19,3";"15,6";"17,7";"15,0";"15,8";"16,5"
"Vale do Rio Cuiabá (MT)";"16 a 17 anos";"23,5";"19,0";"18,5";"13,8";"14,8";"19,9";"17,2";"24,9";"18,1";"14,5"
"Vale do Rio Cuiabá (MT)";"18 a 19 anos";"19,6";"19,7";"16,1";"15,5";"17,9";"15,8";"15,4";"18,8";"18,0";"14,9"
"Vale do Rio Cuiabá (MT)";"20 a 24 anos";"12,2";"13,4";"10,2";"13,4";"15,5";"9,2";"13,8";"9,5";"10,5";"11,9"
"Vale do Rio Cuiabá (MT)";"25 a 29 anos";"15,7";"12,3";"12,4";"11,6";"10,8";"11,0";"10,6";"11,5";"9,2";"10,0"
"Vale do Rio Cuiabá (MT)";"30 a 39 anos";"10,6";"7,6";"6,1";"6,7";"7,1";"6,6";"7,4";"7,5";"7,1";"5,5"
"Vale do Rio Cuiabá (MT)";"40 a 49 anos";"9,7";"8,1";"8,0";"7,9";"6,6";"6,7";"6,7";"6,8";"6,4";"5,9"
"Vale do Rio Cuiabá (MT)";"50 a 59 anos";"13,9";"10,2";"9,3";"8,3";"9,2";"8,2";"9,1";"9,6";"9,3";"7,9"
"Vale do Rio Cuiabá (MT)";"60 anos ou mais";"12,6";"10,4";"9,0";"9,9";"7,7";"8,0";"8,8";"8,2";"7,5";"6,6"
"Vale do Rio Cuiabá (MT)";"60 a 64 anos";"19,0";"14,1";"14,9";"13,1";"14,5";"15,4";"13,2";"12,1";"16,3";"10,1"
"Vale do Rio Cuiabá (MT)";"65 anos ou mais";"15,0";"13,0";"10,6";"12,0";"8,7";"7,8";"11,1";"10,9";"7,8";"8,0"
"Goiânia (GO)";"0 a 4 anos";"11,3";"9,2";"9,9";"10,2";"8,7";"10,5";"9,3";"9,4";"10,5";"9,4"
"Goiânia (GO)";"5 a 13 anos";"8,1";"6,6";"7,4";"7,2";"9,7";"7,3";"6,7";"6,6";"5,8";"7,0"
"Goiânia (GO)";"5 a 9 anos";"12,3";"9,3";"10,2";"10,1";"10,4";"10,5";"8,6";"8,2";"9,0";"9,0"
"Goiânia (GO)";"10 a 13 anos";"9,4";"11,3";"13,2";"11,9";"12,3";"10,1";"8,7";"9,4";"9,7";"11,1"
"Goiânia (GO)";"14 a 17 anos";"9,3";"9,2";"10,3";"11,9";"10,7";"9,0";"9,2";"10,6";"10,1";"7,8"
"Goiânia (GO)";"14 a 15 anos";"14,9";"14,4";"17,7";"20,0";"15,0";"12,9";"14,2";"16,1";"18,5";"12,6"
"Goiânia (GO)";"16 a 17 anos";"15,2";"13,3";"14,9";"13,2";"15,8";"13,3";"11,8";"14,9";"12,6";"12,4"
"Goiânia (GO)";"18 a 19 anos";"13,5";"12,6";"15,4";"12,3";"11,4";"10,6";"13,3";"12,9";"12,8";"15,3"
"Goiânia (GO)";"20 a 24 anos";"8,5";"9,6";"7,9";"7,8";"8,9";"7,2";"8,7";"9,1";"8,7";"10,4"
"Goiânia (GO)";"25 a 29 anos";"9,3";"8,5";"8,5";"9,1";"8,1";"7,7";"7,4";"8,6";"8,5";"7,9"
"Goiânia (GO)";"30 a 39 anos";"6,6";"4,7";"6,1";"5,7";"5,5";"6,0";"5,4";"5,1";"6,1";"5,1"
"Goiânia (GO)";"40 a 49 anos";"5,9";"5,0";"5,6";"6,1";"6,7";"4,9";"7,5";"4,5";"5,1";"5,8"
"Goiânia (GO)";"50 a 59 anos";"6,5";"6,4";"7,2";"6,5";"7,7";"5,8";"7,2";"5,8";"5,1";"6,0"
"Goiânia (GO)";"60 anos ou mais";"6,7";"6,9";"6,3";"5,5";"7,1";"6,3";"7,2";"6,3";"6,5";"5,4"
"Goiânia (GO)";"60 a 64 anos";"11,0";"12,4";"11,0";"8,6";"10,5";"9,0";"10,9";"8,9";"12,3";"9,4"
"Goiânia (GO)";"65 anos ou mais";"8,8";"7,1";"7,1";"7,0";"8,0";"7,1";"8,0";"7,4";"7,7";"5,6"
"Fonte: IBGE. Pesquisa Nacional por Amostra de Domicílios Contínua, acumulado de primeiras visitas, exceto 2020-2021, acumulado de quintas visitas, devido à pandemia de Covid-19."

"Notas"
"A partir de 2025, as estimativas deste tema passaram a ser divulgadas com base na nova ponderação da pesquisa, conforme a Nota Técnica 02/2025. Consequentemente, a série histórica dos indicadores foi atualizada."
""
"Legenda"
"Símbolo";"Significado"
"-";"Zero absoluto, não resultante de um cálculo ou arredondamento.
Ex: Em determinado município não existem pessoas de 14 anos de idade sem instrução."
"0";"Zero resultante de um cálculo ou arredondamento.
Ex: A inflação do feijão em determinada Região Metropolitana foi 0.
Determinado município produziu 400 kg de sementes de girassol e os dados da tabela são expressos em toneladas."
"X";"Valor inibido para não identificar o informante.
Ex: Determinado município só possui uma empresa produtora de cimento, logo o valor de sua produção deve ser inibido."
"..";"Valor não se aplica.
Ex: Não se pode obter o total da produção agrícola em determinado município quando os produtos agrícolas são contabilizados com unidades de medida distintas."
"...";"Valor não disponível.
Ex: A produção de feijão em determinado município não foi pesquisada ou determinado município não existia no ano da pesquisa."
"A a Z
(exceto X)";"Significa uma faixa de valores. Varia em função da tabela (se for o caso).
Ex: O nível de precisão da produção estimada de combustíveis está na faixa A (95 a 100%)"
